date,0x64192819Ac13Ef72bF6b5AE239AC672B43a9AF08,0x1A2a1c938CE3eC39b6D47113c7955bAa9DD454F2
2020-01-01,0.0,0.0
2020-01-02,0.0,0.0
2020-01-03,0.0,0.0
2020-01-04,0.0,0.0
2020-01-05,0.0,0.0
2020-01-06,0.0,0.0
2020-01-07,0.0,0.0
2020-01-08,0.0,0.0
2020-01-09,0.0,0.0
2020-01-10,0.0,0.0
2020-01-11,0.0,0.0
2020-01-12,0.0,0.0
2020-01-13,0.0,0.0
2020-01-14,0.0,0.0
2020-01-15,0.0,0.0
2020-01-16,0.0,0.0
2020-01-17,0.0,0.0
2020-01-18,0.0,0.0
2020-01-19,0.0,0.0
2020-01-20,0.0,0.0
2020-01-21,0.0,0.0
2020-01-22,0.0,0.0
2020-01-23,0.0,0.0
2020-01-24,0.0,0.0
2020-01-25,0.0,0.0
2020-01-26,0.0,0.0
2020-01-27,0.0,0.0
2020-01-28,0.0,0.0
2020-01-29,0.0,0.0
2020-01-30,0.0,0.0
2020-01-31,0.0,0.0
2020-02-01,0.0,0.0
2020-02-02,0.0,0.0
2020-02-03,0.0,0.0
2020-02-04,0.0,0.0
2020-02-05,0.0,0.0
2020-02-06,0.0,0.0
2020-02-07,0.0,0.0
2020-02-08,0.0,0.0
2020-02-09,0.0,0.0
2020-02-10,0.0,0.0
2020-02-11,0.0,0.0
2020-02-12,0.0,0.0
2020-02-13,0.0,0.0
2020-02-14,0.0,0.0
2020-02-15,0.0,0.0
2020-02-16,0.0,0.0
2020-02-17,0.0,0.0
2020-02-18,0.0,0.0
2020-02-19,0.0,0.0
2020-02-20,0.0,0.0
2020-02-21,0.0,0.0
2020-02-22,0.0,0.0
2020-02-23,0.0,0.0
2020-02-24,0.0,0.0
2020-02-25,0.0,0.0
2020-02-26,0.0,0.0
2020-02-27,0.0,0.0
2020-02-28,0.0,0.0
2020-02-29,0.0,0.0
2020-03-01,0.0,0.0
2020-03-02,0.0,0.0
2020-03-03,0.0,0.0
2020-03-04,0.0,0.0
2020-03-05,0.0,0.0
2020-03-06,0.0,0.0
2020-03-07,0.0,0.0
2020-03-08,0.0,0.0
2020-03-09,0.0,0.0
2020-03-10,0.0,0.0
2020-03-11,0.0,0.0
2020-03-12,0.0,0.0
2020-03-13,0.0,0.0
2020-03-14,0.0,0.0
2020-03-15,0.0,0.0
2020-03-16,0.0,0.0
2020-03-17,0.0,0.0
2020-03-18,0.0,0.0
2020-03-19,0.0,0.0
2020-03-20,0.0,0.0
2020-03-21,0.0,0.0
2020-03-22,0.0,0.0
2020-03-23,0.0,0.0
2020-03-24,0.0,0.0
2020-03-25,0.0,0.0
2020-03-26,0.0,0.0
2020-03-27,0.0,0.0
2020-03-28,0.0,0.0
2020-03-29,0.0,0.0
2020-03-30,0.0,0.0
2020-03-31,0.0,0.0
2020-04-01,0.0,0.0
2020-04-02,0.0,0.0
2020-04-03,0.0,0.0
2020-04-04,0.0,0.0
2020-04-05,0.0,0.0
2020-04-06,0.0,0.0
2020-04-07,0.0,0.0
2020-04-08,0.0,0.0
2020-04-09,0.0,0.0
2020-04-10,0.0,0.0
2020-04-11,0.0,0.0
2020-04-12,0.0,0.0
2020-04-13,0.0,0.0
2020-04-14,0.0,0.0
2020-04-15,0.0,0.0
2020-04-16,0.0,0.0
2020-04-17,0.0,0.0
2020-04-18,0.0,0.0
2020-04-19,0.0,0.0
2020-04-20,0.0,0.0
2020-04-21,0.0,0.0
2020-04-22,0.0,0.0
2020-04-23,0.0,0.0
2020-04-24,0.0,0.0
2020-04-25,0.0,0.0
2020-04-26,0.0,0.0
2020-04-27,0.0,0.0
2020-04-28,0.0,0.0
2020-04-29,0.0,0.0
2020-04-30,0.0,0.0
2020-05-01,0.0,0.0
2020-05-02,0.0,0.0
2020-05-03,0.0,0.0
2020-05-04,0.0,0.0
2020-05-05,0.0,0.0
2020-05-06,0.0,0.0
2020-05-07,0.0,0.0
2020-05-08,0.0,0.0
2020-05-09,0.0,0.0
2020-05-10,0.0,0.0
2020-05-11,0.0,0.0
2020-05-12,0.0,0.0
2020-05-13,0.0,0.0
2020-05-14,0.0,0.0
2020-05-15,0.0,0.0
2020-05-16,0.0,0.0
2020-05-17,0.0,0.0
2020-05-18,0.0,0.0
2020-05-19,0.0,0.0
2020-05-20,0.0,0.0
2020-05-21,0.0,0.0
2020-05-22,0.0,0.0
2020-05-23,0.0,0.0
2020-05-24,0.0,0.0
2020-05-25,0.0,0.0
2020-05-26,0.0,0.0
2020-05-27,0.0,0.0
2020-05-28,0.0,0.0
2020-05-29,0.0,0.0
2020-05-30,0.0,0.0
2020-05-31,0.0,0.0
2020-06-01,0.0,0.0
2020-06-02,0.0,0.0
2020-06-03,0.0,0.0
2020-06-04,0.0,0.0
2020-06-05,0.0,0.0
2020-06-06,0.0,0.0
2020-06-07,0.0,0.0
2020-06-08,0.0,0.0
2020-06-09,0.0,0.0
2020-06-10,0.0,0.0
2020-06-11,0.0,0.0
2020-06-12,0.0,0.0
2020-06-13,0.0,0.0
2020-06-14,0.0,0.0
2020-06-15,0.0,0.0
2020-06-16,0.0,0.0
2020-06-17,0.0,0.0
2020-06-18,0.0,0.0
2020-06-19,0.0,0.0
2020-06-20,0.0,0.0
2020-06-21,0.0,0.0
2020-06-22,0.0,0.0
2020-06-23,0.0,0.0
2020-06-24,0.0,0.0
2020-06-25,0.0,0.0
2020-06-26,0.0,0.0
2020-06-27,0.0,0.0
2020-06-28,0.0,0.0
2020-06-29,0.0,0.0
2020-06-30,0.0,0.0
2020-07-01,0.0,0.0
2020-07-02,0.0,0.0
2020-07-03,0.0,0.0
2020-07-04,0.0,0.0
2020-07-05,0.0,0.0
2020-07-06,0.0,0.0
2020-07-07,0.0,0.0
2020-07-08,0.0,0.0
2020-07-09,0.0,0.0
2020-07-10,0.0,0.0
2020-07-11,0.0,0.0
2020-07-12,0.0,0.0
2020-07-13,0.0,0.0
2020-07-14,0.0,0.0
2020-07-15,0.0,0.0
2020-07-16,0.0,0.0
2020-07-17,0.0,0.0
2020-07-18,0.0,0.0
2020-07-19,0.0,0.0
2020-07-20,0.0,0.0
2020-07-21,0.0,0.0
2020-07-22,0.0,0.0
2020-07-23,0.0,0.0
2020-07-24,0.0,0.0
2020-07-25,0.0,0.0
2020-07-26,0.0,0.0
2020-07-27,0.0,0.0
2020-07-28,0.0,0.0
2020-07-29,0.0,0.0
2020-07-30,0.0,0.0
2020-07-31,0.0,0.0
2020-08-01,0.0,0.0
2020-08-02,0.0,0.0
2020-08-03,0.0,0.0
2020-08-04,0.0,0.0
2020-08-05,0.0,0.0
2020-08-06,0.0,0.0
2020-08-07,0.0,0.0
2020-08-08,0.0,0.0
2020-08-09,0.0,0.0
2020-08-10,0.0,0.0
2020-08-11,0.0,0.0
2020-08-12,0.0,0.0
2020-08-13,0.0,0.0
2020-08-14,0.0,0.0
2020-08-15,0.0,0.0
2020-08-16,0.0,0.0
2020-08-17,0.0,0.0
2020-08-18,0.0,0.0
2020-08-19,0.0,0.0
2020-08-20,0.0,0.0
2020-08-21,0.0,0.0
2020-08-22,0.0,0.0
2020-08-23,0.0,0.0
2020-08-24,0.0,0.0
2020-08-25,0.0,0.0
2020-08-26,0.0,0.0
2020-08-27,0.0,0.0
2020-08-28,0.0,0.0
2020-08-29,0.0,0.0
2020-08-30,0.0,0.0
2020-08-31,0.0,0.0
2020-09-01,0.0,0.0
2020-09-02,0.0,0.0
2020-09-03,0.0,0.0
2020-09-04,0.0,0.0
2020-09-05,0.0,0.0
2020-09-06,0.0,0.0
2020-09-07,0.0,0.0
2020-09-08,0.0,0.0
2020-09-09,0.0,0.0
2020-09-10,0.0,0.0
2020-09-11,0.0,0.0
2020-09-12,0.0,0.0
2020-09-13,0.0,0.0
2020-09-14,0.0,0.0
2020-09-15,0.0,0.0
2020-09-16,0.0,0.0
2020-09-17,0.0,0.0
2020-09-18,0.0,0.0
2020-09-19,0.0,0.0
2020-09-20,0.0,0.0
2020-09-21,0.0,0.0
2020-09-22,0.0,0.0
2020-09-23,0.0,0.0
2020-09-24,0.0,0.0
2020-09-25,0.0,0.0
2020-09-26,0.0,0.0
2020-09-27,0.0,0.0
2020-09-28,0.0,0.0
2020-09-29,0.0,0.0
2020-09-30,0.0,0.0
2020-10-01,0.0,0.0
2020-10-02,0.0,0.0
2020-10-03,0.0,0.0
2020-10-04,0.0,0.0
2020-10-05,0.0,0.0
2020-10-06,0.0,0.0
2020-10-07,0.0,0.0
2020-10-08,0.0,0.0
2020-10-09,0.0,0.0
2020-10-10,0.0,0.0
2020-10-11,0.0,0.0
2020-10-12,0.0,0.0
2020-10-13,0.0,0.0
2020-10-14,0.0,0.0
2020-10-15,0.0,0.0
2020-10-16,0.0,0.0
2020-10-17,0.0,0.0
2020-10-18,0.0,0.0
2020-10-19,0.0,0.0
2020-10-20,0.0,0.0
2020-10-21,0.0,0.0
2020-10-22,0.0,0.0
2020-10-23,0.0,0.0
2020-10-24,0.0,0.0
2020-10-25,0.0,0.0
2020-10-26,0.0,0.0
2020-10-27,0.0,0.0
2020-10-28,0.0,0.0
2020-10-29,0.0,0.0
2020-10-30,0.0,0.0
2020-10-31,0.0,0.0
2020-11-01,0.0,0.0
2020-11-02,0.0,0.0
2020-11-03,0.0,0.0
2020-11-04,0.0,0.0
2020-11-05,0.0,0.0
2020-11-06,0.0,0.0
2020-11-07,0.0,0.0
2020-11-08,0.0,0.0
2020-11-09,0.0,0.0
2020-11-10,0.0,0.0
2020-11-11,0.0,0.0
2020-11-12,0.0,0.0
2020-11-13,0.0,0.0
2020-11-14,0.0,0.0
2020-11-15,0.0,0.0
2020-11-16,0.0,0.0
2020-11-17,0.0,0.0
2020-11-18,0.0,0.0
2020-11-19,0.0,0.0
2020-11-20,0.0,0.0
2020-11-21,0.0,0.0
2020-11-22,0.0,0.0
2020-11-23,0.0,0.0
2020-11-24,0.0,0.0
2020-11-25,0.0,0.0
2020-11-26,0.0,0.0
2020-11-27,0.0,0.0
2020-11-28,0.0,0.0
2020-11-29,0.0,0.0
2020-11-30,0.0,0.0
2020-12-01,0.0,0.0
2020-12-02,0.0,0.0
2020-12-03,0.0,0.0
2020-12-04,0.0,0.0
2020-12-05,0.0,0.0
2020-12-06,0.0,0.0
2020-12-07,0.0,0.0
2020-12-08,0.0,0.0
2020-12-09,0.0,0.0
2020-12-10,0.0,0.0
2020-12-11,0.0,0.0
2020-12-12,0.0,0.0
2020-12-13,0.0,0.0
2020-12-14,0.0,0.0
2020-12-15,0.0,0.0
2020-12-16,0.0,0.0
2020-12-17,0.0,0.0
2020-12-18,0.0,0.0
2020-12-19,0.0,0.0
2020-12-20,0.0,0.0
2020-12-21,0.0,0.0
2020-12-22,0.0,0.0
2020-12-23,0.0,0.0
2020-12-24,0.0,0.0
2020-12-25,0.0,0.0
2020-12-26,0.0,0.0
2020-12-27,0.0,0.0
2020-12-28,0.0,0.0
2020-12-29,0.0,0.0
2020-12-30,0.0,0.0
2020-12-31,0.0,0.0
2021-01-01,0.0,0.0
2021-01-02,0.0,0.0
2021-01-03,0.0,0.0
2021-01-04,0.0,0.0
2021-01-05,0.0,0.0
2021-01-06,0.0,0.0
2021-01-07,0.0,0.0
2021-01-08,0.0,0.0
2021-01-09,0.0,0.0
2021-01-10,0.0,0.0
2021-01-11,0.0,0.0
2021-01-12,0.0,0.0
2021-01-13,0.0,0.0
2021-01-14,0.0,0.0
2021-01-15,0.0,0.0
2021-01-16,0.0,0.0
2021-01-17,0.0,0.0
2021-01-18,0.0,0.0
2021-01-19,0.0,0.0
2021-01-20,0.0,0.0
2021-01-21,0.0,0.0
2021-01-22,0.0,0.0
2021-01-23,0.0,0.0
2021-01-24,0.0,0.0
2021-01-25,0.0,0.0
2021-01-26,0.0,0.0
2021-01-27,0.0,0.0
2021-01-28,0.0,0.0
2021-01-29,0.0,0.0
2021-01-30,0.0,0.0
2021-01-31,0.0,0.0
2021-02-01,0.0,0.0
2021-02-02,0.0,0.0
2021-02-03,0.0,0.0
2021-02-04,0.0,0.0
2021-02-05,0.0,0.0
2021-02-06,0.0,0.0
2021-02-07,0.0,0.0
2021-02-08,0.0,0.0
2021-02-09,0.0,0.0
2021-02-10,0.0,0.0
2021-02-11,0.0,0.0
2021-02-12,0.0,0.0
2021-02-13,0.0,0.0
2021-02-14,0.0,0.0
2021-02-15,0.0,0.0
2021-02-16,0.0,0.0
2021-02-17,0.0,0.01211631
2021-02-18,0.0,0.01211631
2021-02-19,0.0,0.01211631
2021-02-20,0.0,0.01211631
2021-02-21,0.0,0.01211631
2021-02-22,0.0,0.01211631
2021-02-23,0.0,0.01211631
2021-02-24,0.0,0.01211631
2021-02-25,0.0,0.01211631
2021-02-26,0.0,0.01211631
2021-02-27,0.0,0.01211631
2021-02-28,0.0,0.01211631
2021-03-01,0.0,0.01211631
2021-03-02,0.0,0.01211631
2021-03-03,0.0,0.01211631
2021-03-04,0.0,0.01211631
2021-03-05,0.0,0.01211631
2021-03-06,0.0,0.01211631
2021-03-07,0.0,0.01211631
2021-03-08,0.0,0.01211631
2021-03-09,0.0,0.01211631
2021-03-10,0.0,0.01211631
2021-03-11,0.0,0.01211631
2021-03-12,0.0,0.01211631
2021-03-13,0.0,0.01211631
2021-03-14,0.0,0.01211631
2021-03-15,0.0,0.01211631
2021-03-16,0.0,0.01211631
2021-03-17,0.0,0.01211631
2021-03-18,0.0,0.01211631
2021-03-19,0.0,0.01211631
2021-03-20,0.0,0.01211631
2021-03-21,0.0,0.01211631
2021-03-22,0.0,0.06757866
2021-03-23,0.0,0.06757866
2021-03-24,0.0,0.06757866
2021-03-25,0.0,0.06757866
2021-03-26,0.0,0.06757866
2021-03-27,0.0,0.06757866
2021-03-28,0.0,0.06757866
2021-03-29,0.0,0.06757866
2021-03-30,0.0,0.06757866
2021-03-31,0.0,0.06757866
2021-04-01,0.0,0.06757866
2021-04-02,0.0,0.06757866
2021-04-03,0.0,0.06757866
2021-04-04,0.0,0.06757866
2021-04-05,0.0,0.06757866
2021-04-06,0.0,0.06757866
2021-04-07,0.0,0.06757866
2021-04-08,0.0,0.06757866
2021-04-09,0.0,0.06757866
2021-04-10,0.0,0.06757866
2021-04-11,0.0,0.06757866
2021-04-12,0.0,0.06757866
2021-04-13,0.0,0.06757866
2021-04-14,0.0,0.06757866
2021-04-15,0.0,0.06757866
2021-04-16,0.0,0.06757866
2021-04-17,0.0,0.06757866
2021-04-18,0.0,0.06757866
2021-04-19,0.0,0.06757866
2021-04-20,0.0,0.06757866
2021-04-21,0.0,0.06757866
2021-04-22,0.0,0.06757866
2021-04-23,0.0,0.06757866
2021-04-24,0.0,0.06757866
2021-04-25,0.0,0.06757866
2021-04-26,0.0,0.06757866
2021-04-27,0.0,0.06757866
2021-04-28,0.0,0.06757866
2021-04-29,0.0,0.06757866
2021-04-30,0.0,0.0956601606
2021-05-01,0.0,0.1421797406
2021-05-02,0.0,0.1421797406
2021-05-03,0.0,0.4955562966
2021-05-04,0.0,0.6065562966
2021-05-05,0.0,0.6065562966
2021-05-06,0.0,0.7733744866
2021-05-07,0.0,0.7733744866
2021-05-08,0.0,0.7733744866
2021-05-09,0.0,0.7733744866
2021-05-10,0.0,0.7733744866
2021-05-11,0.0,1.0676693736
2021-05-12,0.0,1.0676693736
2021-05-13,0.0,1.0676693736
2021-05-14,0.0,1.1479193736
2021-05-15,0.0,1.1685193736
2021-05-16,0.0,1.1685193736
2021-05-17,0.0,1.1685193736
2021-05-18,0.0,1.1826891236
2021-05-19,0.0,1.1826891236
2021-05-20,0.0,1.1826891236
2021-05-21,0.0,1.3632791236
2021-05-22,0.0,1.3632791236
2021-05-23,0.0,1.3638043263610828
2021-05-24,0.0,1.627040110161083
2021-05-25,0.0,1.7585546642791166
2021-05-26,0.0,1.8385546642791164
2021-05-27,0.0,2.0154517609457834
2021-05-28,0.0,2.0974517609457832
2021-05-29,0.0,2.2861523490992144
2021-05-30,0.0,2.301440284982915
2021-05-31,0.0,2.7859572839829148
2021-06-01,0.0,2.798857283982915
2021-06-02,0.0,3.185644783982915
2021-06-03,0.0,3.1963019230568865
2021-06-04,0.0,3.2656871813501693
2021-06-05,0.0,3.295687181350169
2021-06-06,0.0,3.9318687583501695
2021-06-07,0.0,4.041868758350169
2021-06-08,0.0,4.136118758350169
2021-06-09,0.0,4.517394448990169
2021-06-10,0.0,4.554494548990169
2021-06-11,0.0,4.577955548990169
2021-06-12,0.0,4.58155554899017
2021-06-13,0.0,4.589805548990169
2021-06-14,0.0,4.603805548990169
2021-06-15,0.0,4.664927490644573
2021-06-16,0.0,4.797056867644573
2021-06-17,0.0,5.723812423061239
2021-06-18,0.0,5.775433217061239
2021-06-19,0.0,5.850763161622322
2021-06-20,0.0,5.8645034576434965
2021-06-21,0.0,5.874894026643497
2021-06-22,0.0,6.135959997490718
2021-06-23,0.0,6.8288888502518015
2021-06-24,0.0,7.2118820019518015
2021-06-25,0.0,7.885832225951801
2021-06-26,0.0,7.961883594842057
2021-06-27,0.0,8.261584075713197
2021-06-28,0.0,8.601115586301177
2021-06-29,0.0,8.930285023207006
2021-06-30,0.0,9.388554100407006
2021-07-01,0.0,9.848376410407006
2021-07-02,0.0,9.978430718295895
2021-07-03,0.0,10.74909831362051
2021-07-04,0.0,11.858991678419935
2021-07-05,0.0,14.639558328996607
2021-07-06,0.0,15.344297268084343
2021-07-07,0.0,17.905918933615748
2021-07-08,0.0,19.518638489724918
2021-07-09,0.0,22.403533016417043
2021-07-10,0.0,24.79285743050913
2021-07-11,0.0,26.35970095478605
2021-07-12,0.0,28.187854754019618
2021-07-13,0.0,32.60436911863808
2021-07-14,0.0,36.87094949505236
2021-07-15,0.0,45.55635791475745
2021-07-16,0.0,51.571270519236535
2021-07-17,0.0,56.45203767042334
2021-07-18,0.0,58.57474455982334
2021-07-19,0.0,61.5697052740695
2021-07-20,0.0,63.410645988710634
2021-07-21,0.0,65.02740608845878
2021-07-22,0.0,66.4361102758643
2021-07-23,0.0,69.56757432614496
2021-07-24,0.0,74.96531153176446
2021-07-25,0.0,78.80734096376446
2021-07-26,0.0,82.7807647504256
2021-07-27,0.0,84.15121741969969
2021-07-28,0.0,85.15597742706076
2021-07-29,0.0,87.88829151611986
2021-07-30,0.0,91.65330612946244
2021-07-31,0.0,94.98125167347065
2021-08-01,0.0,98.59342755597369
2021-08-02,0.0,99.58985655128677
2021-08-03,0.0,103.10962057828677
2021-08-04,0.0,109.81100633140295
2021-08-05,0.0,112.73996185320848
2021-08-06,0.0,115.89039623620833
2021-08-07,0.0,118.95534982254033
2021-08-08,0.0,121.13707620630946
2021-08-09,0.0,122.69000263670861
2021-08-10,0.0,124.58431015317203
2021-08-11,0.0,129.1729751995468
2021-08-12,0.0,132.25948309212708
2021-08-13,0.0,135.6434821266039
2021-08-14,0.0,136.51435827784178
2021-08-15,0.0,138.8539208890764
2021-08-16,0.0,139.657722738812
2021-08-17,0.0,142.7753769432923
2021-08-18,0.0,145.79271753445684
2021-08-19,0.0,148.11372042739842
2021-08-20,0.0,150.58450627979838
2021-08-21,0.0,158.62533762959958
2021-08-22,0.0,159.8939964867604
2021-08-23,0.0,161.61974156875704
2021-08-24,0.0,165.10671469024885
2021-08-25,0.0,168.62412007120457
2021-08-26,0.0,170.11644832101962
2021-08-27,0.0,171.2664773914236
2021-08-28,0.0,172.6768876082923
2021-08-29,0.0,176.24128246389463
2021-08-30,0.0,178.92407523819173
2021-08-31,0.0,181.00737178124504
2021-09-01,0.0,183.2912038611355
2021-09-02,0.0,185.74712194779806
2021-09-03,0.0,186.97133349275728
2021-09-04,0.0,188.21539106835678
2021-09-05,0.0,189.0952595667885
2021-09-06,0.0,191.06118047379456
2021-09-07,0.0,193.03419829762973
2021-09-08,0.0,194.28413086790917
2021-09-09,0.0,195.92298104142546
2021-09-10,0.0,196.78828128912008
2021-09-11,0.0,198.25333483778155
2021-09-12,0.0,199.03448824882216
2021-09-13,0.0,200.44181799814137
2021-09-14,0.0,202.4411521681921
2021-09-15,0.0,203.85260311627917
2021-09-16,0.0,204.50629630792935
2021-09-17,0.0,205.05775369933923
2021-09-18,0.0,206.46310183282793
2021-09-19,0.0,207.3526768390089
2021-09-20,0.0,208.04880899565904
2021-09-21,0.0,208.514225703341
2021-09-22,0.0,209.43495858335356
2021-09-23,0.0,209.8714340862414
2021-09-24,0.0,211.15485521779613
2021-09-25,0.0,212.84961623865178
2021-09-26,0.0,213.27371124849392
2021-09-27,0.0,213.71493148510334
2021-09-28,0.0,214.97132539800003
2021-09-29,0.0,216.19564052781385
2021-09-30,0.0,216.66096564020222
2021-10-01,0.0,217.12114329809003
2021-10-02,0.0,217.56749841291375
2021-10-03,0.0,218.60421094914813
2021-10-04,0.0,219.3684367784296
2021-10-05,0.0,220.5780432425993
2021-10-06,0.0,221.87500550677345
2021-10-07,0.0,225.0746455615157
2021-10-08,0.0,227.70364937942009
2021-10-09,0.0,230.10283648948916
2021-10-10,0.0,233.8855505087834
2021-10-11,0.0,236.2610639211372
2021-10-12,0.0,238.30448119577164
2021-10-13,0.0,241.02099937576975
2021-10-14,0.0,244.05550945389348
2021-10-15,0.0,247.11127894765488
2021-10-16,0.0,250.19437926182343
2021-10-17,0.0,253.23194695591008
2021-10-18,0.0,256.18198405536435
2021-10-19,0.0,258.46105789878027
2021-10-20,0.0,260.8296632829789
2021-10-21,0.0,262.89865565271504
2021-10-22,0.0,264.9201189251202
2021-10-23,0.0,266.7356972418608
2021-10-24,0.0,268.9420199531278
2021-10-25,0.0,271.18002105228385
2021-10-26,0.0,272.84983764883714
2021-10-27,0.0,276.07840544781453
2021-10-28,0.0,278.1125961758009
2021-10-29,0.0,280.94195687938145
2021-10-30,0.0,282.4898344220869
2021-10-31,0.0,285.54910907131847
2021-11-01,0.0,287.3549543141516
2021-11-02,0.0,289.3909597561136
2021-11-03,0.0,291.8813925075338
2021-11-04,0.0,294.35887659012167
2021-11-05,0.0,304.33376854881766
2021-11-06,0.0,308.7303842382351
2021-11-07,0.0,312.18015530510695
2021-11-08,0.0,313.92837406634214
2021-11-09,0.0,317.07916006783273
2021-11-10,0.0,321.2417665036146
2021-11-11,0.0,323.9091256161431
2021-11-12,0.0,326.69892512310804
2021-11-13,0.0,328.5105416939456
2021-11-14,0.0,331.5065284271297
2021-11-15,0.0,334.9633014674893
2021-11-16,0.0,339.59069581207876
2021-11-17,0.0,342.78891959259136
2021-11-18,0.0,344.54611272080064
2021-11-19,0.0,347.67182306194735
2021-11-20,0.0,348.91197140291655
2021-11-21,0.0,350.7441701969329
2021-11-22,0.0,354.0645564613722
2021-11-23,0.0,355.62270100799947
2021-11-24,0.0,357.7998925464006
2021-11-25,0.0,360.04149910368307
2021-11-26,0.0,361.5607896238817
2021-11-27,0.0,365.0876270306147
2021-11-28,0.0,369.99647809296954
2021-11-29,0.0,372.1649520255214
2021-11-30,0.0,374.439811189653
2021-12-01,0.0,376.50551537669105
2021-12-02,0.0,377.7530370865951
2021-12-03,0.0,379.46755647573394
2021-12-04,0.0,381.4653559573307
2021-12-05,0.0,383.9933259117938
2021-12-06,0.0,386.17626681345564
2021-12-07,0.0,387.68206908498496
2021-12-08,0.0,390.24362709790086
2021-12-09,0.0,391.213283738349
2021-12-10,0.0,392.8402004811685
2021-12-11,0.0,393.9468117793164
2021-12-12,0.0,395.3307254162946
2021-12-13,0.0,396.52199577915087
2021-12-14,0.0,397.5673452456233
2021-12-15,0.0,398.0228753783841
2021-12-16,0.0,398.56705793937005
2021-12-17,0.0,399.9097889684086
2021-12-18,0.0,400.3826002253549
2021-12-19,0.0,400.8953524812163
2021-12-20,0.0,402.0143617876526
2021-12-21,0.0,402.2556230027524
2021-12-22,0.0,402.6970188802967
2021-12-23,0.0,403.01939988164384
2021-12-24,0.0,403.7112053343754
2021-12-25,0.0,404.6599884863324
2021-12-26,0.0,405.50784833885433
2021-12-27,0.0,406.28669846390625
2021-12-28,0.0,406.7817566161767
2021-12-29,0.0,408.03880087222876
2021-12-30,0.0,408.98549897426255
2021-12-31,0.0,411.41866407913375
2022-01-01,0.0,411.8097413501846
2022-01-02,0.0,417.9336730465456
2022-01-03,0.0,419.1102082272979
2022-01-04,0.0,419.77706862727814
2022-01-05,0.0,420.4210033645806
2022-01-06,0.0,420.9709025589434
2022-01-07,0.0,421.67811456030034
2022-01-08,0.0,422.2061658540314
2022-01-09,0.0,422.84207394962766
2022-01-10,0.0,423.35252434662954
2022-01-11,0.0,423.87808891878007
2022-01-12,0.0,424.4997780104886
2022-01-13,0.0,425.0492792217296
2022-01-14,0.0,425.6124026841566
2022-01-15,0.0,426.22546943849994
2022-01-16,0.0,427.20309931557506
2022-01-17,0.0,429.9509981076877
2022-01-18,0.0,430.90856994950485
2022-01-19,0.0,434.66897081522785
2022-01-20,0.0,435.75446366800924
2022-01-21,0.0,436.14247396144754
2022-01-22,0.0,436.7754576076257
2022-01-23,0.0,437.9225374639851
2022-01-24,0.0,438.13766086661235
2022-01-25,0.0,438.6914839698821
2022-01-26,0.0,439.55701906531147
2022-01-27,0.0,440.39470380119246
2022-01-28,0.0,440.8999491140472
2022-01-29,0.0,441.94574975062585
2022-01-30,0.0,442.3853858552016
2022-01-31,0.0,444.6797525397198
2022-02-01,0.0,445.2319127426636
2022-02-02,0.0,446.0499851058474
2022-02-03,0.0,446.2617677148094
2022-02-04,0.0,446.9898462038995
2022-02-05,0.0,447.55617283085024
2022-02-06,0.0,447.7841697364366
2022-02-07,0.0,448.4886469973769
2022-02-08,0.0,449.1366955329455
2022-02-09,0.0,449.77365070469125
2022-02-10,0.0,449.9834694324023
2022-02-11,0.0,451.15393367472967
2022-02-12,0.0,452.4968468420339
2022-02-13,0.0,452.8839975455583
2022-02-14,0.0,454.42149979160786
2022-02-15,0.0,454.80272740717123
2022-02-16,0.0,455.2407032962751
2022-02-17,0.0,455.51800609564737
2022-02-18,0.0,456.1137846470532
2022-02-19,0.0,456.5573727302266
2022-02-20,0.0,456.7366938627781
2022-02-21,0.0,457.3486571844001
2022-02-22,0.0,457.5045487769515
2022-02-23,0.0,458.21329736138745
2022-02-24,0.0,458.41749086537436
2022-02-25,0.0,458.7803855131066
2022-02-26,0.0,458.8586542722108
2022-02-27,0.0,459.07057187204464
2022-02-28,0.0,459.4651257228025
2022-03-01,0.0,459.60395797637506
2022-03-02,0.0,459.89331240640706
2022-03-03,0.0,460.01591630262277
2022-03-04,0.0,460.80034651909364
2022-03-05,0.0,461.0382492080816
2022-03-06,0.0,461.16594290174356
2022-03-07,0.0,461.5943330781553
2022-03-08,0.0,462.0934239706709
2022-03-09,0.0,462.17465078124695
2022-03-10,0.0,462.2287442744472
2022-03-11,0.0,462.32918149150396
2022-03-12,0.0,462.3638602323974
2022-03-13,0.0,462.5417272209239
2022-03-14,0.0,462.76878643171545
2022-03-15,0.0,462.8054014592491
2022-03-16,0.0,462.91940503449814
2022-03-17,0.0,463.18720526565164
2022-03-18,0.0,463.2467433323989
2022-03-19,0.0,463.47609503459324
2022-03-20,0.0,463.6100886656694
2022-03-21,0.0,463.86333298015154
2022-03-22,0.0,463.88364344307723
2022-03-23,0.0,463.91832233164956
2022-03-24,0.0,464.01405889188646
2022-03-25,0.0,464.134054555506
2022-03-26,0.0,464.25350760487885
2022-03-27,0.0,464.47158206281136
2022-03-28,0.0,464.57154296755925
2022-03-29,0.0,464.68769050464465
2022-03-30,0.0,464.7867516552948
2022-03-31,0.0,464.9124462975628
2022-04-01,0.0,465.0026367378377
2022-04-02,0.0,465.0121716391423
2022-04-03,0.0,465.02024764701736
2022-04-04,0.0,465.11762878525036
2022-04-05,0.0,465.16505693384505
2022-04-06,0.0,465.16505693384505
2022-04-07,0.0,465.17511618384503
2022-04-08,0.0,465.17511618384503
2022-04-09,0.0,465.18011618384503
2022-04-10,0.0,465.1941216711069
2022-04-11,0.0,465.29686439738555
2022-04-12,0.0,465.5798677270183
2022-04-13,0.0,465.5798677270183
2022-04-14,0.0,465.5838964587315
2022-04-15,0.0,465.59938266473193
2022-04-16,0.0,465.6009223068435
2022-04-17,0.0,465.6050686148667
2022-04-18,0.0,465.6050686148667
2022-04-19,0.0,465.61598856047993
2022-04-20,0.0,465.63012289561493
2022-04-21,0.0,465.63012289561493
2022-04-22,0.0,465.6367770561781
2022-04-23,0.0,465.64796206617814
2022-04-24,0.0,465.6513430373959
2022-04-25,0.0,465.6513430373959
2022-04-26,0.0,465.6513430373959
2022-04-27,0.0,465.65930484992737
2022-04-28,0.0,465.65930484992737
2022-04-29,0.0,465.7023337955556
2022-04-30,0.0,465.7223337955556
2022-05-01,0.0,465.7323130655007
2022-05-02,0.0,465.7323130655007
2022-05-03,0.0,466.0823130655007
2022-05-04,0.0,466.0985666055007
2022-05-05,0.0,466.1006474461799
2022-05-06,0.0,466.11506592418715
2022-05-07,0.0,466.5951030423342
2022-05-08,0.0,466.6095094785027
2022-05-09,0.0,466.6518094785027
2022-05-10,0.0,466.6518094785027
2022-05-11,0.0,466.6518094785027
2022-05-12,0.0,466.6518094785027
2022-05-13,0.0,466.65715960979526
2022-05-14,0.0,466.65715960979526
2022-05-15,0.0,466.65715960979526
2022-05-16,0.0,466.65715960979526
2022-05-17,0.0,466.65774960979525
2022-05-18,0.0,466.6740723412342
2022-05-19,0.0,466.6740723412342
2022-05-20,0.0,466.7287604717332
2022-05-21,0.0,466.74283219816243
2022-05-22,0.0,466.7428421981624
2022-05-23,0.0,466.74584219816245
2022-05-24,0.0,466.8629106206221
2022-05-25,0.0,466.8649039806221
2022-05-26,0.0,466.8649039806221
2022-05-27,0.0,466.8649039806221
2022-05-28,0.0,466.93930046062206
2022-05-29,0.0,466.93930046062206
2022-05-30,0.0,466.93930046062206
2022-05-31,0.0,466.9539373132377
2022-06-01,0.0,466.9539373132377
2022-06-02,0.0,466.9958214892758
2022-06-03,0.0,466.9958214892758
2022-06-04,0.0,466.9958214892758
2022-06-05,0.0,466.9958214892758
2022-06-06,0.0,466.9958214892758
2022-06-07,0.0,466.9958214892758
2022-06-08,0.0,466.9958214892758
2022-06-09,0.0,466.9958214892758
2022-06-10,0.0,466.9958214892758
2022-06-11,0.0,466.9958214892758
2022-06-12,0.0,466.9958214892758
2022-06-13,0.0,467.0359899181583
2022-06-14,0.0,467.0359899181583
2022-06-15,0.0,467.0359899181583
2022-06-16,0.0,467.0359899181583
2022-06-17,0.0,467.0359899181583
2022-06-18,0.0,467.0382501879608
2022-06-19,0.0,467.0382501879608
2022-06-20,0.0,467.0382501879608
2022-06-21,0.0,467.0382501879608
2022-06-22,0.0,467.0382501879608
2022-06-23,0.0,467.0382501879608
2022-06-24,0.0,467.0382501879608
2022-06-25,0.0,467.0382501879608
2022-06-26,0.0,467.0445837229976
2022-06-27,0.0,467.0445837229976
2022-06-28,0.0,467.0805837229976
2022-06-29,65158.654544188874,467.0805837229976
2022-06-30,62571.77504644345,467.0805837229976
2022-07-01,61464.68395525034,467.0805837229976
2022-07-02,62114.047095360394,467.0805837229976
2022-07-03,61985.22694655857,467.0805837229976
2022-07-04,61998.83227198682,467.0805837229976
2022-07-05,59852.306354755,467.0805837229976
2022-07-06,59551.80754974755,467.150569160481
2022-07-07,59184.59443726319,467.150569160481
2022-07-08,58719.875546363495,467.150569160481
2022-07-09,58571.79804530201,467.150569160481
2022-07-10,58301.4364549973,467.150569160481
2022-07-11,57667.22776221936,467.150569160481
2022-07-12,57826.414502847976,467.1509286734927
2022-07-13,58257.374601531985,467.1509286734927
2022-07-14,58292.235154175745,467.1509286734927
2022-07-15,58272.55652928695,467.1509286734927
2022-07-16,57555.3970820493,467.16057659970664
2022-07-17,57144.64360213894,467.16057659970664
2022-07-18,56999.61008319465,467.16057659970664
2022-07-19,56249.54357510273,467.1700307631389
2022-07-20,56091.036203117364,467.1700307631389
2022-07-21,56388.284087049884,467.1886280713062
2022-07-22,55826.619585604916,467.1886280713062
2022-07-23,55687.33489523018,467.2065539129979
2022-07-24,56299.95074863414,467.2106974427917
2022-07-25,56013.85202173563,467.2106974427917
2022-07-26,56128.27542283705,467.2106974427917
2022-07-27,55992.586195454205,467.224786662234
2022-07-28,55648.91064823852,467.224786662234
2022-07-29,55094.01936874096,467.224786662234
2022-07-30,55380.56377189617,467.224786662234
2022-07-31,55714.838570754444,467.224786662234
2022-08-01,55710.35953042667,467.2860258480669
2022-08-02,55751.78779785541,467.2860258480669
2022-08-03,55608.27300379018,467.2860258480669
2022-08-04,55593.38095357318,467.2860258480669
2022-08-05,55342.447577074665,467.2860258480669
2022-08-06,55152.587828204334,467.2860258480669
2022-08-07,54382.075203144996,467.2987013200519
2022-08-08,54932.46269844672,467.3002175803035
2022-08-09,54434.79923629319,467.3002175803035
2022-08-10,54380.40153652996,467.326000718428
2022-08-11,54024.66546046428,467.326000718428
2022-08-12,53725.99073513387,467.326000718428
2022-08-13,53679.986583842554,467.326000718428
2022-08-14,53382.58628404576,467.328075874509
2022-08-15,53358.364151557595,467.328075874509
2022-08-16,53185.24960862879,467.328075874509
2022-08-17,53233.86832739088,467.328075874509
2022-08-18,53066.39718335067,467.328075874509
2022-08-19,52822.811539637565,467.328075874509
2022-08-20,52740.43146205589,467.328075874509
2022-08-21,52579.19529265428,467.328075874509
2022-08-22,52818.94807775574,467.3385209223361
2022-08-23,52706.28821482564,467.3446339826555
2022-08-24,52785.28604185887,467.3446339826555
2022-08-25,52845.73004508416,467.3446339826555
2022-08-26,52706.35292718115,467.3446339826555
2022-08-27,52999.8858620803,467.3446339826555
2022-08-28,53083.51324611378,467.3446339826555
2022-08-29,53066.27974835256,467.3446339826555
2022-08-30,52873.33836657047,467.3446339826555
2022-08-31,52748.349892441416,467.3446339826555
2022-09-01,52364.563412429205,467.3446339826555
2022-09-02,52006.16746949238,467.3446339826555
2022-09-03,51866.060409200894,467.3547779637877
2022-09-04,51778.93438793609,467.3597558294117
2022-09-05,51605.55696955335,467.4125220994117
2022-09-06,49061.91620629768,467.4345220994117
2022-09-07,47802.245830826745,467.5380884558392
2022-09-08,47407.41651955656,467.5380884558392
2022-09-09,46907.091858810396,467.5392603537389
2022-09-10,46947.97633467345,467.5392603537389
2022-09-11,46789.11932884494,467.5392603537389
2022-09-12,42367.22799422952,467.5392603537389
2022-09-13,41112.585339484045,467.5392603537389
2022-09-14,35161.27683206175,468.6840098944216
2022-09-15,35104.847218025156,468.6840098944216
2022-09-16,35104.847218025156,468.6840098944216
2022-09-17,35104.847218025156,468.6840098944216
2022-09-18,40160.80421132325,468.6840098944216
2022-09-19,40495.53185158497,468.6866622597763
2022-09-20,40694.073763467815,468.6866622597763
2022-09-21,40845.65205143981,468.74556901970374
2022-09-22,40919.02631010092,468.74556901970374
2022-09-23,41002.81406718286,468.74556901970374
2022-09-24,41397.80468904414,468.74556901970374
2022-09-25,41252.48953646396,468.74556901970374
2022-09-26,41740.053523004535,468.7540690197037
2022-09-27,41860.03671018464,468.7625091678002
2022-09-28,41851.265805338226,468.7625091678002
2022-09-29,45659.64523053931,468.7625091678002
2022-09-30,45892.24500012222,468.7625091678002
2022-10-01,46102.70333852794,468.7625091678002
2022-10-02,46071.26316439114,468.7625091678002
2022-10-03,46179.622991779615,468.7625091678002
2022-10-04,46136.508251511616,468.7625091678002
2022-10-05,46251.33897950792,468.7625091678002
2022-10-06,46766.21679306693,468.7625091678002
2022-10-07,46601.03546157279,468.7625091678002
2022-10-08,47077.97489780305,468.7625091678002
2022-10-09,47343.94143770419,468.7625091678002
2022-10-10,47410.72919422068,468.7625091678002
2022-10-11,47341.93853936733,468.7625091678002
2022-10-12,47321.6334172811,468.7625091678002
2022-10-13,47331.88403862507,468.7625091678002
2022-10-14,47300.255120041584,468.7625091678002
2022-10-15,47249.96281628022,468.7625091678002
2022-10-16,47458.88302375265,468.7625091678002
2022-10-17,47554.21693816427,468.7625091678002
2022-10-18,46716.03991999926,468.7625091678002
2022-10-19,46419.4659702269,468.7625091678002
2022-10-20,46554.41549479354,468.7625091678002
2022-10-21,47156.83279227124,468.7625091678002
2022-10-22,47227.86658302937,468.7625091678002
2022-10-23,47167.82593796927,468.7625091678002
2022-10-24,47103.20956044095,468.7625091678002
2022-10-25,46991.36791388016,468.7625091678002
2022-10-26,46852.69340510471,468.7625091678002
2022-10-27,45566.27359098663,468.7625091678002
2022-10-28,45561.895276442454,468.7625091678002
2022-10-29,45517.824111311595,468.7625091678002
2022-10-30,45319.30686250818,468.7625091678002
2022-10-31,45458.552909607584,468.7625091678002
2022-11-01,45381.8783700927,468.7625091678002
2022-11-02,45384.908264956895,468.7625091678002
2022-11-03,45378.25590507931,468.7625091678002
2022-11-04,45741.534096145566,468.7625091678002
2022-11-05,45153.32247884077,468.7625091678002
2022-11-06,46278.03155595242,468.7625091678002
2022-11-07,46317.54414413401,468.7625091678002
2022-11-08,46058.916479402265,468.7625091678002
2022-11-09,46179.23100951121,468.7625091678002
2022-11-10,44932.70951643083,468.7625091678002
2022-11-11,44687.28377747328,468.7625091678002
2022-11-12,44693.9207704075,468.7625091678002
2022-11-13,43127.17125506127,468.7625091678002
2022-11-14,42238.76663796342,468.7625091678002
2022-11-15,42803.44402726911,468.8186432868105
2022-11-16,42973.24668666493,468.8186432868105
2022-11-17,43116.0510334427,468.8186432868105
2022-11-18,43185.93696577511,468.8186432868105
2022-11-19,43429.84434443226,468.8186432868105
2022-11-20,43444.386704994606,468.8186432868105
2022-11-21,43395.85751243505,468.8186432868105
2022-11-22,43466.02125223246,468.8186432868105
2022-11-23,43817.9563401738,468.8186432868105
2022-11-24,43747.21761689928,468.8186432868105
2022-11-25,43760.47484571326,468.8186432868105
2022-11-26,43856.41162796183,468.8186432868105
2022-11-27,43912.57641884125,468.8186432868105
2022-11-28,43797.76328726919,468.8186432868105
2022-11-29,43610.28188721115,468.8186432868105
2022-11-30,43577.1542988565,468.8186432868105
2022-12-01,42484.965539581826,468.8186432868105
2022-12-02,42856.23812890349,468.82037029984457
2022-12-03,43368.83695894765,468.82037029984457
2022-12-04,43532.821681240675,468.82037029984457
2022-12-05,43793.643992590885,468.82037029984457
2022-12-06,44443.67511369194,468.82037029984457
2022-12-07,44757.3824834516,468.82037029984457
2022-12-08,44881.42875057616,468.82037029984457
2022-12-09,44814.846328721535,468.82037029984457
2022-12-10,45164.287592013876,468.82037029984457
2022-12-11,45392.73958586071,468.82037029984457
2022-12-12,45473.242803778165,468.82037029984457
2022-12-13,45816.59094852199,468.82305175372574
2022-12-14,44367.572748692626,468.82305175372574
2022-12-15,44297.9531034082,468.82305175372574
2022-12-16,44287.662023504054,468.82305175372574
2022-12-17,43133.247942048525,468.82305175372574
2022-12-18,43291.55430739183,468.82305175372574
2022-12-19,43298.872289358194,468.82305175372574
2022-12-20,43277.403026119944,468.82305175372574
2022-12-21,43246.13822682748,468.8329602389103
2022-12-22,43126.950077249465,468.8329602389103
2022-12-23,43148.02793341939,468.8329602389103
2022-12-24,43115.57233947002,468.8329602389103
2022-12-25,43152.511621951126,468.8329602389103
2022-12-26,43148.54804159596,468.8329602389103
2022-12-27,43326.40407270299,468.8329602389103
2022-12-28,43673.23506824369,468.8329602389103
2022-12-29,43706.86776253614,468.8329602389103
2022-12-30,43495.060521913074,468.8329602389103
2022-12-31,42982.3388039083,468.8329602389103
2023-01-01,43125.4012169165,468.8329602389103
2023-01-02,40103.00956903692,468.8329602389103
2023-01-03,39806.171302256946,468.8329602389103
2023-01-04,39966.472024722025,468.8329602389103
2023-01-05,40041.02547194041,468.8329602389103
2023-01-06,39305.38947134651,468.8329602389103
2023-01-07,39419.84087195283,468.8329602389103
2023-01-08,39645.38274714596,468.8329602389103
2023-01-09,39718.367028570494,468.8329602389103
2023-01-10,39883.85429399158,468.8329602389103
2023-01-11,40268.14375815675,468.8329602389103
2023-01-12,39976.09073219295,468.8329602389103
2023-01-13,40175.084232584566,468.8329602389103
2023-01-14,40634.25055687218,468.8329602389103
2023-01-15,40724.98727368989,468.8329602389103
2023-01-16,40811.49524834195,468.8329602389103
2023-01-17,40802.763053304414,468.8329602389103
2023-01-18,40963.87197447503,468.8329602389103
2023-01-19,41144.16637704794,468.8329602389103
2023-01-20,41439.6012596774,468.8329602389103
2023-01-21,41410.23800837932,468.8329602389103
2023-01-22,41610.38662325612,468.8661898936061
2023-01-23,42829.35351100845,468.8661898936061
2023-01-24,42477.83151615065,468.8661898936061
2023-01-25,44089.16166270239,468.8661898936061
2023-01-26,44299.900980896695,468.8661898936061
2023-01-27,44500.74315555928,468.8661898936061
2023-01-28,44794.531812854206,468.8661898936061
2023-01-29,46613.8835082245,468.8661898936061
2023-01-30,47491.64014823346,468.8661898936061
2023-01-31,45987.16763297939,468.8661898936061
2023-02-01,45907.272890664775,468.8661898936061
2023-02-02,47319.81184693268,468.8661898936061
2023-02-03,46538.09320312038,468.8661898936061
2023-02-04,46209.58445731885,468.8661898936061
2023-02-05,46386.30066321729,468.8661898936061
2023-02-06,46772.50479929292,468.8661898936061
2023-02-07,46731.219898933094,468.8661898936061
2023-02-08,43487.5522287034,468.8661898936061
2023-02-09,43290.552116821,468.8661898936061
2023-02-10,42643.5037952218,468.8661898936061
2023-02-11,41663.58637177755,468.8661898936061
2023-02-12,41686.82461524269,468.8661898936061
2023-02-13,41497.07382455811,468.8708046748922
2023-02-14,41311.34549442317,468.8708046748922
2023-02-15,41349.65699460299,468.8708046748922
2023-02-16,41450.762320573565,468.8708046748922
2023-02-17,41196.8609129337,468.8708046748922
2023-02-18,40147.31556864837,468.8708046748922
2023-02-19,40156.7525571454,468.8708046748922
2023-02-20,40063.991047295356,468.8708046748922
2023-02-21,39095.22246613307,468.8708046748922
2023-02-22,39160.33373428511,468.8708046748922
2023-02-23,39091.36777121987,468.8708046748922
2023-02-24,38963.12335815717,468.8708046748922
2023-02-25,38890.40050344712,468.8708046748922
2023-02-26,38855.863835150296,468.8708046748922
2023-02-27,38744.36059662337,468.8708046748922
2023-02-28,38913.92964699374,468.8708046748922
2023-03-01,38885.03815275334,468.8708046748922
2023-03-02,38761.19229494927,468.8708046748922
2023-03-03,38717.29478080676,468.8708046748922
2023-03-04,37596.46232599138,468.8708046748922
2023-03-05,37806.921941440516,468.8708046748922
2023-03-06,37716.572123340695,468.8708046748922
2023-03-07,37690.067917244436,468.8708046748922
2023-03-08,37136.612518516566,468.8708046748922
2023-03-09,37345.94363140571,468.8708046748922
2023-03-10,37167.09445447317,468.8708046748922
2023-03-11,36934.20129872963,468.8708046748922
2023-03-12,36806.94273701794,468.8708046748922
2023-03-13,36822.90443240699,468.8708046748922
2023-03-14,36713.403618400785,468.8708046748922
2023-03-15,37301.533186037166,468.87085467489226
2023-03-16,37117.9137575718,468.87085467489226
2023-03-17,37234.90104937911,468.87335467489225
2023-03-18,38319.96112222639,468.87335467489225
2023-03-19,38322.143832037735,468.87335467489225
2023-03-20,38427.149274524745,468.8789967244103
2023-03-21,37297.49195935405,468.8789967244103
2023-03-22,37480.74944949386,468.8789967244103
2023-03-23,37656.40644446782,468.8789967244103
2023-03-24,37256.438989081704,468.8789967244103
2023-03-25,38155.43209154496,468.8815652684676
2023-03-26,38071.842958145935,468.88526526846766
2023-03-27,37968.52282714559,468.88526526846766
2023-03-28,37976.12532061327,468.88526526846766
2023-03-29,38079.53470051412,468.88526526846766
2023-03-30,38223.707705112654,468.88526526846766
2023-03-31,38151.305820603586,469.0763220690087
2023-04-01,37882.125177876,469.096895121478
2023-04-02,37889.948958408946,469.096895121478
2023-04-03,37877.691162720206,469.096895121478
2023-04-04,36857.80373689906,469.096895121478
2023-04-05,37122.87939651678,469.096895121478
2023-04-06,37068.56512085124,469.096895121478
2023-04-07,37092.3336379777,469.096895121478
2023-04-08,37206.89603882189,469.096895121478
2023-04-09,37268.63326077092,469.096895121478
2023-04-10,37390.31118677331,469.096895121478
2023-04-11,37448.94665281788,469.096895121478
2023-04-12,37635.05403838426,469.096895121478
2023-04-13,37734.139037152476,469.096895121478
2023-04-14,38440.952455714294,469.096895121478
2023-04-15,38665.52216164736,469.096895121478
2023-04-16,38652.62090364312,469.096895121478
2023-04-17,38830.56440342504,469.1163107663319
2023-04-18,38480.7405849907,469.1163107663319
2023-04-19,38574.20107171318,469.1163107663319
2023-04-20,38572.16117636313,469.1163107663319
2023-04-21,38404.015974681344,469.13980003278346
2023-04-22,37493.263846504124,469.13980003278346
2023-04-23,37728.005927989834,469.13980003278346
2023-04-24,37796.94083398111,469.13980003278346
2023-04-25,37774.72049149934,469.13980003278346
2023-04-26,37779.756958533086,469.13980003278346
2023-04-27,37474.50826936013,469.13980003278346
2023-04-28,37463.75398001011,469.13980003278346
2023-04-29,37561.019656674755,469.13980003278346
2023-04-30,37450.91226243808,469.13980003278346
2023-05-01,37468.60148971556,469.13980003278346
2023-05-02,37380.741090611904,469.13980003278346
2023-05-03,37386.82799072563,469.13980003278346
2023-05-04,37563.35656041576,469.13980003278346
2023-05-05,37794.990238417166,469.13980003278346
2023-05-06,36841.01351485304,469.13980003278346
2023-05-07,36715.9290052804,469.13980003278346
2023-05-08,36770.72344237779,469.13980003278346
2023-05-09,37187.22436158059,469.13980003278346
2023-05-10,37178.62857442232,469.13980003278346
2023-05-11,37150.31173375288,469.3048436521229
2023-05-12,36986.99836134534,469.3048436521229
2023-05-13,37098.77088503887,469.3048436521229
2023-05-14,37163.06072701382,469.3048436521229
2023-05-15,37178.01996812712,469.3048436521229
2023-05-16,37182.025562974995,469.3048436521229
2023-05-17,37207.810505967114,469.3048436521229
2023-05-18,37485.12771158019,469.3048436521229
2023-05-19,37589.186014844694,469.3048436521229
2023-05-20,37499.73710300201,469.3048436521229
2023-05-21,37521.49019514401,469.3048436521229
2023-05-22,37525.29560037736,469.3048436521229
2023-05-23,37712.19186669204,469.3048436521229
2023-05-24,37748.320771803454,469.3048436521229
2023-05-25,37824.80580188176,469.3048436521229
2023-05-26,37972.87072624,469.3048436521229
2023-05-27,38055.27222863534,469.3048436521229
2023-05-28,38295.246054400784,469.3048436521229
2023-05-29,38403.09034628485,469.3048436521229
2023-05-30,37412.77047704833,469.3048436521229
2023-05-31,37391.21735545826,469.3048436521229
2023-06-01,37264.554426311435,469.3048436521229
2023-06-02,37179.7296626489,469.31015279874856
2023-06-03,37789.36899314637,469.31015279874856
2023-06-04,37962.38830732866,469.31015279874856
2023-06-05,37977.529517893774,469.31015279874856
2023-06-06,38039.56154343499,469.31015279874856
2023-06-07,38297.44756652193,469.31281306658434
2023-06-08,38222.523783327444,469.31281306658434
2023-06-09,38195.32319277058,469.31281306658434
2023-06-10,38466.38595522041,469.31281306658434
2023-06-11,37642.844756392595,469.31281306658434
2023-06-12,37523.090700107576,469.31281306658434
2023-06-13,37570.52053437298,469.31281306658434
2023-06-14,36616.992537586404,469.31281306658434
2023-06-15,36570.754489611514,469.31281306658434
2023-06-16,36437.417174950126,469.31281306658434
2023-06-17,36520.20623044642,469.31281306658434
2023-06-18,36618.512423006396,469.31281306658434
2023-06-19,36666.21274443321,469.31281306658434
2023-06-20,37374.75206066066,469.31281306658434
2023-06-21,37484.88387674967,469.31281306658434
2023-06-22,37509.489439275596,469.31281306658434
2023-06-23,37471.65194013522,469.31281306658434
2023-06-24,36929.27884235203,469.31281306658434
2023-06-25,37022.77928034383,469.31281306658434
2023-06-26,36962.111182423556,469.31281306658434
2023-06-27,36946.2864166678,469.3153912423641
2023-06-28,36662.396496244895,469.3153912423641
2023-06-29,36668.05720538765,469.3153912423641
2023-06-30,36423.74114569402,469.3153912423641
2023-07-01,36256.27248760674,469.3153912423641
2023-07-02,36503.679232321534,469.3153912423641
2023-07-03,36429.278240573025,469.3153912423641
2023-07-04,36053.16540263685,469.3153912423641
2023-07-05,36042.126310531974,469.3153912423641
2023-07-06,35066.88398715625,469.3153912423641
2023-07-07,34949.16397043226,469.3153912423641
2023-07-08,34951.454041537465,469.3153912423641
2023-07-09,34725.186604726536,469.3153912423641
2023-07-10,34766.587578588566,469.3153912423641
2023-07-11,34138.64494986673,469.3153912423641
2023-07-12,34139.36588780013,469.3153912423641
2023-07-13,34297.71795373965,469.3153912423641
2023-07-14,34298.9533704888,469.3153912423641
2023-07-15,34283.06649421934,469.3153912423641
2023-07-16,34218.68832815917,469.3153912423641
2023-07-17,34247.87760179966,469.3153912423641
2023-07-18,34275.256744537546,469.3153912423641
2023-07-19,34366.377326104484,469.3153912423641
2023-07-20,34387.85591155542,469.3153912423641
2023-07-21,34316.53659082106,469.3153912423641
2023-07-22,34336.61090014967,469.3153912423641
2023-07-23,34362.484046442834,469.3153912423641
2023-07-24,34856.30211358871,469.3153912423641
2023-07-25,34869.05276882968,469.3153912423641
2023-07-26,34986.556226329216,469.3153912423641
2023-07-27,34987.665197125614,469.3153912423641
2023-07-28,35250.98235530573,469.3153912423641
2023-07-29,35270.837297975326,469.3153912423641
2023-07-30,35303.60834262354,469.3153912423641
2023-07-31,35285.03411845483,469.3153912423641
2023-08-01,35274.43833038703,469.3153912423641
2023-08-02,35234.17159291779,469.3153912423641
2023-08-03,35214.76821120372,469.3153912423641
2023-08-04,35194.60844512947,469.3153912423641
2023-08-05,35167.206371637985,469.3153912423641
2023-08-06,35155.71003754545,469.3153912423641
2023-08-07,35201.484806110006,469.3153912423641
2023-08-08,35137.038944423875,469.3153912423641
2023-08-09,35127.34517204506,469.3153912423641
2023-08-10,35140.17380300071,469.3153912423641
2023-08-11,35153.318802929636,469.31539124336416
2023-08-12,35125.706642436926,469.31539124336416
2023-08-13,35122.11948769806,469.31539124336416
2023-08-14,35034.94066041364,469.31539124336416
2023-08-15,35013.304254179,469.31539124336416
2023-08-16,34899.84610551311,469.31539124336416
2023-08-17,34863.359986396325,469.31539124336416
2023-08-18,34508.48865839196,469.31539124336416
2023-08-19,34462.57489714354,469.31539124336416
2023-08-20,34476.70932562994,469.31539124336416
2023-08-21,34397.745526573686,469.31539124336416
2023-08-22,34144.91295371594,469.31539124336416
2023-08-23,34263.74883773047,469.31539124336416
2023-08-24,34272.710169924205,469.31539124336416
2023-08-25,34211.99280234179,469.31539124336416
2023-08-26,34133.649692390376,469.31539124336416
2023-08-27,34050.4225366193,469.31539124336416
2023-08-28,34006.16899184854,469.31539124336416
2023-08-29,33970.9764569286,469.31539124336416
2023-08-30,34072.951779368974,469.31539124336416
2023-08-31,33970.781429230694,469.31539124336416
2023-09-01,33974.52485510023,469.31539124336416
2023-09-02,30846.007737459546,469.31539124336416
2023-09-03,30857.713851944605,469.31539124336416
2023-09-04,30845.455501991095,469.31539124336416
2023-09-05,30799.49812345596,469.31539124336416
2023-09-06,30790.634249000428,469.31539124336416
2023-09-07,30792.26562166494,469.31539124336416
2023-09-08,30856.437282732386,469.31539124336416
2023-09-09,30804.03968041449,469.31539124336416
2023-09-10,30778.059309367312,469.31539124336416
2023-09-11,30724.766363940962,469.31539124336416
2023-09-12,30755.559310534536,469.31539124336416
2023-09-13,30729.0190372837,469.31539124336416
2023-09-14,30696.126637401452,469.31539124336416
2023-09-15,30866.35446324103,469.31539124336416
2023-09-16,30875.484390398437,469.31539124336416
2023-09-17,30859.330509364358,469.31539124336416
2023-09-18,30851.532150938263,469.31539124336416
2023-09-19,30860.6064117663,469.31539124336416
2023-09-20,30857.402652805198,469.31539124336416
2023-09-21,30872.508335441587,469.31539124336416
2023-09-22,30870.010666616865,469.31539124336416
2023-09-23,30858.401306863132,469.31539124336416
2023-09-24,30870.107258923574,469.31539124336416
2023-09-25,30860.463011989286,469.31539124336416
2023-09-26,30883.686449262546,469.31539124336416
2023-09-27,30862.81277641914,469.31539124336416
2023-09-28,30869.324071552743,469.31539124336416
2023-09-29,30213.69649847573,469.31539124336416
2023-09-30,30145.189764007864,469.3246008385267
2023-10-01,30144.66918648284,469.3246008385267
2023-10-02,30052.879595048806,469.3246008385267
2023-10-03,30017.45926925428,469.3246008385267
2023-10-04,30157.349786545587,469.3246008385267
2023-10-05,30216.96774420165,469.3246008385267
2023-10-06,30235.35399063206,469.3246008385267
2023-10-07,30197.0006075756,469.3246008385267
2023-10-08,30211.718589949418,469.3246008385267
2023-10-09,30107.391629104925,469.3246008385267
2023-10-10,30046.399889909542,469.3246008385267
2023-10-11,30073.752429207532,469.3246008385267
2023-10-12,30008.851352261183,469.3246008385267
2023-10-13,30025.533412797206,469.3246008385267
2023-10-14,30032.475605746436,469.3246008385267
2023-10-15,30002.27096768675,469.3246008385267
2023-10-16,29996.26679984474,469.3246008385267
2023-10-17,30014.74842469341,469.3246008385267
2023-10-18,30022.232157034556,469.3246008385267
2023-10-19,30043.813109437517,469.3246008385267
2023-10-20,30161.260587149085,469.3246008385267
2023-10-21,30169.58623154812,469.3246008385267
2023-10-22,30126.654531857395,469.3246008385267
2023-10-23,30092.967724561775,469.3246008385267
2023-10-24,29190.929129428347,469.3246008385267
2023-10-25,29212.409223716568,469.3246008385267
2023-10-26,29195.288533099094,469.3246008385267
2023-10-27,29243.539924117424,469.3246008385267
2023-10-28,29295.61131606743,469.3246008385267
2023-10-29,29603.590994748774,469.3246008385267
2023-10-30,30582.04743823426,469.3246008385267
2023-10-31,30628.106718798514,469.3246008385267
2023-11-01,30642.87471683532,469.3246008385267
2023-11-02,30581.62142393607,469.3246008385267
2023-11-03,30698.697696651394,469.3246008385267
2023-11-04,30744.374311980027,469.3246008385267
2023-11-05,30836.84932236526,469.3246008385267
2023-11-06,31067.438772148933,469.3246008385267
2023-11-07,31156.36205606212,469.3246008385267
2023-11-08,31142.103783740717,469.3246008385267
2023-11-09,31535.031457317928,469.3246008385267
2023-11-10,31972.966302697012,469.3246008385267
2023-11-11,31448.94459903334,469.3246008385267
2023-11-12,31582.707553661978,469.3246008385267
2023-11-13,31583.03273504515,469.3246008385267
2023-11-14,31596.954415853208,469.3246008385267
2023-11-15,31655.850715245204,469.3246008385267
2023-11-16,31680.461435403988,469.3246008385267
2023-11-17,31868.102022403596,469.3246008385267
2023-11-18,31991.13160289789,469.3246008385267
2023-11-19,31985.077309744538,469.3246008385267
2023-11-20,32034.25760228457,469.3246008385267
2023-11-21,32190.412352891955,469.3246008385267
2023-11-22,32281.853173340223,469.3246008385267
2023-11-23,31728.873501257738,469.3316390716176
2023-11-24,31688.924966036062,469.3316390716176
2023-11-25,32543.270897178143,469.3316390716176
2023-11-26,32714.406431769054,469.3316390716176
2023-11-27,33202.27700606237,469.3316390716176
2023-11-28,32994.612011691046,469.3316390716176
2023-11-29,33156.5561403113,469.3316390716176
2023-11-30,33165.95571548241,469.3316390716176
2023-12-01,33228.317157413374,469.3316390716176
2023-12-02,33285.36965762631,469.3316390716176
2023-12-03,33359.64508716199,469.3316390716176
2023-12-04,33375.633745584535,469.3316390716176
2023-12-05,34330.57682583466,469.33387127414653
2023-12-06,34005.76659067209,469.33387127414653
2023-12-07,35065.68572277344,469.33387127414653
2023-12-08,36780.22006449941,469.33387127414653
2023-12-09,36828.53458117281,469.33387127414653
2023-12-10,36650.896770628686,469.33387127414653
2023-12-11,36692.358850825236,469.33387127414653
2023-12-12,36427.73298763338,469.33387127414653
2023-12-13,37241.345241485775,469.33387127414653
2023-12-14,37166.930930938615,469.33387127414653
2023-12-15,37219.94998654417,469.33387127414653
2023-12-16,37332.81401440945,469.33387127414653
2023-12-17,37474.466843670074,469.33387127414653
2023-12-18,37535.20898274889,469.33387127414653
2023-12-19,36888.877485333745,469.33387127414653
2023-12-20,37023.78369240187,469.33387127414653
2023-12-21,37300.696914737215,469.33387127414653
2023-12-22,37521.253816911725,469.3466413429734
2023-12-23,37552.44207587006,469.3466413429734
2023-12-24,37631.287743793066,469.3466413429734
2023-12-25,38307.61999986472,469.3466413429734
2023-12-26,39394.951424959756,469.3466413429734
2023-12-27,39364.5844717269,469.3466413429734
2023-12-28,39643.69628132646,469.3466413429734
2023-12-29,39318.50038140061,469.3466413429734
2023-12-30,39442.58056517704,469.3466413429734
2023-12-31,39533.87165672986,469.3466413429734
2024-01-01,39263.5540696169,469.3466413429734
2024-01-02,39258.66860538503,469.3466413429734
2024-01-03,39448.10258813903,469.3466413429734
2024-01-04,40167.35136973067,469.3466413429734
2024-01-05,40251.77510526479,469.3466413429734
2024-01-06,40678.26806551091,469.3466413429734
2024-01-07,40744.049105849874,469.3466413429734
2024-01-08,40662.127082716725,469.3466413429734
2024-01-09,40626.789087041536,469.3466413429734
2024-01-10,40261.58921681433,469.3466413429734
2024-01-11,40241.01111239045,469.3466413429734
2024-01-12,39345.44445089644,469.3466413429734
2024-01-13,38107.38901961958,469.3466413429734
2024-01-14,38150.60956590182,469.3466413429734
2024-01-15,38164.1641237463,469.3466413429734
2024-01-16,37720.75612101933,469.3466413429734
2024-01-17,38095.47533574753,469.3466413429734
2024-01-18,38776.73790102139,469.3466413429734
2024-01-19,39068.32353970544,469.3466413429734
2024-01-20,39693.68083691989,469.3466413429734
2024-01-21,39451.265382166544,469.3466413429734
2024-01-22,40345.81330051841,469.3466413429734
2024-01-23,40454.80781353176,469.3466413429734
2024-01-24,41566.87318808032,469.3466413429734
2024-01-25,42084.65121975406,469.3466413429734
2024-01-26,42126.56365666527,469.3466413429734
2024-01-27,42685.83479159184,469.3466413429734
2024-01-28,44463.2983656337,469.3466413429734
2024-01-29,45159.42853280808,469.3466413429734
2024-01-30,43295.74050369294,469.3466413429734
2024-01-31,43996.35486908775,469.3466413429734
2024-02-01,45275.60957926123,469.3466413429734
2024-02-02,46040.80142173063,469.3466413429734
2024-02-03,46920.94852820205,469.3466413429734
2024-02-04,47840.343232949504,469.3466413429734
2024-02-05,49562.51014305808,469.3466413429734
2024-02-06,48441.549496625354,469.3466413429734
2024-02-07,47039.05762405841,469.3466413429734
2024-02-08,46731.390028256435,469.3466413429734
2024-02-09,47183.50676711356,469.3466413429734
2024-02-10,46781.23857727577,469.3466413429734
2024-02-11,47323.291835949676,469.3466413429734
2024-02-12,47687.50043661589,469.3466413429734
2024-02-13,48184.14195659246,469.3466413429734
2024-02-14,46704.09942909705,469.3466413429734
2024-02-15,47299.33088248242,469.3466413429734
2024-02-16,47073.78847682364,469.3466413429734
2024-02-17,45677.88265275679,469.3466413429734
2024-02-18,45711.25910550026,469.3466413429734
2024-02-19,47098.583690088206,469.3466413429734
2024-02-20,48071.54949441675,469.3466413429734
2024-02-21,48481.19848356754,469.3466413429734
2024-02-22,48783.30446172356,469.3466413429734
2024-02-23,47857.79743277494,469.3466413429734
2024-02-24,48490.86332744864,469.3466413429734
2024-02-25,48391.129236930254,469.3466413429734
2024-02-26,47434.98150390348,469.3466413429734
2024-02-27,47123.76206355374,469.3466413429734
2024-02-28,46189.040501153366,469.3466413429734
2024-02-29,45363.53595487751,469.3466413429734
2024-03-01,45306.47588653936,469.3466413429734
2024-03-02,40812.03140640132,469.3466413429734
2024-03-03,41407.98776508137,469.3466413429734
2024-03-04,40817.78977765505,469.3476008477753
2024-03-05,40579.727363197286,469.3476008477753
2024-03-06,40122.05508704011,469.3476008477753
2024-03-07,40361.816864850865,469.3491160480459
2024-03-08,40644.7751967844,469.3491160480459
2024-03-09,41078.8007069179,469.3491160480459
2024-03-10,42248.18178717695,469.3491160480459
2024-03-11,42764.753042446195,469.3491160480459
2024-03-12,41749.61697608665,469.3491160480459
2024-03-13,40351.910479254104,469.3491160480459
2024-03-14,41461.19635607635,469.3491160480459
2024-03-15,41578.95673370266,469.3491160480459
2024-03-16,41274.58796994181,469.3491160480459
2024-03-17,42164.09324041433,469.3491160480459
2024-03-18,39116.87838495325,469.3491160480459
2024-03-19,39211.196696608844,469.3491160480459
2024-03-20,39494.531919893336,469.3491160480459
2024-03-21,39953.2506207962,469.3491160480459
2024-03-22,40349.012823690435,469.3491160480459
2024-03-23,38538.157350045825,469.3491160480459
2024-03-24,39383.92179561779,469.3491160480459
2024-03-25,39442.303917712845,469.3491160480459
2024-03-26,37243.82013790161,469.3491160480459
2024-03-27,37349.540956809426,469.3491160480459
2024-03-28,37667.47580006002,469.3491160480459
2024-03-29,37811.783841346376,469.3491160480459
2024-03-30,37376.802318150076,469.3491160480459
2024-03-31,35343.455479326505,469.3491160480459
2024-04-01,35211.33979577744,469.3491160480459
2024-04-02,35186.1291988838,469.3491160480459
2024-04-03,35197.85849306359,469.3491160480459
2024-04-04,35421.56993412572,469.3491160480459
2024-04-05,35668.297810410026,469.3491160480459
2024-04-06,35702.42756464667,469.3491160480459
2024-04-07,35806.25400580284,469.3491160480459
2024-04-08,35805.590611393716,469.3491160480459
2024-04-09,35894.38945907538,469.3491160480459
2024-04-10,35793.06508626819,469.3491160480459
2024-04-11,35787.49907702778,469.3491160480459
2024-04-12,35077.12336779168,469.3491160480459
2024-04-13,34934.471606308456,469.3491160480459
2024-04-14,35195.42237836837,469.3491160480459
2024-04-15,35569.26752796101,469.3491160480459
2024-04-16,35832.15892448398,469.3491160480459
2024-04-17,35804.729656167634,469.3491160480459
2024-04-18,35876.08810628878,469.3491160480459
2024-04-19,35815.69906091612,469.3491160480459
2024-04-20,35954.714183370466,469.3491160480459
2024-04-21,36402.763922964856,469.3491160480459
2024-04-22,36401.76390075797,469.3491160480459
2024-04-23,36503.48357784343,469.3491160480459
2024-04-24,36478.82378760315,469.3491160480459
2024-04-25,36461.160724118934,469.3491160480459
2024-04-26,35984.4781486974,469.3491160480459
2024-04-27,35937.123546943694,469.3491160480459
2024-04-28,35799.47133189507,469.3491160480459
2024-04-29,35891.491938102496,469.3491160480459
2024-04-30,33630.03703448301,469.3491160480459
2024-05-01,33870.4851514038,469.3491160480459
2024-05-02,34018.4910633553,469.3491160480459
2024-05-03,34225.48443178089,469.3491160480459
2024-05-04,34654.262170189475,469.3491160480459
2024-05-05,34618.756792317974,469.3491160480459
2024-05-06,34666.1883725019,469.3491160480459
2024-05-07,34791.25959295498,469.3491160480459
2024-05-08,34943.515999708405,469.3491160480459
2024-05-09,35003.61555592642,469.3491160480459
2024-05-10,35204.50399640356,469.3491160480459
2024-05-11,35180.34534672429,469.3491160480459
2024-05-12,35231.542917884486,469.3491160480459
2024-05-13,35242.7118239266,469.3491160480459
2024-05-14,35167.53972912029,469.3491160480459
2024-05-15,34971.230814880146,469.3491160480459
2024-05-16,35131.50495907217,469.3491160480459
2024-05-17,35182.783957900414,469.3669558268103
2024-05-18,35125.898759106516,469.3669558268103
2024-05-19,35177.73064506103,469.3669558268103
2024-05-20,35068.797788224125,469.3669558268103
2024-05-21,34876.382293557304,469.3669558268103
2024-05-22,34984.93597520338,469.3669558268103
2024-05-23,35223.41876544447,469.3669558268103
2024-05-24,35338.91666721994,469.3669558268103
2024-05-25,35628.43436380742,469.3669558268103
2024-05-26,35732.33019379665,469.3669558268103
2024-05-27,35672.45058607944,469.3669558268103
2024-05-28,35598.366854626234,469.3669558268103
2024-05-29,35625.21901611342,469.3669558268103
2024-05-30,35884.91103994924,469.3669558268103
2024-05-31,35905.16987100472,469.3669558268103
2024-06-01,35785.26398518708,469.3669558268103
2024-06-02,35928.95290034051,469.3669558268103
2024-06-03,36231.661052802396,469.3669558268103
2024-06-04,36825.28117128253,469.3669558268103
2024-06-05,36808.92200897778,469.3669558268103
2024-06-06,36989.732246429856,469.3669558268103
2024-06-07,36972.74984391043,469.3669558268103
2024-06-08,37062.261744914504,469.3669558268103
2024-06-09,34647.832427990244,469.3669558268103
2024-06-10,34754.88533842136,469.3669558268103
2024-06-11,34746.44411617492,469.3669558268103
2024-06-12,34851.70399811438,469.3669558268103
2024-06-13,35125.138864050714,469.3669558268103
2024-06-14,35125.77163958412,469.3669558268103
2024-06-15,35076.909099357836,469.3669558268103
2024-06-16,35097.36414817345,469.3669558268103
2024-06-17,35083.96425779556,469.3669558268103
2024-06-18,35037.77573977272,469.3669558268103
2024-06-19,35084.866244576435,469.3669558268103
2024-06-20,35126.79270446823,469.3669558268103
2024-06-21,35116.90083725895,469.3669558268103
2024-06-22,35101.48690431794,469.3669558268103
2024-06-23,35113.14918663183,469.3669558268103
2024-06-24,35113.05528853921,469.3669558268103
2024-06-25,35276.902376972175,469.3669558268103
2024-06-26,35255.27069626688,469.3669558268103
2024-06-27,35161.33937603246,469.3669558268103
2024-06-28,35327.141304218276,469.3893088009935
2024-06-29,35357.05737410372,469.3893088009935
2024-06-30,31333.0246181397,469.3893088009935
2024-07-01,31409.527560764334,469.3893088009935
2024-07-02,31425.916316599803,469.3893088009935
2024-07-03,31403.086019419577,469.3893088009935
2024-07-04,31402.576567340213,469.3893088009935
2024-07-05,31247.934121539343,469.3893088009935
2024-07-06,31314.977717334852,469.3893088009935
2024-07-07,31473.502816262288,469.3893088009935
2024-07-08,31476.89604093274,469.3893088009935
2024-07-09,32185.496751087503,469.3893088009935
2024-07-10,32634.208179484893,469.3893088009935
2024-07-11,31996.42088256063,469.3893088009935
2024-07-12,31975.624307101167,469.3893088009935
2024-07-13,32300.18038587283,469.3893088009935
2024-07-14,32467.26103176449,469.3893088009935
2024-07-15,32452.19698329636,469.3893088009935
2024-07-16,32606.560143077175,469.3893088009935
2024-07-17,33201.8324958491,469.3893088009935
2024-07-18,33245.900463387356,469.3893088009935
2024-07-19,33367.17361874491,469.3893088009935
2024-07-20,33509.7582173823,469.3893088009935
2024-07-21,33509.0866881608,469.3893088009935
2024-07-22,33534.63485745855,469.3893088009935
2024-07-23,32839.420647980165,469.3893088009935
2024-07-24,32920.177932861996,469.3893088009935
2024-07-25,32745.78146969061,469.3893088009935
2024-07-26,32610.022410340694,469.3893088009935
2024-07-27,32659.25461562198,469.3893088009935
2024-07-28,32654.231506913682,469.3893088009935
2024-07-29,32638.566495614807,469.3893088009935
2024-07-30,32614.335456855653,469.3893088009935
2024-07-31,32628.79766226507,469.3893088009935
2024-08-01,31830.480805973413,469.3893088009935
2024-08-02,31877.358497535522,469.3893088009935
2024-08-03,31799.363975185388,469.3893088009935
2024-08-04,31836.829195315862,469.3893088009935
2024-08-05,31923.255260469617,469.3893088009935
2024-08-06,32244.72958442617,469.3893088009935
2024-08-07,28270.6507084669,469.3893088009935
2024-08-08,28270.6507084669,469.3893088009935
2024-08-09,28270.6507084669,469.3893088009935
2024-08-10,28270.6507084669,469.3893088009935
2024-08-11,28270.6507084669,469.3893088009935
2024-08-12,28270.6507084669,469.3893088009935
2024-08-13,28270.6507084669,469.3893088009935
2024-08-14,28270.6507084669,469.3893088009935
2024-08-15,28270.6507084669,469.3893088009935
2024-08-16,28270.6507084669,469.3893088009935
2024-08-17,28270.6507084669,469.3893088009935
2024-08-18,28270.6507084669,469.3893088009935
2024-08-19,28270.6507084669,469.3893088009935
2024-08-20,28270.6507084669,469.3893088009935
2024-08-21,28270.6507084669,469.3893088009935
2024-08-22,28270.6507084669,469.3893088009935
2024-08-23,28270.6507084669,469.3893088009935
2024-08-24,28270.6507084669,469.3893088009935
2024-08-25,28270.6507084669,469.3893088009935
2024-08-26,28270.6507084669,469.3893088009935
2024-08-27,28270.6507084669,469.3893088009935
2024-08-28,28270.6507084669,469.3893088009935
2024-08-29,32266.395458466905,469.3893088009935
2024-08-30,32266.395458466905,469.3893088009935
2024-08-31,32266.395458466905,469.3893088009935
2024-09-01,32266.395458466905,469.3893088009935
2024-09-02,32266.395458466905,469.3893088009935
2024-09-03,32266.395458466905,469.3893088009935
2024-09-04,32266.395458466905,469.3893088009935
2024-09-05,32204.51145703265,469.3893088009935
2024-09-06,32210.65787430561,469.3893088009935
2024-09-07,32265.398183102057,469.3893088009935
2024-09-08,32321.22132351502,469.3893088009935
2024-09-09,32360.2335701674,469.3893088009935
2024-09-10,32553.068153915083,469.3893088009935
2024-09-11,32608.382555497665,469.3893088009935
2024-09-12,32656.9490362334,469.3893088009935
2024-09-13,32883.35142772073,469.3893088009935
2024-09-14,32238.620491725505,469.3893088009935
2024-09-15,32234.359098195713,469.3893088009935
2024-09-16,32240.36741178246,469.3893088009935
2024-09-17,32207.211418512226,469.3893088009935
2024-09-18,32195.395607817918,469.3893088009935
2024-09-19,32248.91418501651,469.3893088009935
2024-09-20,32400.070178046502,469.3893088009935
2024-09-21,32407.906759392983,469.3893088009935
2024-09-22,32280.37711899093,469.3893088009935
2024-09-23,32284.963980789184,469.3893088009935
2024-09-24,32454.776039323977,469.3893088009935
2024-09-25,32860.37022644442,469.3893088009935
2024-09-26,33024.090697341395,469.3893088009935
2024-09-27,33210.95623514803,469.3893088009935
2024-09-28,33100.42022910326,469.3893088009935
2024-09-29,33223.27290363488,469.3893088009935
2024-09-30,33322.829504937814,469.3893088009935
2024-10-01,33325.11153044085,469.3893088009935
2024-10-02,33304.47581547067,469.3893088009935
2024-10-03,33355.41374498165,469.3893088009935
2024-10-04,33234.36012742731,469.3893088009935
2024-10-05,33293.49412015089,469.3893088009935
2024-10-06,33230.19288737035,469.3893088009935
2024-10-07,33250.6920074334,469.3893088009935
2024-10-08,33183.73293448447,469.3893088009935
2024-10-09,33175.03429934443,469.3893088009935
2024-10-10,33170.97567867551,469.3893088009935
2024-10-11,33190.96551729974,469.3893088009935
2024-10-12,33215.11007150475,469.3893088009935
2024-10-13,33420.64749052152,469.3893088009935
2024-10-14,33410.92948835929,469.3893088009935
2024-10-15,33404.60659451869,469.3893088009935
2024-10-16,33405.04511849275,469.3893088009935
2024-10-17,33504.48992544981,469.3893088009935
2024-10-18,33461.68818788714,469.3893088009935
2024-10-19,33688.60371832433,469.3893088009935
2024-10-20,34018.4616250023,469.3893088009935
2024-10-21,34170.14700774352,469.3893088009935
2024-10-22,34155.637288396545,469.3893088009935
