date,0x8EB8a3b98659Cce290402893d0123abb75E3ab28
2020-01-01,
2020-01-02,
2020-01-03,
2020-01-04,
2020-01-05,
2020-01-06,
2020-01-07,
2020-01-08,
2020-01-09,
2020-01-10,
2020-01-11,
2020-01-12,
2020-01-13,
2020-01-14,
2020-01-15,
2020-01-16,
2020-01-17,
2020-01-18,
2020-01-19,
2020-01-20,
2020-01-21,
2020-01-22,
2020-01-23,
2020-01-24,
2020-01-25,
2020-01-26,
2020-01-27,
2020-01-28,
2020-01-29,
2020-01-30,
2020-01-31,
2020-02-01,
2020-02-02,
2020-02-03,
2020-02-04,
2020-02-05,
2020-02-06,
2020-02-07,
2020-02-08,
2020-02-09,
2020-02-10,
2020-02-11,
2020-02-12,
2020-02-13,
2020-02-14,
2020-02-15,
2020-02-16,
2020-02-17,
2020-02-18,
2020-02-19,
2020-02-20,
2020-02-21,
2020-02-22,
2020-02-23,
2020-02-24,
2020-02-25,
2020-02-26,
2020-02-27,
2020-02-28,
2020-02-29,
2020-03-01,
2020-03-02,
2020-03-03,
2020-03-04,
2020-03-05,
2020-03-06,
2020-03-07,
2020-03-08,
2020-03-09,
2020-03-10,
2020-03-11,
2020-03-12,
2020-03-13,
2020-03-14,
2020-03-15,
2020-03-16,
2020-03-17,
2020-03-18,
2020-03-19,
2020-03-20,
2020-03-21,
2020-03-22,
2020-03-23,
2020-03-24,
2020-03-25,
2020-03-26,
2020-03-27,
2020-03-28,
2020-03-29,
2020-03-30,
2020-03-31,
2020-04-01,
2020-04-02,
2020-04-03,
2020-04-04,
2020-04-05,
2020-04-06,
2020-04-07,
2020-04-08,
2020-04-09,
2020-04-10,
2020-04-11,
2020-04-12,
2020-04-13,
2020-04-14,
2020-04-15,
2020-04-16,
2020-04-17,
2020-04-18,
2020-04-19,
2020-04-20,
2020-04-21,
2020-04-22,
2020-04-23,
2020-04-24,
2020-04-25,
2020-04-26,
2020-04-27,
2020-04-28,
2020-04-29,
2020-04-30,
2020-05-01,
2020-05-02,
2020-05-03,
2020-05-04,
2020-05-05,
2020-05-06,
2020-05-07,
2020-05-08,
2020-05-09,
2020-05-10,
2020-05-11,
2020-05-12,
2020-05-13,
2020-05-14,
2020-05-15,
2020-05-16,
2020-05-17,
2020-05-18,
2020-05-19,
2020-05-20,
2020-05-21,
2020-05-22,
2020-05-23,
2020-05-24,
2020-05-25,
2020-05-26,
2020-05-27,
2020-05-28,
2020-05-29,
2020-05-30,
2020-05-31,
2020-06-01,
2020-06-02,
2020-06-03,
2020-06-04,
2020-06-05,
2020-06-06,
2020-06-07,
2020-06-08,
2020-06-09,
2020-06-10,
2020-06-11,
2020-06-12,
2020-06-13,
2020-06-14,
2020-06-15,
2020-06-16,
2020-06-17,
2020-06-18,
2020-06-19,
2020-06-20,
2020-06-21,
2020-06-22,
2020-06-23,
2020-06-24,
2020-06-25,
2020-06-26,
2020-06-27,
2020-06-28,
2020-06-29,
2020-06-30,
2020-07-01,
2020-07-02,
2020-07-03,
2020-07-04,
2020-07-05,
2020-07-06,
2020-07-07,
2020-07-08,
2020-07-09,
2020-07-10,
2020-07-11,
2020-07-12,
2020-07-13,
2020-07-14,
2020-07-15,
2020-07-16,
2020-07-17,
2020-07-18,
2020-07-19,
2020-07-20,
2020-07-21,
2020-07-22,
2020-07-23,
2020-07-24,
2020-07-25,
2020-07-26,
2020-07-27,
2020-07-28,
2020-07-29,
2020-07-30,
2020-07-31,
2020-08-01,
2020-08-02,
2020-08-03,
2020-08-04,
2020-08-05,
2020-08-06,
2020-08-07,
2020-08-08,
2020-08-09,
2020-08-10,
2020-08-11,
2020-08-12,
2020-08-13,
2020-08-14,
2020-08-15,
2020-08-16,
2020-08-17,
2020-08-18,
2020-08-19,
2020-08-20,
2020-08-21,
2020-08-22,
2020-08-23,
2020-08-24,
2020-08-25,
2020-08-26,
2020-08-27,
2020-08-28,
2020-08-29,
2020-08-30,
2020-08-31,
2020-09-01,
2020-09-02,
2020-09-03,
2020-09-04,
2020-09-05,
2020-09-06,
2020-09-07,
2020-09-08,
2020-09-09,
2020-09-10,
2020-09-11,
2020-09-12,
2020-09-13,
2020-09-14,
2020-09-15,
2020-09-16,
2020-09-17,
2020-09-18,
2020-09-19,
2020-09-20,
2020-09-21,
2020-09-22,
2020-09-23,
2020-09-24,
2020-09-25,
2020-09-26,
2020-09-27,
2020-09-28,
2020-09-29,
2020-09-30,
2020-10-01,
2020-10-02,
2020-10-03,
2020-10-04,
2020-10-05,
2020-10-06,
2020-10-07,
2020-10-08,
2020-10-09,
2020-10-10,
2020-10-11,
2020-10-12,
2020-10-13,
2020-10-14,
2020-10-15,
2020-10-16,
2020-10-17,
2020-10-18,
2020-10-19,
2020-10-20,
2020-10-21,
2020-10-22,
2020-10-23,
2020-10-24,
2020-10-25,
2020-10-26,
2020-10-27,
2020-10-28,
2020-10-29,
2020-10-30,
2020-10-31,
2020-11-01,
2020-11-02,
2020-11-03,
2020-11-04,
2020-11-05,
2020-11-06,
2020-11-07,
2020-11-08,
2020-11-09,
2020-11-10,
2020-11-11,
2020-11-12,
2020-11-13,
2020-11-14,
2020-11-15,
2020-11-16,
2020-11-17,
2020-11-18,
2020-11-19,
2020-11-20,
2020-11-21,
2020-11-22,
2020-11-23,
2020-11-24,
2020-11-25,
2020-11-26,
2020-11-27,
2020-11-28,
2020-11-29,
2020-11-30,
2020-12-01,
2020-12-02,
2020-12-03,
2020-12-04,
2020-12-05,
2020-12-06,
2020-12-07,
2020-12-08,
2020-12-09,
2020-12-10,
2020-12-11,
2020-12-12,
2020-12-13,
2020-12-14,
2020-12-15,
2020-12-16,
2020-12-17,
2020-12-18,
2020-12-19,
2020-12-20,
2020-12-21,
2020-12-22,
2020-12-23,
2020-12-24,
2020-12-25,
2020-12-26,
2020-12-27,
2020-12-28,
2020-12-29,
2020-12-30,
2020-12-31,
2021-01-01,
2021-01-02,
2021-01-03,
2021-01-04,
2021-01-05,
2021-01-06,
2021-01-07,
2021-01-08,
2021-01-09,
2021-01-10,
2021-01-11,
2021-01-12,
2021-01-13,
2021-01-14,
2021-01-15,
2021-01-16,
2021-01-17,
2021-01-18,
2021-01-19,
2021-01-20,
2021-01-21,
2021-01-22,
2021-01-23,
2021-01-24,
2021-01-25,
2021-01-26,
2021-01-27,
2021-01-28,
2021-01-29,
2021-01-30,
2021-01-31,
2021-02-01,
2021-02-02,
2021-02-03,
2021-02-04,
2021-02-05,
2021-02-06,
2021-02-07,
2021-02-08,
2021-02-09,
2021-02-10,
2021-02-11,
2021-02-12,
2021-02-13,
2021-02-14,
2021-02-15,
2021-02-16,
2021-02-17,
2021-02-18,
2021-02-19,
2021-02-20,
2021-02-21,
2021-02-22,
2021-02-23,
2021-02-24,
2021-02-25,
2021-02-26,
2021-02-27,
2021-02-28,
2021-03-01,
2021-03-02,
2021-03-03,
2021-03-04,
2021-03-05,
2021-03-06,
2021-03-07,
2021-03-08,
2021-03-09,
2021-03-10,
2021-03-11,
2021-03-12,
2021-03-13,
2021-03-14,
2021-03-15,
2021-03-16,
2021-03-17,
2021-03-18,
2021-03-19,
2021-03-20,
2021-03-21,
2021-03-22,
2021-03-23,
2021-03-24,
2021-03-25,
2021-03-26,
2021-03-27,
2021-03-28,
2021-03-29,
2021-03-30,
2021-03-31,
2021-04-01,
2021-04-02,
2021-04-03,
2021-04-04,
2021-04-05,
2021-04-06,
2021-04-07,
2021-04-08,
2021-04-09,
2021-04-10,
2021-04-11,
2021-04-12,
2021-04-13,
2021-04-14,
2021-04-15,
2021-04-16,
2021-04-17,
2021-04-18,
2021-04-19,
2021-04-20,
2021-04-21,
2021-04-22,
2021-04-23,
2021-04-24,
2021-04-25,
2021-04-26,
2021-04-27,
2021-04-28,
2021-04-29,
2021-04-30,
2021-05-01,
2021-05-02,
2021-05-03,
2021-05-04,
2021-05-05,
2021-05-06,
2021-05-07,
2021-05-08,
2021-05-09,
2021-05-10,
2021-05-11,
2021-05-12,
2021-05-13,
2021-05-14,
2021-05-15,
2021-05-16,
2021-05-17,
2021-05-18,
2021-05-19,
2021-05-20,
2021-05-21,
2021-05-22,
2021-05-23,
2021-05-24,
2021-05-25,
2021-05-26,
2021-05-27,
2021-05-28,
2021-05-29,
2021-05-30,
2021-05-31,
2021-06-01,
2021-06-02,
2021-06-03,
2021-06-04,
2021-06-05,
2021-06-06,
2021-06-07,
2021-06-08,
2021-06-09,
2021-06-10,
2021-06-11,
2021-06-12,
2021-06-13,
2021-06-14,
2021-06-15,
2021-06-16,
2021-06-17,
2021-06-18,
2021-06-19,
2021-06-20,
2021-06-21,
2021-06-22,
2021-06-23,
2021-06-24,
2021-06-25,
2021-06-26,
2021-06-27,
2021-06-28,
2021-06-29,
2021-06-30,
2021-07-01,
2021-07-02,
2021-07-03,
2021-07-04,
2021-07-05,
2021-07-06,
2021-07-07,
2021-07-08,
2021-07-09,
2021-07-10,
2021-07-11,
2021-07-12,
2021-07-13,
2021-07-14,
2021-07-15,
2021-07-16,
2021-07-17,
2021-07-18,
2021-07-19,
2021-07-20,
2021-07-21,
2021-07-22,
2021-07-23,
2021-07-24,
2021-07-25,
2021-07-26,
2021-07-27,
2021-07-28,
2021-07-29,
2021-07-30,
2021-07-31,
2021-08-01,
2021-08-02,
2021-08-03,
2021-08-04,
2021-08-05,
2021-08-06,
2021-08-07,
2021-08-08,
2021-08-09,
2021-08-10,
2021-08-11,
2021-08-12,
2021-08-13,
2021-08-14,
2021-08-15,
2021-08-16,
2021-08-17,
2021-08-18,
2021-08-19,
2021-08-20,
2021-08-21,
2021-08-22,
2021-08-23,
2021-08-24,
2021-08-25,
2021-08-26,
2021-08-27,
2021-08-28,
2021-08-29,
2021-08-30,
2021-08-31,
2021-09-01,
2021-09-02,
2021-09-03,
2021-09-04,
2021-09-05,
2021-09-06,
2021-09-07,
2021-09-08,
2021-09-09,
2021-09-10,
2021-09-11,
2021-09-12,
2021-09-13,
2021-09-14,
2021-09-15,
2021-09-16,
2021-09-17,
2021-09-18,
2021-09-19,
2021-09-20,
2021-09-21,
2021-09-22,
2021-09-23,
2021-09-24,
2021-09-25,
2021-09-26,
2021-09-27,
2021-09-28,
2021-09-29,
2021-09-30,
2021-10-01,
2021-10-02,
2021-10-03,
2021-10-04,
2021-10-05,
2021-10-06,
2021-10-07,
2021-10-08,
2021-10-09,
2021-10-10,
2021-10-11,
2021-10-12,
2021-10-13,
2021-10-14,
2021-10-15,
2021-10-16,
2021-10-17,
2021-10-18,
2021-10-19,
2021-10-20,
2021-10-21,
2021-10-22,
2021-10-23,
2021-10-24,
2021-10-25,
2021-10-26,
2021-10-27,
2021-10-28,
2021-10-29,
2021-10-30,
2021-10-31,
2021-11-01,
2021-11-02,
2021-11-03,
2021-11-04,
2021-11-05,
2021-11-06,
2021-11-07,
2021-11-08,
2021-11-09,
2021-11-10,
2021-11-11,
2021-11-12,
2021-11-13,
2021-11-14,
2021-11-15,
2021-11-16,
2021-11-17,
2021-11-18,
2021-11-19,
2021-11-20,
2021-11-21,
2021-11-22,
2021-11-23,
2021-11-24,
2021-11-25,
2021-11-26,
2021-11-27,
2021-11-28,
2021-11-29,
2021-11-30,
2021-12-01,
2021-12-02,
2021-12-03,
2021-12-04,
2021-12-05,
2021-12-06,
2021-12-07,
2021-12-08,
2021-12-09,
2021-12-10,
2021-12-11,
2021-12-12,
2021-12-13,
2021-12-14,
2021-12-15,
2021-12-16,
2021-12-17,
2021-12-18,
2021-12-19,
2021-12-20,
2021-12-21,
2021-12-22,
2021-12-23,
2021-12-24,
2021-12-25,
2021-12-26,
2021-12-27,
2021-12-28,
2021-12-29,
2021-12-30,
2021-12-31,
2022-01-01,
2022-01-02,
2022-01-03,
2022-01-04,
2022-01-05,
2022-01-06,
2022-01-07,
2022-01-08,
2022-01-09,
2022-01-10,
2022-01-11,
2022-01-12,
2022-01-13,
2022-01-14,
2022-01-15,
2022-01-16,
2022-01-17,
2022-01-18,
2022-01-19,
2022-01-20,
2022-01-21,
2022-01-22,
2022-01-23,
2022-01-24,
2022-01-25,
2022-01-26,
2022-01-27,
2022-01-28,
2022-01-29,
2022-01-30,
2022-01-31,
2022-02-01,
2022-02-02,
2022-02-03,
2022-02-04,
2022-02-05,
2022-02-06,
2022-02-07,
2022-02-08,
2022-02-09,
2022-02-10,
2022-02-11,
2022-02-12,
2022-02-13,
2022-02-14,
2022-02-15,
2022-02-16,
2022-02-17,
2022-02-18,
2022-02-19,
2022-02-20,
2022-02-21,
2022-02-22,
2022-02-23,
2022-02-24,
2022-02-25,
2022-02-26,
2022-02-27,
2022-02-28,
2022-03-01,
2022-03-02,
2022-03-03,
2022-03-04,
2022-03-05,
2022-03-06,
2022-03-07,
2022-03-08,
2022-03-09,
2022-03-10,
2022-03-11,
2022-03-12,
2022-03-13,
2022-03-14,
2022-03-15,
2022-03-16,
2022-03-17,
2022-03-18,
2022-03-19,
2022-03-20,
2022-03-21,
2022-03-22,
2022-03-23,
2022-03-24,
2022-03-25,
2022-03-26,
2022-03-27,
2022-03-28,
2022-03-29,
2022-03-30,
2022-03-31,
2022-04-01,
2022-04-02,
2022-04-03,
2022-04-04,
2022-04-05,
2022-04-06,
2022-04-07,
2022-04-08,
2022-04-09,
2022-04-10,
2022-04-11,
2022-04-12,
2022-04-13,
2022-04-14,
2022-04-15,
2022-04-16,
2022-04-17,
2022-04-18,
2022-04-19,
2022-04-20,
2022-04-21,
2022-04-22,
2022-04-23,
2022-04-24,
2022-04-25,
2022-04-26,
2022-04-27,
2022-04-28,
2022-04-29,
2022-04-30,
2022-05-01,
2022-05-02,
2022-05-03,
2022-05-04,
2022-05-05,
2022-05-06,
2022-05-07,
2022-05-08,
2022-05-09,
2022-05-10,
2022-05-11,
2022-05-12,
2022-05-13,
2022-05-14,
2022-05-15,
2022-05-16,
2022-05-17,
2022-05-18,
2022-05-19,
2022-05-20,
2022-05-21,
2022-05-22,
2022-05-23,
2022-05-24,
2022-05-25,
2022-05-26,
2022-05-27,
2022-05-28,
2022-05-29,
2022-05-30,
2022-05-31,
2022-06-01,
2022-06-02,
2022-06-03,
2022-06-04,
2022-06-05,
2022-06-06,
2022-06-07,
2022-06-08,
2022-06-09,
2022-06-10,
2022-06-11,
2022-06-12,
2022-06-13,
2022-06-14,
2022-06-15,
2022-06-16,
2022-06-17,
2022-06-18,
2022-06-19,
2022-06-20,
2022-06-21,
2022-06-22,
2022-06-23,
2022-06-24,
2022-06-25,
2022-06-26,
2022-06-27,
2022-06-28,
2022-06-29,
2022-06-30,
2022-07-01,
2022-07-02,
2022-07-03,
2022-07-04,
2022-07-05,
2022-07-06,
2022-07-07,0.0
2022-07-08,346.0160974503391
2022-07-09,350.7589066614201
2022-07-10,350.64432018917915
2022-07-11,350.5374747827611
2022-07-12,350.2876425426344
2022-07-13,350.08122429350874
2022-07-14,349.891880650012
2022-07-15,349.66527797558126
2022-07-16,349.4634356942301
2022-07-17,349.3183603105444
2022-07-18,349.20572695580495
2022-07-19,348.85183885028556
2022-07-20,348.53452326025337
2022-07-21,348.2335544739505
2022-07-22,348.0848445891681
2022-07-23,350.4327041015744
2022-07-24,350.35487140221215
2022-07-25,350.27213080656
2022-07-26,350.11318920303256
2022-07-27,349.93539501037736
2022-07-28,349.77357613622354
2022-07-29,349.5202937222804
2022-07-30,349.3659633003391
2022-07-31,349.28146264305826
2022-08-01,349.2087542470832
2022-08-02,349.07000813479164
2022-08-03,348.89295244980684
2022-08-04,348.72200689582087
2022-08-05,348.53167865293113
2022-08-06,350.3752351801681
2022-08-07,350.27618428399205
2022-08-08,350.1940836400876
2022-08-09,350.0002944190871
2022-08-10,349.8024865544231
2022-08-11,349.5209668919466
2022-08-12,349.2690256167893
2022-08-13,349.1068292020423
2022-08-14,349.01158441963656
2022-08-15,348.8991637605464
2022-08-16,348.7602088311283
2022-08-17,348.6576929948383
2022-08-18,348.5598908356584
2022-08-19,348.44119806117186
2022-08-20,348.29023345424406
2022-08-21,348.2022645830286
2022-08-22,348.1309197802376
2022-08-23,350.3198520248559
2022-08-24,350.22065349994995
2022-08-25,350.1207476389913
2022-08-26,349.9935858289072
2022-08-27,349.8508735787305
2022-08-28,349.7824113307599
2022-08-29,349.6585925906489
2022-08-30,349.40631091444664
2022-08-31,349.21915050497853
2022-09-01,349.0304567550207
2022-09-02,348.83229704033266
2022-09-03,350.2315442099222
2022-09-04,350.16991057199766
2022-09-05,350.10833813024004
2022-09-06,350.0272012371489
2022-09-07,349.9296915913431
2022-09-08,349.7258836329276
2022-09-09,349.6020054295106
2022-09-10,349.35216245753804
2022-09-11,349.248452341669
2022-09-12,349.1261151984285
2022-09-13,348.86444155701616
2022-09-14,348.67930994921784
2022-09-15,348.35945312207855
2022-09-16,348.14158864387326
2022-09-17,350.0655380790665
2022-09-18,350.01610784254564
2022-09-19,349.9689896509177
2022-09-20,349.8703597376266
2022-09-21,349.786465832498
2022-09-22,349.7009518533571
2022-09-23,349.6095183788221
2022-09-24,349.53910181249734
2022-09-25,349.5065459243482
2022-09-26,349.4623617298272
2022-09-27,349.38212711113846
2022-09-28,349.2845181587327
2022-09-29,349.16764016070806
2022-09-30,349.09256248169055
2022-10-01,349.00438341483016
2022-10-02,348.94308388410394
2022-10-03,348.89978789201473
2022-10-04,348.8109390997741
2022-10-05,348.72098298958775
2022-10-06,348.62729189496986
2022-10-07,348.5403397551067
2022-10-08,350.4655666292905
2022-10-09,350.3946461480605
2022-10-10,350.32288976455953
2022-10-11,350.1517469081396
2022-10-12,350.0330690100833
2022-10-13,349.95170974971865
2022-10-14,349.81969740170973
2022-10-15,349.7038693375619
2022-10-16,349.6518403308569
2022-10-17,349.60703135258444
2022-10-18,349.4992474513701
2022-10-19,349.3613028049629
2022-10-20,349.2362244463804
2022-10-21,349.0784372411481
2022-10-22,348.95888639701457
2022-10-23,348.89408603794425
2022-10-24,348.8295803740495
2022-10-25,348.75407845022613
2022-10-26,348.6553974148421
2022-10-27,348.5378348044578
2022-10-28,348.4311110502845
2022-10-29,348.32805298298325
2022-10-30,348.25487551144164
2022-10-31,348.21371309351645
2022-11-01,348.10176485401064
2022-11-02,348.0223200734763
2022-11-03,347.9143099555099
2022-11-04,347.83565761622907
2022-11-05,347.7272993187114
2022-11-06,347.6692064138379
2022-11-07,347.6151162103512
2022-11-08,347.5225494590885
2022-11-09,347.1465727709238
2022-11-10,346.37424145670036
2022-11-11,345.967872199609
2022-11-12,345.7541967445223
2022-11-13,345.616527676139
2022-11-14,345.48190180931414
2022-11-15,350.52619932031877
2022-11-16,350.39341873263555
2022-11-17,350.2786871857267
2022-11-18,350.1481134759589
2022-11-19,350.0477565622533
2022-11-20,349.9900383765641
2022-11-21,349.93558093545715
2022-11-22,349.79619585914696
2022-11-23,349.6985072258111
2022-11-24,349.61785478258054
2022-11-25,349.5693897888724
2022-11-26,349.4344709127759
2022-11-27,349.3685341121438
2022-11-28,349.32353215609214
2022-11-29,349.26015850427177
2022-11-30,349.19822472120427
2022-12-01,349.1090922999685
2022-12-02,349.0346782485168
2022-12-03,348.9717350695167
2022-12-04,348.93349117917336
2022-12-05,348.8926417151483
2022-12-06,348.82911964777225
2022-12-07,348.73861441305655
2022-12-08,348.6714050611575
2022-12-09,348.5705049980512
2022-12-10,348.49007215716233
2022-12-11,348.4492827868877
2022-12-12,348.41405762218517
2022-12-13,350.5491447887685
2022-12-14,350.3923691796109
2022-12-15,350.3144087855799
2022-12-16,350.2452001782641
2022-12-17,350.16665345388674
2022-12-18,350.11596315659455
2022-12-19,350.0781191866979
2022-12-20,350.02470499203696
2022-12-21,349.9520560742474
2022-12-22,349.90221609084426
2022-12-23,349.81889335049584
2022-12-24,349.7642961103173
2022-12-25,349.72331280704077
2022-12-26,349.7013460987937
2022-12-27,349.65966992692404
2022-12-28,349.5955146641502
2022-12-29,349.51068704225844
2022-12-30,349.4507557539738
2022-12-31,349.3884588923778
2023-01-01,349.3198683302081
2023-01-02,349.27076617188237
2023-01-03,349.19602561392526
2023-01-04,349.09427361191257
2023-01-05,349.0293519541721
2023-01-06,348.9753236632819
2023-01-07,348.910315433718
2023-01-08,348.85683925959273
2023-01-09,348.8031709733798
2023-01-10,348.68122671017096
2023-01-11,348.6038921944957
2023-01-12,348.5007194274285
2023-01-13,348.3760006706351
2023-01-14,350.5633176525032
2023-01-15,350.4741932790059
2023-01-16,350.41807114747377
2023-01-17,350.3093259476984
2023-01-18,350.20624790769074
2023-01-19,350.10513684781404
2023-01-20,350.0162758452686
2023-01-21,349.93713681322856
2023-01-22,349.8610426810564
2023-01-23,349.80481497245233
2023-01-24,349.7098020471189
2023-01-25,349.61345776957376
2023-01-26,349.5374135611924
2023-01-27,349.440835150368
2023-01-28,349.35540375043
2023-01-29,349.3014568834863
2023-01-30,349.20435467780766
2023-01-31,349.13636712095905
2023-02-01,349.0274833066275
2023-02-02,348.91215819318126
2023-02-03,348.73205423045846
2023-02-04,348.5689804609783
2023-02-05,348.49672782309426
2023-02-06,348.42019022316896
2023-02-07,348.32972024610683
2023-02-08,348.2028993887453
2023-02-09,348.0717574092995
2023-02-10,347.97289933874225
2023-02-11,347.89101169774403
2023-02-12,347.83057587846037
2023-02-13,347.7779838486338
2023-02-14,347.6679083905102
2023-02-15,347.4656430069913
2023-02-16,347.31436042573824
2023-02-17,350.5738298620538
2023-02-18,350.4232966417615
2023-02-19,350.3377712002266
2023-02-20,350.2543703297068
2023-02-21,350.107227017901
2023-02-22,349.9980583506575
2023-02-23,349.87699575904344
2023-02-24,349.72060285926864
2023-02-25,349.62990664387524
2023-02-26,349.5715975829044
2023-02-27,349.511201062284
2023-02-28,349.42015045112436
2023-03-01,349.30342074225086
2023-03-02,349.20936774609993
2023-03-03,349.13185404622436
2023-03-04,349.00772496702666
2023-03-05,348.9328144733915
2023-03-06,348.8672841577485
2023-03-07,348.7130365507424
2023-03-08,348.6110282859721
2023-03-09,348.508408778806
2023-03-10,348.36316264505956
2023-03-11,348.1829710215198
2023-03-12,346.63785562635474
2023-03-13,346.4323917270069
2023-03-14,346.26139706653134
2023-03-15,346.1139749927893
2023-03-16,345.99254146852996
2023-03-17,345.8793856605937
2023-03-18,345.78186545060896
2023-03-19,345.6912368564007
2023-03-20,345.58267452975645
2023-03-21,345.4875976597588
2023-03-22,345.4162411330711
2023-03-23,345.3597314619518
2023-03-24,345.27814735872
2023-03-25,345.1795147581603
2023-03-26,345.10635282840684
2023-03-27,345.02684023052126
2023-03-28,344.89925115248917
2023-03-29,350.51920496652406
2023-03-30,350.4227318279397
2023-03-31,350.34364984869495
2023-04-01,350.2116408181842
2023-04-02,350.12998741196986
2023-04-03,350.0843819189252
2023-04-04,349.9904441447142
2023-04-05,349.9054847574957
2023-04-06,349.7922029547335
2023-04-07,349.7153507143932
2023-04-08,349.64157295865795
2023-04-09,349.5771520898109
2023-04-10,349.52641735774085
2023-04-11,349.4482511948802
2023-04-12,349.3584387398747
2023-04-13,349.3028259506011
2023-04-14,349.1611586235811
2023-04-15,349.02732038470424
2023-04-16,348.9624336304007
2023-04-17,348.89603785487867
2023-04-18,348.75723880001226
2023-04-19,348.5694512396672
2023-04-20,348.3914739859109
2023-04-21,348.2497439507365
2023-04-22,348.1484674903923
2023-04-23,348.0697953640638
2023-04-24,348.0285732478291
2023-04-25,347.9284235482086
2023-04-26,347.87039276762584
2023-04-27,347.7793577115471
2023-04-28,347.70898488636885
2023-04-29,347.65055261000884
2023-04-30,347.5560251368621
2023-05-01,347.48404653079115
2023-05-02,347.3694688764048
2023-05-03,347.186074277845
2023-05-04,347.06588199635644
2023-05-05,346.90757695248095
2023-05-06,346.5168947913406
2023-05-07,346.2936569621466
2023-05-08,346.1077071643534
2023-05-09,345.9559042549672
2023-05-10,345.7808461038922
2023-05-11,345.60477216407554
2023-05-12,345.47820615972535
2023-05-13,345.3695225233745
2023-05-14,345.30519666582546
2023-05-15,345.2494683881562
2023-05-16,345.17962741328483
2023-05-17,345.0413218680908
2023-05-18,344.947435575943
2023-05-19,344.85532768146686
2023-05-20,344.8082700224187
2023-05-21,344.7477506772028
2023-05-22,344.69069521849605
2023-05-23,344.58382502604525
2023-05-24,344.46987893710207
2023-05-25,344.32949822386485
2023-05-26,344.25265025437625
2023-05-27,344.17798446073084
2023-05-28,344.1313382781131
2023-05-29,344.08260294660886
2023-05-30,343.9798466021919
2023-05-31,343.74711167699286
2023-06-01,343.65375957731214
2023-06-02,343.6247435712601
2023-06-03,343.5337310499772
2023-06-04,343.47315516103197
2023-06-05,343.4359417491741
2023-06-06,343.3619318792136
2023-06-07,343.2794020098639
2023-06-08,343.23334610386644
2023-06-09,343.187457207377
2023-06-10,343.1409880923061
2023-06-11,343.07223330284984
2023-06-12,343.0311282178055
2023-06-13,342.97939091854556
2023-06-14,342.9320956865688
2023-06-15,342.89375918072784
2023-06-16,342.81895241985166
2023-06-17,342.7706598272944
2023-06-18,342.73933956638734
2023-06-19,342.7125862870282
2023-06-20,342.6766667331705
2023-06-21,342.64385601861795
2023-06-22,342.589125767451
2023-06-23,342.56152135831496
2023-06-24,342.528189236501
2023-06-25,342.5003687521041
2023-06-26,342.4620265235207
2023-06-27,342.422059375008
2023-06-28,342.37326085595856
2023-06-29,342.34685221187544
2023-06-30,342.3134936629397
2023-07-01,342.23161652383556
2023-07-02,342.19718039771993
2023-07-03,342.1574696921296
2023-07-04,342.1148512027388
2023-07-05,342.06880525066214
2023-07-06,342.0094351620747
2023-07-07,341.9539874988882
2023-07-08,366.89801045054674
2023-07-09,366.85765630109654
2023-07-10,366.8167104059289
2023-07-11,366.744059216304
2023-07-12,366.6894719157322
2023-07-13,366.61211665236
2023-07-14,366.5175901464485
2023-07-15,366.4282784431085
2023-07-16,366.3988001213371
2023-07-17,366.354483219121
2023-07-18,366.2933941966719
2023-07-19,366.20691562845013
2023-07-20,366.149932844712
2023-07-21,366.08818339877456
2023-07-22,366.01638439905093
2023-07-23,365.9824881800842
2023-07-24,365.9035284493078
2023-07-25,365.8151055732917
2023-07-26,365.66375712570766
2023-07-27,365.5662911947205
2023-07-28,365.4489423500839
2023-07-29,365.39387400951233
2023-07-30,365.3451995509206
2023-07-31,365.1892372656185
2023-08-01,365.09326230970447
2023-08-02,365.010038826716
2023-08-03,364.8762286743139
2023-08-04,364.82328581325567
2023-08-05,364.77749722376876
2023-08-06,364.65878605886104
2023-08-07,364.60812122828946
2023-08-08,364.5495723613571
2023-08-09,364.47213564169436
2023-08-10,364.4291965306172
2023-08-11,364.3506819088701
2023-08-12,364.2979400663687
2023-08-13,364.269443484172
2023-08-14,364.2427139731614
2023-08-15,364.1749153873498
2023-08-16,364.0678765852371
2023-08-17,363.9626692942001
2023-08-18,363.8166455755233
2023-08-19,363.74850260618535
2023-08-20,363.7110698887889
2023-08-21,363.6738748613941
2023-08-22,363.61282246139814
2023-08-23,363.53807407908874
2023-08-24,363.48537381265237
2023-08-25,363.4220791029661
2023-08-26,363.37322971909543
2023-08-27,363.3398446430622
2023-08-28,363.3088066198356
2023-08-29,363.2434111164846
2023-08-30,363.1379579846928
2023-08-31,363.0665805320455
2023-09-01,363.0048451366777
2023-09-02,362.95595906288514
2023-09-03,362.92671449154943
2023-09-04,362.8973391798266
2023-09-05,362.8646287588494
2023-09-06,362.799947038697
2023-09-07,362.77695566792573
2023-09-08,362.7491852198474
2023-09-09,362.7451838413148
2023-09-10,362.7237598658617
2023-09-11,362.70311144314337
2023-09-12,362.65937770626425
2023-09-13,362.6200156412316
2023-09-14,362.58050567682056
2023-09-15,362.54317714402174
2023-09-16,362.51751799503745
2023-09-17,362.51023079923516
2023-09-18,362.492301204799
2023-09-19,362.4581682661037
2023-09-20,362.4401373592417
2023-09-21,362.41112690392487
2023-09-22,362.3846419228295
2023-09-23,362.36043447347447
2023-09-24,362.3399543351451
2023-09-25,362.3230144432978
2023-09-26,362.279713325645
2023-09-27,362.2562204555773
2023-09-28,362.2241680285899
2023-09-29,362.1959295608449
2023-09-30,362.18101182943906
2023-10-01,362.15784499778886
2023-10-02,362.1401131769525
2023-10-03,362.0863792112473
2023-10-04,362.04486663915395
2023-10-05,361.9966167352276
2023-10-06,361.96706702106695
2023-10-07,361.9447285637161
2023-10-08,361.9258199590651
2023-10-09,361.91618397603224
2023-10-10,361.9009588765532
2023-10-11,361.8731697867184
2023-10-12,361.8438390036778
2023-10-13,361.8325396249077
2023-10-14,361.81759544312575
2023-10-15,361.8030282593987
2023-10-16,361.78956651477387
2023-10-17,361.76427782648113
2023-10-18,361.7324009058338
2023-10-19,361.7020223666111
2023-10-20,361.67447713213335
2023-10-21,361.64386474038474
2023-10-22,361.62204600092224
2023-10-23,361.60110323994456
2023-10-24,361.5268642564348
2023-10-25,361.4169283883634
2023-10-26,361.3627758829814
2023-10-27,361.2876900994704
2023-10-28,361.2470510478171
2023-10-29,361.21931155121854
2023-10-30,361.188390399297
2023-10-31,361.1320717533287
2023-11-01,361.05823579181094
2023-11-02,360.9689974117894
2023-11-03,360.8642298690012
2023-11-04,360.78765408719767
2023-11-05,360.7650586747849
2023-11-06,360.7278293946269
2023-11-07,360.6530812756121
2023-11-08,360.5728841881788
2023-11-09,360.4599091774718
2023-11-10,360.2873481202485
2023-11-11,360.1582560384932
2023-11-12,360.05149530311206
2023-11-13,359.95492211002676
2023-11-14,359.7463873830575
2023-11-15,359.61101285884297
2023-11-16,359.5090181368464
2023-11-17,359.39690824927965
2023-11-18,359.3269165443048
2023-11-19,359.26595207427994
2023-11-20,359.2129194548917
2023-11-21,359.0530151823988
2023-11-22,358.9351167928512
2023-11-23,358.84259804953524
2023-11-24,358.74888138531867
2023-11-25,358.6707727112659
2023-11-26,358.6271693053454
2023-11-27,358.5687210878591
2023-11-28,358.4921990859529
2023-11-29,358.35492627944814
2023-11-30,358.2912785499252
2023-12-01,358.18752756246954
2023-12-02,357.9949398839786
2023-12-03,357.9086583078764
2023-12-04,357.79373475209195
2023-12-05,357.6047969983807
2023-12-06,357.3876750162183
2023-12-07,357.2256032929631
2023-12-08,357.02333450837114
2023-12-09,356.90184750314376
2023-12-10,356.77991526550494
2023-12-11,356.61622072383074
2023-12-12,356.45507897684524
2023-12-13,356.1478914343379
2023-12-14,355.9394569043943
2023-12-15,355.73961962453
2023-12-16,355.4684468502421
2023-12-17,355.31143503545366
2023-12-18,355.147029717449
2023-12-19,354.8530952548196
2023-12-20,354.5945051851943
2023-12-21,354.38208954828156
2023-12-22,354.18057188610413
2023-12-23,354.0541337528612
2023-12-24,353.9240008748868
2023-12-25,353.8214164052859
2023-12-26,353.75730532275793
2023-12-27,353.67534728542233
2023-12-28,353.5004503615127
2023-12-29,353.3704272521204
2023-12-30,353.31635363133313
2023-12-31,353.2552328350568
2024-01-01,353.192176771737
2024-01-02,353.14762941476266
2024-01-03,353.09808864671487
2024-01-04,352.9818872232162
2024-01-05,352.8921369243657
2024-01-06,352.82700133476743
2024-01-07,352.77842074867283
2024-01-08,352.73291742035184
2024-01-09,352.6113800248076
2024-01-10,352.5226303792444
2024-01-11,352.4161224644638
2024-01-12,352.26200649474737
2024-01-13,352.157136302597
2024-01-14,352.1164795361949
2024-01-15,352.046923415712
2024-01-16,351.98556896677695
2024-01-17,351.8989147048854
2024-01-18,351.8251817778927
2024-01-19,351.71980523738773
2024-01-20,351.5924830854728
2024-01-21,351.5161046833565
2024-01-22,351.4573031512557
2024-01-23,351.4131529541284
2024-01-24,351.3585235435259
2024-01-25,351.3142734939881
2024-01-26,351.25555585910894
2024-01-27,351.2136938143647
2024-01-28,351.1802151215637
2024-01-29,351.1392579766647
2024-01-30,351.0924917045925
2024-01-31,351.0069099367652
2024-02-01,350.9062258590705
2024-02-02,350.8259583509048
2024-02-03,350.7710803553739
2024-02-04,350.73374132464016
2024-02-05,350.7059872196619
2024-02-06,350.6566759765711
2024-02-07,350.5468289592761
2024-02-08,350.41660562567614
2024-02-09,350.266515658539
2024-02-10,350.1037639431593
2024-02-11,350.01436878480825
2024-02-12,349.9195121768204
2024-02-13,349.7938744273575
2024-02-14,349.70267090637094
2024-02-15,349.62283351334037
2024-02-16,349.5213680528159
2024-02-17,349.4123111626815
2024-02-18,349.34633677591927
2024-02-19,349.2690581391025
2024-02-20,349.1608802585938
2024-02-21,349.0817890706462
2024-02-22,348.9900231419704
2024-02-23,348.9044868903861
2024-02-24,348.82609020925645
2024-02-25,348.7471746003034
2024-02-26,348.5979546757042
2024-02-27,348.49521867501903
2024-02-28,348.32102110207063
2024-02-29,348.0672504144198
2024-03-01,347.6879769448607
2024-03-02,347.5517008548214
2024-03-03,347.40075285716665
2024-03-04,347.18555048452504
2024-03-05,346.74760435957785
2024-03-06,346.3693280245333
2024-03-07,346.0997904902582
2024-03-08,345.8972195706282
2024-03-09,345.7210917926752
2024-03-10,345.4414511370446
2024-03-11,345.2206915201649
2024-03-12,344.9454787618735
2024-03-13,344.7129223736866
2024-03-14,344.5044562144366
2024-03-15,344.3672744084187
2024-03-16,344.21238208606445
2024-03-17,344.09796658155574
2024-03-18,344.01668943570087
2024-03-19,343.89470829631415
2024-03-20,343.74190326101154
2024-03-21,343.61470155781194
2024-03-22,343.5393072578878
2024-03-23,343.44699382057337
2024-03-24,343.4075713330762
2024-03-25,343.35448449977025
2024-03-26,343.27052332384517
2024-03-27,343.1643137724725
2024-03-28,343.013855452275
2024-03-29,342.8648737053977
2024-03-30,342.7858466672918
2024-03-31,342.7307954833468
2024-04-01,342.65178809252035
2024-04-02,342.54418213273937
2024-04-03,342.40702760386944
2024-04-04,342.33780666524797
2024-04-05,342.27507486290045
2024-04-06,342.21785961179216
2024-04-07,342.18855014386213
2024-04-08,342.1505532921416
2024-04-09,342.0871889671757
2024-04-10,342.0399366434085
2024-04-11,341.9718766745518
2024-04-12,341.9267840985108
2024-04-13,341.79110679864164
2024-04-14,341.5835648726556
2024-04-15,341.5546289421742
2024-04-16,341.5173876322327
2024-04-17,341.4823664224818
2024-04-18,341.42813001844274
2024-04-19,341.399315971351
2024-04-20,341.3624435962755
2024-04-21,341.3408616594209
2024-04-22,341.32575728148413
2024-04-23,341.28200075834985
2024-04-24,341.2523820292543
2024-04-25,341.22013310198093
2024-04-26,341.1858041442417
2024-04-27,341.1737920184771
2024-04-28,341.15868389545767
2024-04-29,341.14439952610024
2024-04-30,341.1241723680335
2024-05-01,341.09354960993494
2024-05-02,341.05129989131933
2024-05-03,341.0098115380261
2024-05-04,340.99071633521174
2024-05-05,340.97828513499763
2024-05-06,340.9707574055392
2024-05-07,340.95527741079184
2024-05-08,340.93861921300265
2024-05-09,340.93021234492636
2024-05-10,340.9174527599159
2024-05-11,340.87436377665347
2024-05-12,340.86662043012893
2024-05-13,340.85578523691646
2024-05-14,340.8440351753009
2024-05-15,340.8333235664087
2024-05-16,340.8096945048593
2024-05-17,340.79823222311575
2024-05-18,340.7827020733861
2024-05-19,340.7691762864907
2024-05-20,340.76315708820465
2024-05-21,340.74239126515283
2024-05-22,340.6986138312162
2024-05-23,340.6806189185217
2024-05-24,340.65322489656376
2024-05-25,340.6377367657718
2024-05-26,340.6290361933648
2024-05-27,340.61447938148444
2024-05-28,340.57304564503613
2024-05-29,340.53978826635336
2024-05-30,340.5075568911222
2024-05-31,340.48317184180155
2024-06-01,340.4678476194532
2024-06-02,340.4567863606167
2024-06-03,340.4297246825073
2024-06-04,340.3927374802439
2024-06-05,340.3667751555572
2024-06-06,340.3329349965351
2024-06-07,340.30440380218766
2024-06-08,340.27480797133677
2024-06-09,340.25917615454915
2024-06-10,340.2450897472991
2024-06-11,340.23726689814214
2024-06-12,340.2128566670843
2024-06-13,340.1751751183115
2024-06-14,340.1578502142049
2024-06-15,340.1386222437913
2024-06-16,340.13137694703704
2024-06-17,340.1227081047629
2024-06-18,340.1143544109811
2024-06-19,340.0983320127834
2024-06-20,340.090468481839
2024-06-21,340.07840521874454
2024-06-22,340.0692005270549
2024-06-23,340.05783058247266
2024-06-24,340.0530020176953
2024-06-25,340.0387391418536
2024-06-26,340.03051718181536
2024-06-27,340.0184975548702
2024-06-28,340.00179318442974
2024-06-29,339.99109648267586
2024-06-30,339.9838162866082
2024-07-01,339.9666046472554
2024-07-02,339.95500086567193
2024-07-03,339.93862561744373
2024-07-04,339.92294912924996
2024-07-05,339.9122972560417
2024-07-06,339.8692926491004
2024-07-07,339.8617672628709
2024-07-08,339.8550946129832
2024-07-09,339.84669368213486
2024-07-10,339.8384074357292
2024-07-11,339.8292336689936
2024-07-12,339.81834904072866
2024-07-13,339.80925709150625
2024-07-14,339.80517718742277
2024-07-15,339.79928746847594
2024-07-16,339.7812969272836
2024-07-17,339.7673779299213
2024-07-18,339.7456007682399
2024-07-19,339.72841119705697
2024-07-20,339.712481181257
2024-07-21,339.7047713640089
2024-07-22,339.6944299633672
2024-07-23,339.6822831415851
2024-07-24,339.6716670636351
2024-07-25,339.66224016402845
2024-07-26,339.65134141682836
2024-07-27,339.64054824503756
2024-07-28,339.6273005863575
2024-07-29,339.62109022522196
2024-07-30,339.6092727344186
2024-07-31,339.603608213766
2024-08-01,339.59247946701373
2024-08-02,339.56887075990346
2024-08-03,339.55962803470413
2024-08-04,339.5499342977624
2024-08-05,339.53872947838147
2024-08-06,339.3621776700694
2024-08-07,339.3472763950494
2024-08-08,339.3393694392974
2024-08-09,339.3337703021511
2024-08-10,339.3295013161517
2024-08-11,339.3250632900571
2024-08-12,339.322192031844
2024-08-13,339.3154094327988
2024-08-14,339.3113518065489
2024-08-15,339.3071442722331
2024-08-16,339.30134633988547
2024-08-17,339.294604768529
2024-08-18,339.292574691772
2024-08-19,339.28937600979253
2024-08-20,339.2807923960805
2024-08-21,339.2721173174964
2024-08-22,339.2639520698303
2024-08-23,339.26049376918974
2024-08-24,339.2556092372635
2024-08-25,339.2515026571386
2024-08-26,339.24556319476477
2024-08-27,339.2347061570264
2024-08-28,339.2240531267229
2024-08-29,339.2132010412607
2024-08-30,339.2052358110482
2024-08-31,339.1961644237082
2024-09-01,339.19124104759226
2024-09-02,339.1847368298641
2024-09-03,339.17919802192466
2024-09-04,339.17043148896164
2024-09-05,339.1631745327991
2024-09-06,339.1521868671639
2024-09-07,339.1406232627297
2024-09-08,339.1283393501356
2024-09-09,339.12500062973635
2024-09-10,339.1144328192409
2024-09-11,339.09671036001504
2024-09-12,339.0879201753546
2024-09-13,339.07939148585194
2024-09-14,339.07197860943097
2024-09-15,339.06746923468165
2024-09-16,339.065376581871
2024-09-17,339.0589586356011
2024-09-18,339.044849550869
2024-09-19,339.02783818789567
2024-09-20,339.0070696621613
2024-09-21,338.9838846476225
2024-09-22,338.97094222144557
2024-09-23,338.9557458995575
2024-09-24,338.93129748124153
2024-09-25,338.9096819934754
2024-09-26,338.8818292349746
2024-09-27,338.8450473887507
2024-09-28,338.8262164562327
2024-09-29,338.8098200433209
2024-09-30,338.8051166110099
2024-10-01,338.7845159004304
2024-10-02,338.7523145587544
2024-10-03,338.7176620433061
2024-10-04,338.70974362827883
2024-10-05,338.6984597197028
2024-10-06,338.6922881882572
2024-10-07,338.6839227953782
2024-10-08,338.6538170604642
2024-10-09,338.6149658890802
2024-10-10,338.58148764977335
2024-10-11,338.57159002277393
2024-10-12,338.5480940247842
2024-10-13,338.53326738907975
2024-10-14,338.5147201636053
2024-10-15,338.4872921778014
2024-10-16,338.46017869654736
2024-10-17,338.4383126053025
2024-10-18,338.39945238900816
