date,0x8EB8a3b98659Cce290402893d0123abb75E3ab28,0xE78388b4CE79068e89Bf8aA7f218eF6b9AB0e9d0
2020-01-01,,
2020-01-02,,
2020-01-03,,
2020-01-04,,
2020-01-05,,
2020-01-06,,
2020-01-07,,
2020-01-08,,
2020-01-09,,
2020-01-10,,
2020-01-11,,
2020-01-12,,
2020-01-13,,
2020-01-14,,
2020-01-15,,
2020-01-16,,
2020-01-17,,
2020-01-18,,
2020-01-19,,
2020-01-20,,
2020-01-21,,
2020-01-22,,
2020-01-23,,
2020-01-24,,
2020-01-25,,
2020-01-26,,
2020-01-27,,
2020-01-28,,
2020-01-29,,
2020-01-30,,
2020-01-31,,
2020-02-01,,
2020-02-02,,
2020-02-03,,
2020-02-04,,
2020-02-05,,
2020-02-06,,
2020-02-07,,
2020-02-08,,
2020-02-09,,
2020-02-10,,
2020-02-11,,
2020-02-12,,
2020-02-13,,
2020-02-14,,
2020-02-15,,
2020-02-16,,
2020-02-17,,
2020-02-18,,
2020-02-19,,
2020-02-20,,
2020-02-21,,
2020-02-22,,
2020-02-23,,
2020-02-24,,
2020-02-25,,
2020-02-26,,
2020-02-27,,
2020-02-28,,
2020-02-29,,
2020-03-01,,
2020-03-02,,
2020-03-03,,
2020-03-04,,
2020-03-05,,
2020-03-06,,
2020-03-07,,
2020-03-08,,
2020-03-09,,
2020-03-10,,
2020-03-11,,
2020-03-12,,
2020-03-13,,
2020-03-14,,
2020-03-15,,
2020-03-16,,
2020-03-17,,
2020-03-18,,
2020-03-19,,
2020-03-20,,
2020-03-21,,
2020-03-22,,
2020-03-23,,
2020-03-24,,
2020-03-25,,
2020-03-26,,
2020-03-27,,
2020-03-28,,
2020-03-29,,
2020-03-30,,
2020-03-31,,
2020-04-01,,
2020-04-02,,
2020-04-03,,
2020-04-04,,
2020-04-05,,
2020-04-06,,
2020-04-07,,
2020-04-08,,
2020-04-09,,
2020-04-10,,
2020-04-11,,
2020-04-12,,
2020-04-13,,
2020-04-14,,
2020-04-15,,
2020-04-16,,
2020-04-17,,
2020-04-18,,
2020-04-19,,
2020-04-20,,
2020-04-21,,
2020-04-22,,
2020-04-23,,
2020-04-24,,
2020-04-25,,
2020-04-26,,
2020-04-27,,
2020-04-28,,
2020-04-29,,
2020-04-30,,
2020-05-01,,
2020-05-02,,
2020-05-03,,
2020-05-04,,
2020-05-05,,
2020-05-06,,
2020-05-07,,
2020-05-08,,
2020-05-09,,
2020-05-10,,
2020-05-11,,
2020-05-12,,
2020-05-13,,
2020-05-14,,
2020-05-15,,
2020-05-16,,
2020-05-17,,
2020-05-18,,
2020-05-19,,
2020-05-20,,
2020-05-21,,
2020-05-22,,
2020-05-23,,
2020-05-24,,
2020-05-25,,
2020-05-26,,
2020-05-27,,
2020-05-28,,
2020-05-29,,
2020-05-30,,
2020-05-31,,
2020-06-01,,
2020-06-02,,
2020-06-03,,
2020-06-04,,
2020-06-05,,
2020-06-06,,
2020-06-07,,
2020-06-08,,
2020-06-09,,
2020-06-10,,
2020-06-11,,
2020-06-12,,
2020-06-13,,
2020-06-14,,
2020-06-15,,
2020-06-16,,
2020-06-17,,
2020-06-18,,
2020-06-19,,
2020-06-20,,
2020-06-21,,
2020-06-22,,
2020-06-23,,
2020-06-24,,
2020-06-25,,
2020-06-26,,
2020-06-27,,
2020-06-28,,
2020-06-29,,
2020-06-30,,
2020-07-01,,
2020-07-02,,
2020-07-03,,
2020-07-04,,
2020-07-05,,
2020-07-06,,
2020-07-07,,
2020-07-08,,
2020-07-09,,
2020-07-10,,
2020-07-11,,
2020-07-12,,
2020-07-13,,
2020-07-14,,
2020-07-15,,
2020-07-16,,
2020-07-17,,
2020-07-18,,
2020-07-19,,
2020-07-20,,
2020-07-21,,
2020-07-22,,
2020-07-23,,
2020-07-24,,
2020-07-25,,
2020-07-26,,
2020-07-27,,
2020-07-28,,
2020-07-29,,
2020-07-30,,
2020-07-31,,
2020-08-01,,
2020-08-02,,
2020-08-03,,
2020-08-04,,
2020-08-05,,
2020-08-06,,
2020-08-07,,
2020-08-08,,
2020-08-09,,
2020-08-10,,
2020-08-11,,
2020-08-12,,
2020-08-13,,
2020-08-14,,
2020-08-15,,
2020-08-16,,
2020-08-17,,
2020-08-18,,
2020-08-19,,
2020-08-20,,
2020-08-21,,
2020-08-22,,
2020-08-23,,
2020-08-24,,
2020-08-25,,
2020-08-26,,
2020-08-27,,
2020-08-28,,
2020-08-29,,
2020-08-30,,
2020-08-31,,
2020-09-01,,
2020-09-02,,
2020-09-03,,
2020-09-04,,
2020-09-05,,
2020-09-06,,
2020-09-07,,
2020-09-08,,
2020-09-09,,
2020-09-10,,
2020-09-11,,
2020-09-12,,
2020-09-13,,
2020-09-14,,
2020-09-15,,
2020-09-16,,
2020-09-17,,
2020-09-18,,
2020-09-19,,
2020-09-20,,
2020-09-21,,
2020-09-22,,
2020-09-23,,
2020-09-24,,
2020-09-25,,
2020-09-26,,
2020-09-27,,
2020-09-28,,
2020-09-29,,
2020-09-30,,
2020-10-01,,
2020-10-02,,
2020-10-03,,
2020-10-04,,
2020-10-05,,
2020-10-06,,
2020-10-07,,
2020-10-08,,
2020-10-09,,
2020-10-10,,
2020-10-11,,
2020-10-12,,
2020-10-13,,
2020-10-14,,
2020-10-15,,
2020-10-16,,
2020-10-17,,
2020-10-18,,
2020-10-19,,
2020-10-20,,
2020-10-21,,
2020-10-22,,
2020-10-23,,
2020-10-24,,
2020-10-25,,
2020-10-26,,
2020-10-27,,
2020-10-28,,
2020-10-29,,
2020-10-30,,
2020-10-31,,
2020-11-01,,
2020-11-02,,
2020-11-03,,
2020-11-04,,
2020-11-05,,
2020-11-06,,
2020-11-07,,
2020-11-08,,
2020-11-09,,
2020-11-10,,
2020-11-11,,
2020-11-12,,
2020-11-13,,
2020-11-14,,
2020-11-15,,
2020-11-16,,
2020-11-17,,
2020-11-18,,
2020-11-19,,
2020-11-20,,
2020-11-21,,
2020-11-22,,
2020-11-23,,
2020-11-24,,
2020-11-25,,
2020-11-26,,
2020-11-27,,
2020-11-28,,
2020-11-29,,
2020-11-30,,
2020-12-01,,
2020-12-02,,
2020-12-03,,
2020-12-04,,
2020-12-05,,
2020-12-06,,
2020-12-07,,
2020-12-08,,
2020-12-09,,
2020-12-10,,
2020-12-11,,
2020-12-12,,
2020-12-13,,
2020-12-14,,
2020-12-15,,
2020-12-16,,
2020-12-17,,
2020-12-18,,
2020-12-19,,
2020-12-20,,
2020-12-21,,
2020-12-22,,
2020-12-23,,
2020-12-24,,
2020-12-25,,
2020-12-26,,
2020-12-27,,
2020-12-28,,
2020-12-29,,
2020-12-30,,
2020-12-31,,
2021-01-01,,
2021-01-02,,
2021-01-03,,
2021-01-04,,
2021-01-05,,
2021-01-06,,
2021-01-07,,
2021-01-08,,
2021-01-09,,
2021-01-10,,
2021-01-11,,
2021-01-12,,
2021-01-13,,
2021-01-14,,
2021-01-15,,
2021-01-16,,
2021-01-17,,
2021-01-18,,
2021-01-19,,
2021-01-20,,
2021-01-21,,
2021-01-22,,
2021-01-23,,
2021-01-24,,
2021-01-25,,
2021-01-26,,
2021-01-27,,
2021-01-28,,
2021-01-29,,
2021-01-30,,
2021-01-31,,
2021-02-01,,
2021-02-02,,
2021-02-03,,
2021-02-04,,
2021-02-05,,
2021-02-06,,
2021-02-07,,
2021-02-08,,
2021-02-09,,
2021-02-10,,
2021-02-11,,
2021-02-12,,
2021-02-13,,
2021-02-14,,
2021-02-15,,
2021-02-16,,
2021-02-17,,
2021-02-18,,
2021-02-19,,
2021-02-20,,
2021-02-21,,
2021-02-22,,
2021-02-23,,
2021-02-24,,
2021-02-25,,
2021-02-26,,
2021-02-27,,
2021-02-28,,
2021-03-01,,
2021-03-02,,
2021-03-03,,
2021-03-04,,
2021-03-05,,
2021-03-06,,
2021-03-07,,
2021-03-08,,
2021-03-09,,
2021-03-10,,
2021-03-11,,
2021-03-12,,
2021-03-13,,
2021-03-14,,
2021-03-15,,
2021-03-16,,
2021-03-17,,
2021-03-18,,
2021-03-19,,
2021-03-20,,
2021-03-21,,
2021-03-22,,
2021-03-23,,
2021-03-24,,
2021-03-25,,
2021-03-26,,
2021-03-27,,
2021-03-28,,
2021-03-29,,
2021-03-30,,
2021-03-31,,
2021-04-01,,
2021-04-02,,
2021-04-03,,
2021-04-04,,
2021-04-05,,
2021-04-06,,
2021-04-07,,
2021-04-08,,
2021-04-09,,
2021-04-10,,
2021-04-11,,
2021-04-12,,
2021-04-13,,
2021-04-14,,
2021-04-15,,
2021-04-16,,
2021-04-17,,
2021-04-18,,
2021-04-19,,
2021-04-20,,
2021-04-21,,
2021-04-22,,
2021-04-23,,
2021-04-24,,
2021-04-25,,
2021-04-26,,
2021-04-27,,
2021-04-28,,
2021-04-29,,
2021-04-30,,
2021-05-01,,
2021-05-02,,
2021-05-03,,
2021-05-04,,
2021-05-05,,
2021-05-06,,
2021-05-07,,
2021-05-08,,
2021-05-09,,
2021-05-10,,
2021-05-11,,
2021-05-12,,
2021-05-13,,
2021-05-14,,
2021-05-15,,
2021-05-16,,
2021-05-17,,
2021-05-18,,
2021-05-19,,
2021-05-20,,
2021-05-21,,
2021-05-22,,
2021-05-23,,
2021-05-24,,
2021-05-25,,
2021-05-26,,
2021-05-27,,
2021-05-28,,
2021-05-29,,
2021-05-30,,
2021-05-31,,
2021-06-01,,
2021-06-02,,
2021-06-03,,
2021-06-04,,
2021-06-05,,
2021-06-06,,
2021-06-07,,
2021-06-08,,
2021-06-09,,
2021-06-10,,
2021-06-11,,
2021-06-12,,
2021-06-13,,
2021-06-14,,
2021-06-15,,
2021-06-16,,
2021-06-17,,
2021-06-18,,
2021-06-19,,
2021-06-20,,
2021-06-21,,
2021-06-22,,0.0
2021-06-23,,0.0
2021-06-24,,0.0
2021-06-25,,0.0
2021-06-26,,0.0
2021-06-27,,0.0
2021-06-28,,0.0
2021-06-29,,0.0
2021-06-30,,0.0
2021-07-01,,0.0
2021-07-02,,0.0
2021-07-03,,0.0
2021-07-04,,0.0
2021-07-05,,0.0
2021-07-06,,0.0
2021-07-07,,0.0
2021-07-08,,0.0
2021-07-09,,0.0
2021-07-10,,0.0
2021-07-11,,0.0
2021-07-12,,0.0
2021-07-13,,0.0
2021-07-14,,0.0
2021-07-15,,0.0
2021-07-16,,0.0
2021-07-17,,0.04
2021-07-18,,0.04
2021-07-19,,0.04
2021-07-20,,0.04
2021-07-21,,0.11116611782195158
2021-07-22,,0.0
2021-07-23,,0.0
2021-07-24,,0.4694699464799312
2021-07-25,,0.48561323179757876
2021-07-26,,0.5194699464799312
2021-07-27,,0.5478855583327059
2021-07-28,,0.5778855583327059
2021-07-29,,0.5778855583327059
2021-07-30,,6.845800272563188
2021-07-31,,13.787291471215255
2021-08-01,,8.338366712300411
2021-08-02,,10.969113475838256
2021-08-03,,13.842423954833466
2021-08-04,,102.23302028413862
2021-08-05,,102.77272148534026
2021-08-06,,103.42503625989468
2021-08-07,,103.7052832329121
2021-08-08,,107.23051520607049
2021-08-09,,107.85660221777654
2021-08-10,,114.80968234512208
2021-08-11,,110.50187627100676
2021-08-12,,419.0367765876125
2021-08-13,,15611.028201719137
2021-08-14,,15706.234497576985
2021-08-15,,15693.40390656901
2021-08-16,,15398.747844280459
2021-08-17,,15968.713459295226
2021-08-18,,17415.324095642536
2021-08-19,,19362.095657625683
2021-08-20,,39417.2505684034
2021-08-21,,47816.32020616985
2021-08-22,,75849.12819350863
2021-08-23,,78482.91236899018
2021-08-24,,97578.07382879267
2021-08-25,,125519.62476578674
2021-08-26,,138638.5267646855
2021-08-27,,138166.35960359956
2021-08-28,,179767.444287066
2021-08-29,,185104.25787579568
2021-08-30,,175340.7238065662
2021-08-31,,173509.23246806342
2021-09-01,,168453.93711102457
2021-09-02,,167912.18325748827
2021-09-03,,161047.28118124013
2021-09-04,,160498.35074016804
2021-09-05,,161979.4779343753
2021-09-06,,162154.24209556705
2021-09-07,,156489.9612124241
2021-09-08,,156498.6726494498
2021-09-09,,155364.29028510742
2021-09-10,,155222.89948777878
2021-09-11,,159831.49296312418
2021-09-12,,178998.4453748985
2021-09-13,,163039.21171961384
2021-09-14,,163956.81875520723
2021-09-15,,165826.86304398242
2021-09-16,,169316.28221749063
2021-09-17,,173873.42839533775
2021-09-18,,177215.014964004
2021-09-19,,184928.3972603719
2021-09-20,,196172.40883929763
2021-09-21,,183375.37034292333
2021-09-22,,184655.00739101713
2021-09-23,,188809.15927507117
2021-09-24,,208489.00898897435
2021-09-25,,322693.79130016465
2021-09-26,,323085.0975929361
2021-09-27,,321362.8313522653
2021-09-28,,324665.5765267408
2021-09-29,,329070.3751478873
2021-09-30,,337603.94092410716
2021-10-01,,332552.66176358284
2021-10-02,,329956.5232149871
2021-10-03,,336178.0576439112
2021-10-04,,341549.10933673475
2021-10-05,,356772.3221697005
2021-10-06,,362340.2937132662
2021-10-07,,354223.3682474183
2021-10-08,,345162.3205550266
2021-10-09,,380622.89012569597
2021-10-10,,384426.0244258979
2021-10-11,,388040.5958292685
2021-10-12,,396938.8493652808
2021-10-13,,466786.3105595823
2021-10-14,,513864.0687773079
2021-10-15,,516226.25118864013
2021-10-16,,528419.2552350279
2021-10-17,,538516.3024294801
2021-10-18,,539942.6284534924
2021-10-19,,542359.810537877
2021-10-20,,545181.5094217034
2021-10-21,,549238.7357606179
2021-10-22,,560564.5955309754
2021-10-23,,570269.4192024688
2021-10-24,,582441.5207409186
2021-10-25,,595081.2820883176
2021-10-26,,599461.9274000892
2021-10-27,,620331.4504399693
2021-10-28,,614513.672952871
2021-10-29,,605382.4936828215
2021-10-30,,600271.3807576807
2021-10-31,,593813.4978187268
2021-11-01,,597138.7221038241
2021-11-02,,595718.8029383052
2021-11-03,,598694.5565244816
2021-11-04,,498584.86889107357
2021-11-05,,501943.666417548
2021-11-06,,502515.9284684104
2021-11-07,,505622.51380670915
2021-11-08,,507339.6651265019
2021-11-09,,523430.9005451058
2021-11-10,,539627.649097539
2021-11-11,,532823.6924547468
2021-11-12,,533615.780721491
2021-11-13,,538375.1591407862
2021-11-14,,538022.7789482186
2021-11-15,,538140.4545946352
2021-11-16,,536313.3537706651
2021-11-17,,536057.2782673143
2021-11-18,,545001.189581458
2021-11-19,,555213.5693682771
2021-11-20,,568794.6546213265
2021-11-21,,572517.5708352028
2021-11-22,,579153.210774147
2021-11-23,,585932.7130658994
2021-11-24,,609218.8066552939
2021-11-25,,614315.3180109344
2021-11-26,,621228.9529326395
2021-11-27,,615472.6330667748
2021-11-28,,616609.9802663006
2021-11-29,,621287.3209364095
2021-11-30,,621592.0858011157
2021-12-01,,615947.5247845941
2021-12-02,,616992.6621491017
2021-12-03,,613800.403097773
2021-12-04,,609538.8035249211
2021-12-05,,608743.6927132555
2021-12-06,,598388.9943750227
2021-12-07,,597108.5628896543
2021-12-08,,595134.438671709
2021-12-09,,583129.6486590393
2021-12-10,,586268.2125228598
2021-12-11,,578606.0831004652
2021-12-12,,531389.4160498958
2021-12-13,,527853.4224041112
2021-12-14,,517910.4071319362
2021-12-15,,517462.95967316604
2021-12-16,,512384.98597365123
2021-12-17,,520537.6603904775
2021-12-18,,522351.6774758724
2021-12-19,,523146.1419987969
2021-12-20,,523052.0800177787
2021-12-21,,518732.91281542147
2021-12-22,,521469.1246347815
2021-12-23,,522255.2104779866
2021-12-24,,517950.59864989104
2021-12-25,,521924.143934692
2021-12-26,,522103.1374374723
2021-12-27,,516202.9752131996
2021-12-28,,515349.4088738945
2021-12-29,,508332.7243935828
2021-12-30,,506766.6500941329
2021-12-31,,505770.91383329756
2022-01-01,,506769.7713381898
2022-01-02,,506364.7756707504
2022-01-03,,501615.51285229344
2022-01-04,,500042.70210962853
2022-01-05,,494130.6381351269
2022-01-06,,495019.3765533889
2022-01-07,,494977.1821832337
2022-01-08,,492063.7263043833
2022-01-09,,493140.4282342822
2022-01-10,,492056.16852609516
2022-01-11,,488848.4131678271
2022-01-12,,484049.1697118349
2022-01-13,,481462.16314467223
2022-01-14,,478232.57901234983
2022-01-15,,475676.95443252363
2022-01-16,,480932.6688872772
2022-01-17,,480286.03975100204
2022-01-18,,481602.79641271103
2022-01-19,,465286.9783406036
2022-01-20,,461664.4807260701
2022-01-21,,453101.18829831196
2022-01-22,,449757.7045432128
2022-01-23,,457566.0817061162
2022-01-24,,456354.6396990528
2022-01-25,,448726.0955611745
2022-01-26,,443035.0787254023
2022-01-27,,442036.9839341329
2022-01-28,,437859.17639300757
2022-01-29,,437438.92055981327
2022-01-30,,439992.82636888395
2022-01-31,,440106.05929691344
2022-02-01,,441425.4759132017
2022-02-02,,449025.6883707679
2022-02-03,,448460.21909396286
2022-02-04,,443267.4372640774
2022-02-05,,442687.02382829576
2022-02-06,,446091.9009103431
2022-02-07,,448696.9539562605
2022-02-08,,449650.91366143053
2022-02-09,,455439.1985876865
2022-02-10,,451350.27964198374
2022-02-11,,410061.10457152996
2022-02-12,,408283.84499196557
2022-02-13,,407595.9786753269
2022-02-14,,413000.026152332
2022-02-15,,415789.1860295859
2022-02-16,,418187.98707008956
2022-02-17,,437652.0984490199
2022-02-18,,443431.0565030584
2022-02-19,,458705.0091291437
2022-02-20,,459966.1365544647
2022-02-21,,455626.12072017137
2022-02-22,,451789.4395998551
2022-02-23,,446842.48585065827
2022-02-24,,447329.4676180569
2022-02-25,,447782.76606016135
2022-02-26,,456727.81895699335
2022-02-27,,458824.88199700747
2022-02-28,,459376.09187325154
2022-03-01,,455443.5852069692
2022-03-02,,457109.83429404336
2022-03-03,,457925.3290680883
2022-03-04,,458621.21291752375
2022-03-05,,463976.15038360463
2022-03-06,,462433.9424426338
2022-03-07,,462803.2989892581
2022-03-08,,463118.3505889481
2022-03-09,,468075.517085161
2022-03-10,,468187.78093541955
2022-03-11,,454602.5670951842
2022-03-12,,454806.4567683923
2022-03-13,,444739.68474849703
2022-03-14,,442924.2946581627
2022-03-15,,445677.40471878
2022-03-16,,441349.96426653164
2022-03-17,,436528.6082062264
2022-03-18,,436436.9344340602
2022-03-19,,436524.5941972364
2022-03-20,,433420.9155827149
2022-03-21,,435764.5369225744
2022-03-22,,442577.29186905775
2022-03-23,,444752.99599071086
2022-03-24,,442703.3516599971
2022-03-25,,441850.80822383426
2022-03-26,,443362.14699332666
2022-03-27,,448134.8323357982
2022-03-28,,448088.34472704807
2022-03-29,,452759.45279169275
2022-03-30,,444469.319682233
2022-03-31,,443585.6755426898
2022-04-01,,444679.44474166643
2022-04-02,,444641.94620231335
2022-04-03,,441011.21821033815
2022-04-04,,442599.8789111189
2022-04-05,,440610.3092306454
2022-04-06,,442130.5902351139
2022-04-07,,442757.20091166033
2022-04-08,,440429.6597714445
2022-04-09,,440370.5245460237
2022-04-10,,439198.41726781696
2022-04-11,,434813.2372708825
2022-04-12,,435514.41329351853
2022-04-13,,437328.69682940433
2022-04-14,,435687.56803825096
2022-04-15,,435352.1313550101
2022-04-16,,434679.2917370573
2022-04-17,,436022.7091032962
2022-04-18,,436172.7341758453
2022-04-19,,435953.3707759734
2022-04-20,,426202.7422746363
2022-04-21,,419578.5953226827
2022-04-22,,408334.88044321956
2022-04-23,,407328.3635726245
2022-04-24,,407975.8206989775
2022-04-25,,406386.86942519754
2022-04-26,,401766.31944275764
2022-04-27,,400674.74053061724
2022-04-28,,398858.82225323544
2022-04-29,,394135.35413026816
2022-04-30,,398417.8722014411
2022-05-01,,396115.2226754718
2022-05-02,,397549.75064621156
2022-05-03,,397709.8588663111
2022-05-04,,404764.28403153084
2022-05-05,,399885.48341635556
2022-05-06,,404130.39566690504
2022-05-07,,399491.59872921713
2022-05-08,,395561.05255278083
2022-05-09,,396066.6512114331
2022-05-10,,391382.58548855875
2022-05-11,,384829.671416727
2022-05-12,,328666.0374580101
2022-05-13,,294047.66230063816
2022-05-14,,293161.99080141156
2022-05-15,,298748.4859167865
2022-05-16,,296629.13872679026
2022-05-17,,274296.869583902
2022-05-18,,273349.7022392538
2022-05-19,,277913.02526101645
2022-05-20,,274442.856747645
2022-05-21,,276476.0127842219
2022-05-22,,277568.9120741563
2022-05-23,,277096.78946441045
2022-05-24,,272109.87797267264
2022-05-25,,272943.553159984
2022-05-26,,281652.12308435334
2022-05-27,,270726.83144791506
2022-05-28,,260869.54761898366
2022-05-29,,260659.49722322886
2022-05-30,,261664.29348592658
2022-05-31,,260430.34662315666
2022-06-01,,266474.92484907474
2022-06-02,,285780.1689112275
2022-06-03,,284853.5034443001
2022-06-04,,296263.9623620634
2022-06-05,,295371.64271218923
2022-06-06,,295144.24370715296
2022-06-07,,333349.98743322206
2022-06-08,,334985.0921397044
2022-06-09,,336870.6231982699
2022-06-10,,338698.3626516212
2022-06-11,,307970.49896943424
2022-06-12,,302528.85328821954
2022-06-13,,303923.49554957845
2022-06-14,,273789.3268294581
2022-06-15,,251381.62964272918
2022-06-16,,242141.71468115362
2022-06-17,,239780.30916745448
2022-06-18,,233198.3834461624
2022-06-19,,229953.5637409286
2022-06-20,,228815.2844084114
2022-06-21,,228977.20099361008
2022-06-22,,226401.37030273277
2022-06-23,,226095.7909487469
2022-06-24,,226137.5394866472
2022-06-25,,222874.29247379256
2022-06-26,,225898.6479895095
2022-06-27,,227088.11958487134
2022-06-28,,230642.68687903776
2022-06-29,,230610.67002558202
2022-06-30,,229562.28619960655
2022-07-01,,228543.79445271107
2022-07-02,,223888.82726660513
2022-07-03,,223646.14156733267
2022-07-04,,223287.79933591135
2022-07-05,,220483.22913935684
2022-07-06,,180534.34111220387
2022-07-07,0.0,180532.83851584225
2022-07-08,180578.36744014852,27.835224094158686
2022-07-09,181295.5189078769,56.31915646436219
2022-07-10,183844.51961921857,56.31915646436219
2022-07-11,185041.40247479145,56.31915646436219
2022-07-12,184481.60928931253,56.31915646436219
2022-07-13,164140.7131357534,56.31915646436219
2022-07-14,164233.56448689426,56.31915646436219
2022-07-15,163737.59347337662,56.31915646436219
2022-07-16,162563.0051162394,56.31915646436219
2022-07-17,162237.09817197642,56.31915646436219
2022-07-18,162146.63658454877,56.31915646436219
2022-07-19,161462.6048614626,56.31915646436219
2022-07-20,157557.46801365717,56.31915646436219
2022-07-21,158614.81633744584,56.31915646436219
2022-07-22,159503.73280743524,56.31915646436219
2022-07-23,157796.21098569655,56.31915646436219
2022-07-24,160970.8127449331,56.31915646436219
2022-07-25,160782.25049727954,56.31915646436219
2022-07-26,168710.3427757848,56.31915646436219
2022-07-27,176021.8373204808,56.31915646436219
2022-07-28,177861.33466559093,56.31915646436219
2022-07-29,176615.59925281024,56.31915646436219
2022-07-30,157961.47940107883,56.31915646436219
2022-07-31,158262.80633463894,56.31915646436219
2022-08-01,158151.4773759314,56.31915646436219
2022-08-02,158204.33502730983,56.31915646436219
2022-08-03,158292.96786823389,56.31915646436219
2022-08-04,156366.85520462893,56.31915646436219
2022-08-05,154341.21426120028,56.31915646436219
2022-08-06,153631.1717638893,56.31915646436219
2022-08-07,145827.4656436513,56.31915646436219
2022-08-08,146054.67585177367,56.31915646436219
2022-08-09,150506.98728585275,56.31915646436219
2022-08-10,150886.86839031897,56.31915646436219
2022-08-11,150315.37050120067,56.31915646436219
2022-08-12,149717.7882772739,56.31915646436219
2022-08-13,149389.678625889,56.31915646436219
2022-08-14,147407.67819436718,56.31915646436219
2022-08-15,145315.51693723747,56.31915646436219
2022-08-16,140217.80218764272,56.31915646436219
2022-08-17,137074.99379291813,56.31915646436219
2022-08-18,150211.27680856938,56.31915646436219
2022-08-19,148122.2478497126,56.31915646436219
2022-08-20,142303.70174799592,56.31915646436219
2022-08-21,142143.89829772286,56.31915646436219
2022-08-22,140431.6226079553,56.31915646436219
2022-08-23,140343.9818845938,56.31915646436219
2022-08-24,140798.95936763295,56.31915646436219
2022-08-25,140552.5858261189,56.31915646436219
2022-08-26,140057.29486836347,56.31915646436219
2022-08-27,132796.4277835375,56.31915646436219
2022-08-28,132787.3436139431,56.31915646436219
2022-08-29,131814.5296122042,56.31915646436219
2022-08-30,130403.1549000822,56.31915646436219
2022-08-31,127591.38863405,56.31915646436219
2022-09-01,124926.57208075958,56.31915646436219
2022-09-02,119059.29518968984,56.31915646436219
2022-09-03,115622.85834416536,56.31915646436219
2022-09-04,116558.18842686887,56.31915646436219
2022-09-05,116337.82596124538,56.31915646436219
2022-09-06,115480.94666417009,56.31915646436219
2022-09-07,112363.98376624763,56.31915646436219
2022-09-08,107076.48835295752,56.31915646436219
2022-09-09,106565.32768852291,56.31915646436219
2022-09-10,93044.49334994268,56.31915646436219
2022-09-11,86855.99016536002,56.31915646436219
2022-09-12,85207.64507023868,56.31915646436219
2022-09-13,77717.28528206101,56.31915646436219
2022-09-14,73069.50614629035,56.31915646436219
2022-09-15,57201.41285541382,56.31915646436219
2022-09-16,81460.03321366242,56.31915646436219
2022-09-17,87082.30939150654,56.31915646436219
2022-09-18,97659.86948936636,56.31915646436219
2022-09-19,97898.6351240538,56.31915646436219
2022-09-20,102217.5248048746,56.31915646436219
2022-09-21,104207.9622097605,56.31915646436219
2022-09-22,108290.58517267578,56.31915646436219
2022-09-23,108862.64395131216,56.31915646436219
2022-09-24,108668.50940028438,56.31915646436219
2022-09-25,106558.01486298752,56.31915646436219
2022-09-26,106014.7182872472,56.31915646436219
2022-09-27,106962.3832018248,56.31915646436219
2022-09-28,106312.81794325016,56.31915646436219
2022-09-29,106448.86093885334,56.31915646436219
2022-09-30,107194.5735303418,56.31915646436219
2022-10-01,107541.99700837796,56.31915646436219
2022-10-02,106657.1660967248,56.31915646436219
2022-10-03,106950.69834244308,56.31915646436219
2022-10-04,107142.94009224724,56.31915646436219
2022-10-05,107296.18997238444,56.31915646436219
2022-10-06,107218.95059724904,56.31915646436219
2022-10-07,105042.8837735772,56.31915646436219
2022-10-08,105834.15872445272,56.31915646436219
2022-10-09,106117.20556164224,56.31915646436219
2022-10-10,104647.38238316808,56.31915646436219
2022-10-11,103912.56077618474,56.31915646436219
2022-10-12,104341.27731768983,56.31915646436219
2022-10-13,103979.31759249036,56.31915646436219
2022-10-14,103267.13107262456,56.31915646436219
2022-10-15,97416.78118395591,56.31915646436219
2022-10-16,97366.06177929595,56.31915646436219
2022-10-17,97330.23818241342,56.31915646436219
2022-10-18,97000.97719359225,56.31915646436219
2022-10-19,97079.20718949368,56.31915646436219
2022-10-20,97673.44412078663,56.31915646436219
2022-10-21,98654.4409662713,56.31915646436219
2022-10-22,98927.62705891176,56.31915646436219
2022-10-23,98910.43715098732,56.31915646436219
2022-10-24,98955.76711428298,56.31915646436219
2022-10-25,98776.04198880628,56.31915646436219
2022-10-26,98960.79253365424,56.31915646436219
2022-10-27,99471.73271600372,56.31915646436219
2022-10-28,98852.76104741138,56.31915646436219
2022-10-29,98853.01378208834,56.31915646436219
2022-10-30,97831.0685050742,56.31915646436219
2022-10-31,97284.0227845049,56.31915646436219
2022-11-01,95404.68241110755,56.31915646436219
2022-11-02,95469.73983013266,56.31915646436219
2022-11-03,95617.45455290184,56.31915646436219
2022-11-04,95522.61966224524,56.31915646436219
2022-11-05,97259.77877442888,56.31915646436219
2022-11-06,96532.00069144613,56.31915646436219
2022-11-07,96254.37461584134,56.31915646436219
2022-11-08,96275.6149261322,56.31915646436219
2022-11-09,96129.9984370441,56.31915646436219
2022-11-10,91988.55035110164,56.31915646436219
2022-11-11,92626.8710215143,56.31915646436219
2022-11-12,97840.03059184036,56.31915646436219
2022-11-13,102443.29627637286,56.31915646436219
2022-11-14,102802.8611609854,56.31915646436219
2022-11-15,96505.47469763376,56.31915646436219
2022-11-16,97402.11453533889,56.31915646436219
2022-11-17,96999.70980743707,56.31915646436219
2022-11-18,97096.7711448553,56.31915646436219
2022-11-19,97289.48339752348,56.31915646436219
2022-11-20,97072.61837277896,56.31915646436219
2022-11-21,96469.20473697322,56.31915646436219
2022-11-22,95671.31478272892,56.31915646436219
2022-11-23,94874.26696798064,56.31915646436219
2022-11-24,94504.29545325316,56.31915646436219
2022-11-25,94556.67650940087,56.31915646436219
2022-11-26,94500.01443521387,56.31915646436219
2022-11-27,94432.7283570282,56.31915646436219
2022-11-28,94453.44307376492,56.31915646436219
2022-11-29,94501.170005989,56.31915646436219
2022-11-30,94032.95390702064,56.31915646436219
2022-12-01,94115.71935604104,56.31915646436219
2022-12-02,94069.05291387296,56.31915646436219
2022-12-03,94090.60444779872,56.31915646436219
2022-12-04,93941.79195778012,56.31915646436219
2022-12-05,93778.47809938827,56.31915646436219
2022-12-06,92984.0859111872,56.31915646436219
2022-12-07,93046.41259721406,56.31915646436219
2022-12-08,84612.14204479457,56.31915646436219
2022-12-09,84529.2748575428,56.31915646436219
2022-12-10,84256.24753250372,56.31915646436219
2022-12-11,84324.37580315633,56.31915646436219
2022-12-12,84371.95644959305,56.31915646436219
2022-12-13,84266.69102716277,56.31915646436219
2022-12-14,83599.35590572191,56.31915646436219
2022-12-15,83440.98823986623,56.31915646436219
2022-12-16,83434.87246925179,56.31915646436219
2022-12-17,83516.02886387517,56.31915646436219
2022-12-18,82981.89147057194,56.31915646436219
2022-12-19,82919.61238570735,56.31915646436219
2022-12-20,82091.26997768908,56.31915646436219
2022-12-21,82124.63839311979,56.31915646436219
2022-12-22,81920.80819726632,56.31915646436219
2022-12-23,80148.86022561659,56.31915646436219
2022-12-24,80269.60354359593,56.31915646436219
2022-12-25,80229.44239610736,56.31915646436219
2022-12-26,79946.64134796214,56.31915646436219
2022-12-27,79644.13137688869,56.31915646436219
2022-12-28,77572.71012295254,56.31915646436219
2022-12-29,77821.15908675676,56.31915646436219
2022-12-30,77851.25520703701,56.31915646436219
2022-12-31,77452.60346715742,56.31915646436219
2023-01-01,77278.87490292422,56.31915646436219
2023-01-02,77314.54372602327,56.31915646436219
2023-01-03,77146.45584862868,56.31915646436219
2023-01-04,77275.08549492137,56.31915646436219
2023-01-05,77251.47711991669,56.31915646436219
2023-01-06,76154.74093081057,56.31915646436219
2023-01-07,76020.00534584548,56.31915646436219
2023-01-08,78405.85599939786,56.31915646436219
2023-01-09,78555.59582028032,56.31915646436219
2023-01-10,77218.60499065649,56.31915646436219
2023-01-11,78022.67626886946,56.31915646436219
2023-01-12,78873.36774829347,56.31915646436219
2023-01-13,78083.31188020036,56.31915646436219
2023-01-14,78198.57269018696,56.31915646436219
2023-01-15,76710.53444315818,56.31915646436219
2023-01-16,76199.82722668238,56.31915646436219
2023-01-17,76131.941760174,56.31915646436219
2023-01-18,75476.32759237381,56.31915646436219
2023-01-19,75551.95603511143,56.31915646436219
2023-01-20,75703.33292387218,56.31915646436219
2023-01-21,75692.39532387354,56.31915646436219
2023-01-22,75245.52650145642,56.31915646436219
2023-01-23,74954.7237919089,56.31915646436219
2023-01-24,74957.81684935624,56.31915646436219
2023-01-25,74963.87580135949,56.31915646436219
2023-01-26,75054.3465359979,56.31915646436219
2023-01-27,75020.90447367862,56.31915646436219
2023-01-28,74700.57701616055,56.31915646436219
2023-01-29,74903.84751531378,56.31915646436219
2023-01-30,70180.03691806081,56.31915646436219
2023-01-31,70495.70425948994,56.31915646436219
2023-02-01,70334.81124728631,56.31915646436219
2023-02-02,70084.82973950586,56.31915646436219
2023-02-03,71647.18226101554,56.31915646436219
2023-02-04,74056.59475535208,56.31915646436219
2023-02-05,73903.72680966558,56.31915646436219
2023-02-06,73333.02145048915,56.31915646436219
2023-02-07,73090.49182367869,56.31915646436219
2023-02-08,73294.18455995963,56.31915646436219
2023-02-09,72474.8205372134,56.31915646436219
2023-02-10,72456.26465050646,56.31915646436219
2023-02-11,72371.33904727639,56.31915646436219
2023-02-12,72254.22711109485,56.31915646436219
2023-02-13,71639.28027058496,56.31915646436219
2023-02-14,70146.55659408511,56.31915646436219
2023-02-15,69457.25891842786,56.31915646436219
2023-02-16,71603.90366132207,56.31915646436219
2023-02-17,70985.27261801303,56.31915646436219
2023-02-18,71203.14326703528,56.31915646436219
2023-02-19,71543.41588581455,56.31915646436219
2023-02-20,70950.82569213257,56.31915646436219
2023-02-21,79528.193894046,56.31915646436219
2023-02-22,79531.84796534441,56.31915646436219
2023-02-23,79554.7812674222,56.31915646436219
2023-02-24,76377.64011908541,56.31915646436219
2023-02-25,76641.55758459096,56.31915646436219
2023-02-26,76671.44339720049,56.31915646436219
2023-02-27,74486.9678371874,56.31915646436219
2023-02-28,73379.33140231372,56.31915646436219
2023-03-01,76351.05170539532,56.31915646436219
2023-03-02,76582.19656750951,56.31915646436219
2023-03-03,78193.28057459755,56.31915646436219
2023-03-04,73942.71275173072,56.31915646436219
2023-03-05,74275.47054994162,56.31915646436219
2023-03-06,68217.78296483915,56.31915646436219
2023-03-07,72517.34287574537,56.31915646436219
2023-03-08,69547.13911084656,56.31915646436219
2023-03-09,73670.68484324844,56.31915646436219
2023-03-10,70720.69904192656,56.31915646436219
2023-03-11,77429.1380290048,56.31915646436219
2023-03-12,74932.6232998976,56.31915646436219
2023-03-13,74834.3937983401,56.31915646436219
2023-03-14,75868.08123008917,56.31915646436219
2023-03-15,74266.62650339978,56.31915646436219
2023-03-16,84090.80548536993,56.31915646436219
2023-03-17,74650.85394444125,56.31915646436219
2023-03-18,61235.496376681505,56.31915646436219
2023-03-19,60674.404848013546,56.31915646436219
2023-03-20,60521.066053081646,56.31915646436219
2023-03-21,61230.235850377525,56.31915646436219
2023-03-22,61972.325039610165,56.31915646436219
2023-03-23,62662.851592211766,56.31915646436219
2023-03-24,62793.70231655713,56.31915646436219
2023-03-25,62190.161677095275,56.31915646436219
2023-03-26,62385.43831109604,56.31915646436219
2023-03-27,62505.67856375589,56.31915646436219
2023-03-28,62375.677475352655,56.31915646436219
2023-03-29,62245.5386744252,56.31915646436219
2023-03-30,62709.155564954424,56.31915646436219
2023-03-31,63810.16679010718,56.31915646436219
2023-04-01,65980.4053868506,56.31915646436219
2023-04-02,66144.84725266973,56.31915646436219
2023-04-03,66518.01116547121,56.31915646436219
2023-04-04,66752.1408306898,56.31915646436219
2023-04-05,67566.4015260537,56.31915646436219
2023-04-06,66326.24920608991,56.31915646436219
2023-04-07,65869.2620302229,56.31915646436219
2023-04-08,66106.36487521394,56.31915646436219
2023-04-09,65542.7553118956,56.31915646436219
2023-04-10,65276.49456465976,56.31915646436219
2023-04-11,64901.329310628425,56.31915646436219
2023-04-12,66507.57136178504,56.31915646436219
2023-04-13,63315.93004655661,56.31915646436219
2023-04-14,61843.66817207935,56.31915646436219
2023-04-15,63434.95686301593,56.31915646436219
2023-04-16,63485.068626893146,56.31915646436219
2023-04-17,63781.979551773926,56.31915646436219
2023-04-18,63819.99515710231,56.31915646436219
2023-04-19,64312.19204503885,56.31915646436219
2023-04-20,64609.5238187123,56.31915646436219
2023-04-21,64663.498250054414,56.31915646436219
2023-04-22,64365.45511623157,56.31915646436219
2023-04-23,64987.87344273752,56.31915646436219
2023-04-24,65169.3672973573,56.31915646436219
2023-04-25,65164.171459016914,56.31915646436219
2023-04-26,65268.0395248385,56.31915646436219
2023-04-27,65358.48722156966,56.31915646436219
2023-04-28,65272.71034112772,56.31915646436219
2023-04-29,65244.04039889048,56.31915646436219
2023-04-30,65241.52065488043,56.31915646436219
2023-05-01,65254.18227665141,56.31915646436219
2023-05-02,65369.51857946085,56.31915646436219
2023-05-03,65342.5413662048,56.31915646436219
2023-05-04,65204.96164763469,56.31915646436219
2023-05-05,65168.86299067835,56.31915646436219
2023-05-06,65134.05307375712,56.31915646436219
2023-05-07,64924.09703366636,56.31915646436219
2023-05-08,65044.28255781285,56.31915646436219
2023-05-09,65090.07967263147,56.31915646436219
2023-05-10,65112.74199091012,56.31915646436219
2023-05-11,65193.1672319711,56.31915646436219
2023-05-12,65214.53604081344,56.31915646436219
2023-05-13,64792.71518164702,56.31915646436219
2023-05-14,63470.90230245159,56.31915646436219
2023-05-15,63011.91142588939,56.31915646436219
2023-05-16,63113.78737379883,56.31915646436219
2023-05-17,62638.77215771789,56.31915646436219
2023-05-18,62433.832569704195,56.31915646436219
2023-05-19,62288.76719542227,56.31915646436219
2023-05-20,62339.03735811949,56.31915646436219
2023-05-21,61875.183833278585,56.31915646436219
2023-05-22,61745.60091259761,56.31915646436219
2023-05-23,61684.40759434018,56.31915646436219
2023-05-24,61684.56793061343,56.31915646436219
2023-05-25,61669.55574277917,56.31915646436219
2023-05-26,61665.70074890875,56.31915646436219
2023-05-27,61656.03614178314,56.31915646436219
2023-05-28,61035.38412875185,56.31915646436219
2023-05-29,60770.39507821402,56.31915646436219
2023-05-30,59087.57856984263,56.31915646436219
2023-05-31,58927.86697957412,56.31915646436219
2023-06-01,58947.99651406366,56.31915646436219
2023-06-02,59124.43812329412,56.31915646436219
2023-06-03,59043.596193851765,56.31915646436219
2023-06-04,58871.745417072285,56.31915646436219
2023-06-05,58865.82238519398,56.31915646436219
2023-06-06,58881.35723218936,56.31915646436219
2023-06-07,58658.35553461148,56.31915646436219
2023-06-08,58811.2179187328,56.31915646436219
2023-06-09,58700.80753846223,56.31915646436219
2023-06-10,58043.24371329453,56.31915646436219
2023-06-11,58043.97336345205,56.31915646436219
2023-06-12,57983.461725550726,56.31915646436219
2023-06-13,58401.18590490202,56.31915646436219
2023-06-14,58496.22560790034,56.31915646436219
2023-06-15,61620.08834478981,56.31915646436219
2023-06-16,65252.430161152624,56.31915646436219
2023-06-17,65193.97124112965,56.31915646436219
2023-06-18,65179.7376432732,56.31915646436219
2023-06-19,65106.87391514528,56.31915646436219
2023-06-20,61673.38477910006,56.31915646436219
2023-06-21,58869.044400307095,56.31915646436219
2023-06-22,56577.23842573015,56.31915646436219
2023-06-23,56553.406298816066,56.31915646436219
2023-06-24,57655.339635749704,56.31915646436219
2023-06-25,56551.4920612063,56.31915646436219
2023-06-26,56513.55104405632,56.31915646436219
2023-06-27,56478.36885443869,56.31915646436219
2023-06-28,56419.23870700825,56.31915646436219
2023-06-29,56432.44392659191,56.31915646436219
2023-06-30,56460.04241782142,56.31915646436219
2023-07-01,56020.639575649526,56.31915646436219
2023-07-02,55786.90979693538,56.31915646436219
2023-07-03,56036.963880480114,56.31915646436219
2023-07-04,56059.09839559788,56.31915646436219
2023-07-05,56000.71741537986,56.31915646436219
2023-07-06,56102.53523907323,56.31915646436219
2023-07-07,56197.526501306995,56.31915646436219
2023-07-08,56218.98588265969,56.31915646436219
2023-07-09,56291.48231003863,56.31915646436219
2023-07-10,56261.05911936307,56.31915646436219
2023-07-11,56268.007601992445,56.31915646436219
2023-07-12,56274.68845283047,56.31915646436219
2023-07-13,55043.160616182904,56.31915646436219
2023-07-14,55265.84427831533,56.31915646436219
2023-07-15,55825.30376066082,56.31915646436219
2023-07-16,55925.22335918441,56.31915646436219
2023-07-17,55907.52320791029,56.31915646436219
2023-07-18,55884.186575971275,56.31915646436219
2023-07-19,55977.12769530805,56.31915646436219
2023-07-20,55942.63886259704,56.31915646436219
2023-07-21,56072.6035222362,56.31915646436219
2023-07-22,56399.042433906274,56.31915646436219
2023-07-23,62123.973694979795,56.31915646436219
2023-07-24,62060.416891615576,56.31915646436219
2023-07-25,65483.04274663599,56.31915646436219
2023-07-26,65790.39678235714,56.31915646436219
2023-07-27,64667.4209418351,56.31915646436219
2023-07-28,64497.43412563979,56.31915646436219
2023-07-29,64522.299713604785,56.31915646436219
2023-07-30,64527.25990318518,56.31915646436219
2023-07-31,66643.07814550551,56.31915646436219
2023-08-01,65570.12704870966,56.31915646436219
2023-08-02,65288.392747706086,56.31915646436219
2023-08-03,67037.76661949702,56.31915646436219
2023-08-04,66808.2885307066,56.31915646436219
2023-08-05,66598.42643164076,56.31915646436219
2023-08-06,65501.47800503041,56.31915646436219
2023-08-07,64402.125396275755,56.31915646436219
2023-08-08,64301.21400983362,56.31915646436219
2023-08-09,63914.17002871606,56.31915646436219
2023-08-10,63876.322942891355,56.31915646436219
2023-08-11,63241.36666262574,56.31915646436219
2023-08-12,63175.322573311016,56.31915646436219
2023-08-13,63154.8411586484,56.31915646436219
2023-08-14,63465.21673601247,56.31915646436219
2023-08-15,63402.22222875786,56.31915646436219
2023-08-16,62977.43058237557,56.31915646436219
2023-08-17,62924.61193541496,56.31915646436219
2023-08-18,62990.44412643217,56.31915646436219
2023-08-19,62665.14147664702,56.31915646436219
2023-08-20,61213.07395700409,56.31915646436219
2023-08-21,60761.95856075388,56.31915646436219
2023-08-22,58235.65631036539,56.31915646436219
2023-08-23,58198.03940945123,56.31915646436219
2023-08-24,58113.65314356749,56.31915646436219
2023-08-25,58078.386488471675,56.31915646436219
2023-08-26,57967.81406725812,56.31915646436219
2023-08-27,57776.31077101791,56.31915646436219
2023-08-28,57676.641181532155,56.31915646436219
2023-08-29,55926.68885216822,56.31915646436219
2023-08-30,53319.3003062098,56.31915646436219
2023-08-31,53241.9131603668,56.31915646436219
2023-09-01,53694.04059794228,56.31915646436219
2023-09-02,54018.81329057041,56.31915646436219
2023-09-03,53883.80211084381,56.31915646436219
2023-09-04,53881.001137934014,56.31915646436219
2023-09-05,53901.458542742366,56.31915646436219
2023-09-06,52387.703969767725,56.31915646436219
2023-09-07,52388.23926902477,56.31915646436219
2023-09-08,52387.10293887661,56.31915646436219
2023-09-09,52374.12515649498,56.31915646436219
2023-09-10,52325.22640936166,56.31915646436219
2023-09-11,52308.20872155804,56.31915646436219
2023-09-12,52216.086216668984,56.31915646436219
2023-09-13,51840.01935634245,56.31915646436219
2023-09-14,51519.89010166646,56.31915646436219
2023-09-15,50922.36022781461,56.31915646436219
2023-09-16,50353.18124252056,56.31915646436219
2023-09-17,50354.809824615666,56.31915646436219
2023-09-18,50309.025966267014,56.31915646436219
2023-09-19,50324.01649650614,56.31915646436219
2023-09-20,50315.36863052617,56.31915646436219
2023-09-21,50292.93430124582,56.31915646436219
2023-09-22,50253.61929377643,56.31915646436219
2023-09-23,50185.89622119506,56.31915646436219
2023-09-24,50109.238559285186,56.31915646436219
2023-09-25,50072.94075705271,56.31915646436219
2023-09-26,49909.66220529047,56.31915646436219
2023-09-27,49912.41071313758,56.31915646436219
2023-09-28,49811.70570676279,56.31915646436219
2023-09-29,49765.022298558695,56.31915646436219
2023-09-30,49769.48370587934,56.31915646436219
2023-10-01,49664.664206741334,56.31915646436219
2023-10-02,49668.81198507885,56.31915646436219
2023-10-03,49532.4290608598,56.31915646436219
2023-10-04,49577.96553417867,56.31915646436219
2023-10-05,50202.35278935951,56.31915646436219
2023-10-06,49993.71756274965,56.31915646436219
2023-10-07,50056.02995483718,56.31915646436219
2023-10-08,50087.068648693654,56.31915646436219
2023-10-09,50596.48694551812,56.31915646436219
2023-10-10,50727.68630003243,56.31915646436219
2023-10-11,50600.036399667086,56.31915646436219
2023-10-12,50372.95322331158,56.31915646436219
2023-10-13,53200.70076403052,56.31915646436219
2023-10-14,53197.093712208174,56.31915646436219
2023-10-15,53114.955810233616,56.31915646436219
2023-10-16,53126.54600543447,56.31915646436219
2023-10-17,53093.34780060437,56.31915646436219
2023-10-18,53086.11599733358,56.31915646436219
2023-10-19,52963.21614131825,56.31915646436219
2023-10-20,52863.74188771366,56.31915646436219
2023-10-21,52972.834097564584,56.31915646436219
2023-10-22,52706.31890851564,56.31915646436219
2023-10-23,52596.202996626394,56.31915646436219
2023-10-24,53622.25450328012,56.31915646436219
2023-10-25,53796.988240503306,56.31915646436219
2023-10-26,53447.280611802715,56.31915646436219
2023-10-27,53059.8597912982,56.31915646436219
2023-10-28,53022.55951678006,56.31915646436219
2023-10-29,53006.53235930099,56.31915646436219
2023-10-30,52963.274748899894,56.31915646436219
2023-10-31,52660.35828069431,56.31915646436219
2023-11-01,49583.39384106784,56.31915646436219
2023-11-02,49860.18641028781,56.31915646436219
2023-11-03,49662.623000247455,56.31915646436219
2023-11-04,49464.75527583123,56.31915646436219
2023-11-05,50542.408852467415,56.31915646436219
2023-11-06,50749.490422059185,56.31915646436219
2023-11-07,50971.80542199048,56.31915646436219
2023-11-08,50783.40371303309,56.31915646436219
2023-11-09,50595.01979977937,56.31915646436219
2023-11-10,50451.30707633277,56.31915646436219
2023-11-11,50399.61517268227,56.31915646436219
2023-11-12,50125.62733925696,56.31915646436219
2023-11-13,50152.66671795138,56.31915646436219
2023-11-14,49880.876534622825,56.31915646436219
2023-11-15,49552.28167993052,56.31915646436219
2023-11-16,50316.75762215625,56.31915646436219
2023-11-17,50293.58527874413,56.31915646436219
2023-11-18,50165.83044874388,56.31915646436219
2023-11-19,50230.98136115639,56.31915646436219
2023-11-20,50103.00203080621,56.31915646436219
2023-11-21,50327.35524991994,56.31915646436219
2023-11-22,50132.90341162683,56.31915646436219
2023-11-23,49509.77800114813,56.31915646436219
2023-11-24,40485.84699079523,56.31915646436219
2023-11-25,40237.86239866598,56.31915646436219
2023-11-26,40091.41023100488,56.31915646436219
2023-11-27,40275.711406186,56.31915646436219
2023-11-28,39693.41999636642,56.31915646436219
2023-11-29,39543.51801854275,56.31915646436219
2023-11-30,39498.11616442204,56.31915646436219
2023-12-01,39434.63409494856,56.31915646436219
2023-12-02,39210.41468642909,56.31915646436219
2023-12-03,39110.083626110005,56.31915646436219
2023-12-04,39112.43033245353,56.31915646436219
2023-12-05,38799.7121460239,56.31915646436219
2023-12-06,38702.36082354125,56.31915646436219
2023-12-07,38770.02932336707,56.31915646436219
2023-12-08,38822.658525398394,56.31915646436219
2023-12-09,38872.5224522968,56.31915646436219
2023-12-10,38797.8068084895,56.31915646436219
2023-12-11,38876.81865872614,56.31915646436219
2023-12-12,38999.74937243909,56.31915646436219
2023-12-13,39062.56398067422,56.31915646436219
2023-12-14,37813.07701643815,56.31915646436219
2023-12-15,37628.456555808574,56.31915646436219
2023-12-16,38480.973823223656,56.31915646436219
2023-12-17,38743.23581764757,56.31915646436219
2023-12-18,38848.33400671349,56.31915646436219
2023-12-19,38607.03664596715,56.31915646436219
2023-12-20,37500.952443926275,56.31915646436219
2023-12-21,37823.16833683333,56.31915646436219
2023-12-22,37767.771898923296,56.31915646436219
2023-12-23,38514.417194471855,56.31915646436219
2023-12-24,38010.46514185688,56.31915646436219
2023-12-25,37560.90247416674,56.31915646436219
2023-12-26,37398.31789210641,56.31915646436219
2023-12-27,37042.40659291033,56.31915646436219
2023-12-28,36621.19366802614,56.31915646436219
2023-12-29,36464.393000684926,56.31915646436219
2023-12-30,36717.56959064764,56.31915646436219
2023-12-31,36461.38852928947,56.31915646436219
2024-01-01,36170.47536003159,56.31915646436219
2024-01-02,36391.49725802413,56.31915646436219
2024-01-03,36433.349639341366,56.31915646436219
2024-01-04,36681.115770134995,56.31915646436219
2024-01-05,36843.09220916965,56.31915646436219
2024-01-06,36734.78548844956,56.31915646436219
2024-01-07,36630.42333179109,56.31915646436219
2024-01-08,36242.31606234225,56.31915646436219
2024-01-09,35003.28847538881,56.31915646436219
2024-01-10,34507.3897221977,56.31915646436219
2024-01-11,33945.88566841033,56.31915646436219
2024-01-12,33401.25022846787,56.31915646436219
2024-01-13,34599.4865932247,56.31915646436219
2024-01-14,34169.9120787149,56.31915646436219
2024-01-15,34858.480422294306,56.31915646436219
2024-01-16,35114.11710610916,56.31915646436219
2024-01-17,35271.42359005938,56.31915646436219
2024-01-18,35106.904727224355,56.31915646436219
2024-01-19,35635.52671482016,56.31915646436219
2024-01-20,36308.176743807904,56.31915646436219
2024-01-21,37385.29467233896,56.31915646436219
2024-01-22,37259.13563521636,56.31915646436219
2024-01-23,37174.191471452985,56.31915646436219
2024-01-24,37170.80516062396,56.31915646436219
2024-01-25,37431.93808302662,56.31915646436219
2024-01-26,37099.94506542125,56.31915646436219
2024-01-27,37145.21038227314,56.31915646436219
2024-01-28,36887.02115849027,56.31915646436219
2024-01-29,37263.70053071423,56.31915646436219
2024-01-30,37206.59665251013,56.31915646436219
2024-01-31,36816.36663580558,56.31915646436219
2024-02-01,34602.15094485103,56.31915646436219
2024-02-02,34553.78575047626,56.31915646436219
2024-02-03,34507.5610763531,56.31915646436219
2024-02-04,34222.841928286005,56.31915646436219
2024-02-05,34176.71002621556,56.31915646436219
2024-02-06,34094.93588285562,56.31915646436219
2024-02-07,34079.720976781384,56.31915646436219
2024-02-08,33929.031898359324,56.31915646436219
2024-02-09,33687.648925369525,56.31915646436219
2024-02-10,34060.76610628535,56.31915646436219
2024-02-11,34024.29918405334,56.31915646436219
2024-02-12,34109.55203951849,56.31915646436219
2024-02-13,33624.944942842936,56.31915646436219
2024-02-14,33249.58906663715,56.31915646436219
2024-02-15,33248.40683352344,56.31915646436219
2024-02-16,33213.11674121594,56.31915646436219
2024-02-17,33241.41213711929,56.31915646436219
2024-02-18,33127.3027784352,56.31915646436219
2024-02-19,32854.02631107602,56.31915646436219
2024-02-20,33054.830784907215,56.31915646436219
2024-02-21,33087.22155217261,56.31915646436219
2024-02-22,32820.66208119419,56.31915646436219
2024-02-23,32913.07278182865,56.31915646436219
2024-02-24,32944.446154159676,56.31915646436219
2024-02-25,33030.5730632767,56.31915646436219
2024-02-26,33083.28020920177,56.31915646436219
2024-02-27,33348.11033902589,56.31915646436219
2024-02-28,33264.27023917808,56.31915646436219
2024-02-29,32901.84739169212,56.31915646436219
2024-03-01,32737.78939246754,56.31915646436219
2024-03-02,32765.166192383032,56.31915646436219
2024-03-03,32631.435187538453,56.31915646436219
2024-03-04,32608.175159599017,56.31915646436219
2024-03-05,32643.020686975353,56.31915646436219
2024-03-06,33077.38902325746,56.31915646436219
2024-03-07,32894.941392803245,56.31915646436219
2024-03-08,32264.395000761473,56.31915646436219
2024-03-09,32636.67776400207,56.31915646436219
2024-03-10,32700.388502855352,56.31915646436219
2024-03-11,32666.62141182425,56.31915646436219
2024-03-12,32420.064618316228,56.31915646436219
2024-03-13,32268.004885397233,56.31915646436219
2024-03-14,32315.9737789569,56.31915646436219
2024-03-15,31929.459310378275,56.31915646436219
2024-03-16,31527.37204824432,56.31915646436219
2024-03-17,31261.23936086185,56.31915646436219
2024-03-18,31211.196885467987,56.31915646436219
2024-03-19,31252.140880382347,56.31915646436219
2024-03-20,31062.836737445872,56.31915646436219
2024-03-21,30464.272252343555,56.31915646436219
2024-03-22,30883.608361576913,56.31915646436219
2024-03-23,30676.22341338209,56.31915646436219
2024-03-24,30598.10317891531,56.31915646436219
2024-03-25,30501.283300884064,56.31915646436219
2024-03-26,30758.77701468355,56.31915646436219
2024-03-27,30767.80151264576,56.31915646436219
2024-03-28,31137.244624848325,56.31915646436219
2024-03-29,31498.68631939516,56.31915646436219
2024-03-30,30307.64113540086,56.31915646436219
2024-03-31,30265.400430377915,56.31915646436219
2024-04-01,30211.609872833473,56.31915646436219
2024-04-02,30098.090029332572,56.31915646436219
2024-04-03,29025.475690870026,56.31915646436219
2024-04-04,27812.969178616215,56.31915646436219
2024-04-05,30015.77069089779,56.31915646436219
2024-04-06,27913.71117192981,56.31915646436219
2024-04-07,28562.014301085575,56.31915646436219
2024-04-08,28669.909818988748,56.31915646436219
2024-04-09,26868.990445511008,56.31915646436219
2024-04-10,27330.634276955116,56.31915646436219
2024-04-11,26843.94161563109,56.31915646436219
2024-04-12,26871.818725999536,56.31915646436219
2024-04-13,26828.51002667531,56.31915646436219
2024-04-14,27174.40340084851,56.31915646436219
2024-04-15,27315.922547101713,56.31915646436219
2024-04-16,25851.566085577077,56.31915646436219
2024-04-17,26698.659905228116,56.31915646436219
2024-04-18,27194.13345781401,56.31915646436219
2024-04-19,27322.845350928917,56.31915646436219
2024-04-20,26952.366924360536,56.31915646436219
2024-04-21,28240.07006799409,56.31915646436219
2024-04-22,28197.482083441093,56.31915646436219
2024-04-23,28137.66307400665,56.31915646436219
2024-04-24,28038.27422434722,56.31915646436219
2024-04-25,27784.679096312855,56.31915646436219
2024-04-26,27753.459610480495,56.31915646436219
2024-04-27,27880.721614913524,56.31915646436219
2024-04-28,27731.63132673415,56.31915646436219
2024-04-29,27736.82445261833,56.31915646436219
2024-04-30,27698.93429913268,56.31915646436219
2024-05-01,27695.72170471662,56.31915646436219
2024-05-02,27668.18620417622,56.31915646436219
2024-05-03,27521.718009866,56.31915646436219
2024-05-04,27526.365465806135,56.31915646436219
2024-05-05,27664.32535342061,56.31915646436219
2024-05-06,27995.234933650732,56.31915646436219
2024-05-07,28060.39102427188,56.31915646436219
2024-05-08,28029.330447403285,56.31915646436219
2024-05-09,28045.942045648186,56.31915646436219
2024-05-10,27207.52679142193,56.31915646436219
2024-05-11,27063.30731257483,56.31915646436219
2024-05-12,26577.698009980657,56.31915646436219
2024-05-13,26555.694954871426,56.31915646436219
2024-05-14,26549.54466178709,56.31915646436219
2024-05-15,26447.99912634141,56.31915646436219
2024-05-16,26335.27557032196,56.31915646436219
2024-05-17,26320.149884760092,56.31915646436219
2024-05-18,26085.440027873185,56.31915646436219
2024-05-19,25995.067712940443,56.31915646436219
2024-05-20,25990.486666729714,56.31915646436219
2024-05-21,26146.063990934577,56.31915646436219
2024-05-22,25829.172780619974,56.31915646436219
2024-05-23,24902.05351991871,56.31915646436219
2024-05-24,24734.0268078697,56.31915646436219
2024-05-25,24671.954792446824,56.31915646436219
2024-05-26,24634.607930731778,56.31915646436219
2024-05-27,24386.89919811976,56.31915646436219
2024-05-28,24303.882884968258,56.31915646436219
2024-05-29,24322.606402590267,56.31915646436219
2024-05-30,24311.072955511067,56.31915646436219
2024-05-31,24167.400977475165,56.31915646436219
2024-06-01,24140.438530071555,56.31915646436219
2024-06-02,24106.236996958753,56.31915646436219
2024-06-03,23864.322803107443,56.31915646436219
2024-06-04,23808.496011566793,56.31915646436219
2024-06-05,23940.979463861004,56.31915646436219
2024-06-06,23756.29604978956,56.31915646436219
2024-06-07,23685.454215791524,56.31915646436219
2024-06-08,23440.362866080177,56.31915646436219
2024-06-09,23368.30790945592,56.31915646436219
2024-06-10,23395.467315647576,56.31915646436219
2024-06-11,23927.862168893495,56.31915646436219
2024-06-12,23905.048543722205,56.31915646436219
2024-06-13,23949.956277887773,56.31915646436219
2024-06-14,24004.202052842214,56.31915646436219
2024-06-15,23912.510220035947,56.31915646436219
2024-06-16,23781.30156010127,56.31915646436219
2024-06-17,23657.099868827034,56.31915646436219
2024-06-18,23691.956338476175,56.31915646436219
2024-06-19,23728.71084026281,56.31915646436219
2024-06-20,23682.486204355067,56.31915646436219
2024-06-21,23982.916083129196,56.31915646436219
2024-06-22,23779.45721705983,56.31915646436219
2024-06-23,23556.627722316527,56.31915646436219
2024-06-24,24460.990721261376,56.31915646436219
2024-06-25,24521.060029752145,56.31915646436219
2024-06-26,24296.03925540849,56.31915646436219
2024-06-27,24555.15394625457,56.31915646436219
2024-06-28,24546.10395997791,56.31915646436219
2024-06-29,24975.152170633788,56.31915646436219
2024-06-30,24969.22040104861,56.31915646436219
2024-07-01,24874.284754032757,56.31915646436219
2024-07-02,24857.410909646256,56.31915646436219
2024-07-03,24960.601756289263,56.31915646436219
2024-07-04,25085.083822865377,56.31915646436219
2024-07-05,25146.885103505258,56.31915646436219
2024-07-06,25300.533482861378,56.31915646436219
2024-07-07,25397.653212286277,56.31915646436219
2024-07-08,25229.314007597648,56.31915646436219
2024-07-09,25252.858421233883,56.31915646436219
2024-07-10,25231.55376225562,56.31915646436219
2024-07-11,25341.07488571953,56.31915646436219
2024-07-12,25395.998207431036,56.31915646436219
2024-07-13,25477.044750672892,56.31915646436219
2024-07-14,25634.73368948234,56.31915646436219
2024-07-15,25853.93303184377,56.31915646436219
2024-07-16,26361.636325384377,56.31915646436219
2024-07-17,26474.938311724396,56.31915646436219
2024-07-18,27070.47537494326,56.31915646436219
2024-07-19,27008.643735207937,56.31915646436219
2024-07-20,27005.56788107907,56.31915646436219
2024-07-21,26987.47427189444,56.31915646436219
2024-07-22,27517.74267428683,56.31915646436219
2024-07-23,27934.66140290115,56.31915646436219
2024-07-24,27985.015220020727,56.31915646436219
2024-07-25,27489.688155210115,56.31915646436219
2024-07-26,26812.713722590743,56.31915646436219
2024-07-27,26220.11649023321,56.31915646436219
2024-07-28,26588.736167392664,56.31915646436219
2024-07-29,26896.777199715943,56.31915646436219
2024-07-30,26874.04503208281,56.31915646436219
2024-07-31,27178.762740156428,56.31915646436219
2024-08-01,27015.7983218428,56.31915646436219
2024-08-02,27114.15940769826,56.31915646436219
2024-08-03,27177.53137744079,56.31915646436219
2024-08-04,27331.620123027067,56.31915646436219
2024-08-05,27477.49692345824,56.31915646436219
2024-08-06,27378.28800056675,56.31915646436219
2024-08-07,27322.741271095292,56.31915646436219
2024-08-08,27242.317488811022,56.31915646436219
2024-08-09,27275.131791195257,56.31915646436219
2024-08-10,27288.121013293305,56.31915646436219
2024-08-11,27286.4837774559,56.31915646436219
2024-08-12,27279.289441458204,56.31915646436219
2024-08-13,27318.703200302138,56.31915646436219
2024-08-14,27383.94562165465,56.31915646436219
2024-08-15,27385.43579010032,56.31915646436219
2024-08-16,27422.83004428076,56.31915646436219
2024-08-17,27379.00814608448,56.31915646436219
2024-08-18,27065.461040225695,56.31915646436219
2024-08-19,27275.60065398331,56.31915646436219
2024-08-20,25881.419128044035,56.31915646436219
2024-08-21,25779.861068527156,56.31915646436219
2024-08-22,25553.642386026106,56.31915646436219
2024-08-23,25569.452006110136,56.31915646436219
2024-08-24,25663.130939200928,56.31915646436219
2024-08-25,25978.387819294727,56.31915646436219
2024-08-26,25990.481724174217,56.31915646436219
2024-08-27,26025.364120736147,56.31915646436219
2024-08-28,26158.24741579591,56.31915646436219
2024-08-29,26289.45543313249,56.31915646436219
2024-08-30,26338.41306947577,56.31915646436219
2024-08-31,26480.374923619645,56.31915646436219
2024-09-01,26500.83875081219,56.31915646436219
2024-09-02,26570.363435487652,56.31915646436219
2024-09-03,26577.56510632397,56.31915646436219
2024-09-04,26782.449882371424,56.31915646436219
2024-09-05,26098.872100192988,56.31915646436219
2024-09-06,26448.36455548,56.31915646436219
2024-09-07,26440.71702157701,56.31915646436219
2024-09-08,27397.13558994391,56.31915646436219
2024-09-09,27471.310657137503,56.31915646436219
2024-09-10,28191.478996412257,56.31915646436219
2024-09-11,28177.312638005984,56.31915646436219
2024-09-12,28179.8435489933,56.31915646436219
2024-09-13,28190.607165979025,56.31915646436219
2024-09-14,28072.710972311168,56.31915646436219
2024-09-15,28072.521464544167,56.31915646436219
2024-09-16,28069.905259289757,56.31915646436219
2024-09-17,28065.751041386346,56.31915646436219
2024-09-18,28066.99184164572,56.31915646436219
2024-09-19,27416.99162468089,56.31915646436219
2024-09-20,27090.159991851535,56.31915646436219
2024-09-21,27015.35129253135,56.31915646436219
2024-09-22,27034.23177462436,56.31915646436219
2024-09-23,27116.17752935099,56.31915646436219
2024-09-24,27122.746881419895,56.31915646436219
2024-09-25,27108.916854944346,56.31915646436219
2024-09-26,27106.189244650857,56.31915646436219
2024-09-27,27111.62733425196,56.31915646436219
2024-09-28,27176.139036301916,56.31915646436219
2024-09-29,27683.247567812276,56.31915646436219
2024-09-30,27508.770407164266,56.31915646436219
2024-10-01,27803.92084240224,56.31915646436219
2024-10-02,27749.417794520472,56.31915646436219
2024-10-03,27762.40203362285,56.31915646436219
2024-10-04,27835.923554693436,56.31915646436219
2024-10-05,27844.497836581788,56.31915646436219
2024-10-06,27848.91824441377,56.31915646436219
2024-10-07,27865.845928295617,56.31915646436219
2024-10-08,27966.29388913989,56.31915646436219
2024-10-09,27765.612856840093,56.31915646436219
2024-10-10,27927.203058535088,56.31915646436219
2024-10-11,27811.18448799813,56.31915646436219
2024-10-12,27924.170113464286,56.31915646436219
2024-10-13,27991.56998005416,56.31915646436219
2024-10-14,28014.952158148943,56.31915646436219
2024-10-15,28025.917637501854,56.31915646436219
2024-10-16,28089.648386007913,56.31915646436219
2024-10-17,28089.408108158637,56.31915646436219
2024-10-18,27286.421593648607,56.31915646436219
2024-10-19,27340.69091969164,56.31915646436219
2024-10-20,27347.16546460486,56.31915646436219
2024-10-21,27315.717667197205,56.31915646436219
2024-10-22,27320.39839983925,56.31915646436219
