date,0x5d22045DAcEAB03B158031eCB7D9d06Fad24609b
2020-01-01,
2020-01-02,
2020-01-03,
2020-01-04,
2020-01-05,
2020-01-06,
2020-01-07,
2020-01-08,
2020-01-09,
2020-01-10,
2020-01-11,
2020-01-12,
2020-01-13,
2020-01-14,
2020-01-15,
2020-01-16,
2020-01-17,
2020-01-18,
2020-01-19,
2020-01-20,
2020-01-21,
2020-01-22,
2020-01-23,
2020-01-24,
2020-01-25,
2020-01-26,
2020-01-27,
2020-01-28,
2020-01-29,
2020-01-30,
2020-01-31,
2020-02-01,
2020-02-02,
2020-02-03,
2020-02-04,
2020-02-05,
2020-02-06,
2020-02-07,
2020-02-08,
2020-02-09,
2020-02-10,
2020-02-11,
2020-02-12,
2020-02-13,
2020-02-14,
2020-02-15,
2020-02-16,
2020-02-17,
2020-02-18,
2020-02-19,
2020-02-20,
2020-02-21,
2020-02-22,
2020-02-23,
2020-02-24,
2020-02-25,
2020-02-26,
2020-02-27,
2020-02-28,
2020-02-29,
2020-03-01,
2020-03-02,
2020-03-03,
2020-03-04,
2020-03-05,
2020-03-06,
2020-03-07,
2020-03-08,
2020-03-09,
2020-03-10,
2020-03-11,
2020-03-12,
2020-03-13,
2020-03-14,
2020-03-15,
2020-03-16,
2020-03-17,
2020-03-18,
2020-03-19,
2020-03-20,
2020-03-21,
2020-03-22,
2020-03-23,
2020-03-24,
2020-03-25,
2020-03-26,
2020-03-27,
2020-03-28,
2020-03-29,
2020-03-30,
2020-03-31,
2020-04-01,
2020-04-02,
2020-04-03,
2020-04-04,
2020-04-05,
2020-04-06,
2020-04-07,
2020-04-08,
2020-04-09,
2020-04-10,
2020-04-11,
2020-04-12,
2020-04-13,
2020-04-14,
2020-04-15,
2020-04-16,
2020-04-17,
2020-04-18,
2020-04-19,
2020-04-20,
2020-04-21,
2020-04-22,
2020-04-23,
2020-04-24,
2020-04-25,
2020-04-26,
2020-04-27,
2020-04-28,
2020-04-29,
2020-04-30,
2020-05-01,
2020-05-02,
2020-05-03,
2020-05-04,
2020-05-05,
2020-05-06,
2020-05-07,
2020-05-08,
2020-05-09,
2020-05-10,
2020-05-11,
2020-05-12,
2020-05-13,
2020-05-14,
2020-05-15,
2020-05-16,
2020-05-17,
2020-05-18,
2020-05-19,
2020-05-20,
2020-05-21,
2020-05-22,
2020-05-23,
2020-05-24,
2020-05-25,
2020-05-26,
2020-05-27,
2020-05-28,
2020-05-29,
2020-05-30,
2020-05-31,0.0
2020-06-01,0.1
2020-06-02,53.38912978
2020-06-03,54.22401963
2020-06-04,1194.37798723
2020-06-05,2330.03341974
2020-06-06,2602.57645513
2020-06-07,2026.6035909
2020-06-08,3138.2743909
2020-06-09,1862.1855864
2020-06-10,2860.15554187
2020-06-11,2380.61338473
2020-06-12,2776.45037352
2020-06-13,2841.01464308
2020-06-14,2878.13968872
2020-06-15,2878.07968871
2020-06-16,2867.72502071
2020-06-17,2868.21272071
2020-06-18,2857.62803251
2020-06-19,2838.89939355
2020-06-20,2860.76997605
2020-06-21,2862.77907605
2020-06-22,2782.27907605
2020-06-23,2882.92911163
2020-06-24,2923.04133058
2020-06-25,2863.64119952
2020-06-26,2865.55119952
2020-06-27,2862.13377734
2020-06-28,2863.08831534
2020-06-29,2863.08831534
2020-06-30,1232.87464078
2020-07-01,5221.16716063
2020-07-02,5585.96929275
2020-07-03,5622.15047441
2020-07-04,5503.80289151
2020-07-05,5493.96135647
2020-07-06,5494.95635647
2020-07-07,5494.28301023
2020-07-08,5523.56706403
2020-07-09,4891.92450559
2020-07-10,4891.27620559
2020-07-11,4935.04572975
2020-07-12,4326.9675886
2020-07-13,4332.34852256
2020-07-14,4335.99709782
2020-07-15,4342.3459689
2020-07-16,4464.8499011
2020-07-17,4509.45737538
2020-07-18,4481.25377739
2020-07-19,4467.0667911
2020-07-20,4426.11942104
2020-07-21,4356.99047861
2020-07-22,4385.63522708
2020-07-23,3815.23866741
2020-07-24,3856.44808641
2020-07-25,2284.95901945
2020-07-26,2281.15901945
2020-07-27,1673.48295724
2020-07-28,1880.5239316
2020-07-29,1875.47738327
2020-07-30,1763.92023374
2020-07-31,1763.78543374
2020-08-01,1829.56601989
2020-08-02,1876.39630361
2020-08-03,1670.57663814
2020-08-04,1672.88783813
2020-08-05,1642.08799944
2020-08-06,1596.37578725
2020-08-07,1601.34257824
2020-08-08,1623.45185033
2020-08-09,1629.16185033
2020-08-10,1629.71185033
2020-08-11,1635.09475033
2020-08-12,1586.24452606
2020-08-13,1485.19931251
2020-08-14,2905.84737884
2020-08-15,2365.92051081
2020-08-16,2349.51391542
2020-08-17,2353.01391542
2020-08-18,2357.41212288
2020-08-19,2402.75891571
2020-08-20,2446.53785125
2020-08-21,2423.08194719
2020-08-22,2453.32118024
2020-08-23,2293.70609753
2020-08-24,2320.23289413
2020-08-25,2398.29661339
2020-08-26,2396.64030989
2020-08-27,2383.04200689
2020-08-28,2777.51294982
2020-08-29,2779.03294982
2020-08-30,2778.30794982
2020-08-31,2231.39312095
2020-09-01,2202.99430626
2020-09-02,2214.59430626
2020-09-03,2222.45829095
2020-09-04,2231.40329938
2020-09-05,2241.90329938
2020-09-06,2484.15627607
2020-09-07,2476.72117607
2020-09-08,2476.72117607
2020-09-09,2476.72117607
2020-09-10,2476.72117607
2020-09-11,2499.04457607
2020-09-12,2458.57178959
2020-09-13,2673.59498958
2020-09-14,2674.22498958
2020-09-15,2669.41498958
2020-09-16,2674.42498958
2020-09-17,2566.32247805
2020-09-18,2798.49584211
2020-09-19,2774.4218671
2020-09-20,2774.4218671
2020-09-21,2644.61386755
2020-09-22,2644.06970805
2020-09-23,2644.06970805
2020-09-24,2644.06970805
2020-09-25,2644.06970805
2020-09-26,4322.08213413
2020-09-27,4322.08213413
2020-09-28,4322.08213413
2020-09-29,3521.87755929
2020-09-30,3522.07755929
2020-10-01,3518.26664945
2020-10-02,1889.85231597
2020-10-03,1889.85231597
2020-10-04,1889.88216916
2020-10-05,1879.85286622
2020-10-06,1880.35286622
2020-10-07,1880.42286622
2020-10-08,1874.28708762
2020-10-09,1874.28708762
2020-10-10,2322.72236082
2020-10-11,2134.87684497
2020-10-12,2136.37684497
2020-10-13,1930.15014567
2020-10-14,1929.90014567
2020-10-15,2929.82701278
2020-10-16,2403.03218504
2020-10-17,2329.68237505
2020-10-18,2255.29487503
2020-10-19,2199.66285481
2020-10-20,1926.42002238
2020-10-21,2260.51035917
2020-10-22,2729.42469523
2020-10-23,2729.52469523
2020-10-24,2192.3328721
2020-10-25,2192.3328721
2020-10-26,2131.50732637
2020-10-27,2083.60943038
2020-10-28,3084.64813037
2020-10-29,3083.98411546
2020-10-30,3084.42991546
2020-10-31,3084.42991546
2020-11-01,3087.34445333
2020-11-02,3087.34445333
2020-11-03,3085.75091603
2020-11-04,3085.85091603
2020-11-05,3085.85091603
2020-11-06,3085.85091603
2020-11-07,3110.75451602
2020-11-08,3110.75451602
2020-11-09,2592.75245717
2020-11-10,3072.10991976
2020-11-11,3075.28991976
2020-11-12,2581.04918968
2020-11-13,2581.04918968
2020-11-14,2560.93753104
2020-11-15,2055.4269519
2020-11-16,2055.4269519
2020-11-17,2055.4269519
2020-11-18,1965.66440958
2020-11-19,4447.39193483
2020-11-20,4447.19193483
2020-11-21,3938.67634471
2020-11-22,3752.76305198
2020-11-23,1891.57502569
2020-11-24,1991.69502569
2020-11-25,1907.73785202
2020-11-26,2907.61285202
2020-11-27,2908.51285202
2020-11-28,2912.31585202
2020-11-29,2920.46035202
2020-11-30,2885.73705369
2020-12-01,2895.77555368
2020-12-02,1971.27154241
2020-12-03,1969.08354241
2020-12-04,1959.82927254
2020-12-05,1801.35661699
2020-12-06,1808.95661699
2020-12-07,1810.96661699
2020-12-08,1810.85832096
2020-12-09,1816.11832096
2020-12-10,1818.67761419
2020-12-11,1818.77001419
2020-12-12,1820.77001419
2020-12-13,2020.87001419
2020-12-14,2020.87001419
2020-12-15,2021.02166419
2020-12-16,2021.02166419
2020-12-17,2005.99662784
2020-12-18,2019.34040163
2020-12-19,2019.34040163
2020-12-20,2019.22704142
2020-12-21,1547.73450357
2020-12-22,1546.23450355
2020-12-23,1546.33450355
2020-12-24,1465.99188747
2020-12-25,1464.93806254
2020-12-26,1451.03806254
2020-12-27,1458.73713754
2020-12-28,1500.44713754
2020-12-29,1531.30465384
2020-12-30,1525.90465384
2020-12-31,1324.99314077
2021-01-01,1325.01301234
2021-01-02,1325.00301234
2021-01-03,1323.00301234
2021-01-04,1666.04590084
2021-01-05,1666.82720084
2021-01-06,1687.51390084
2021-01-07,1813.7325915
2021-01-08,2020.55770682
2021-01-09,2023.91354823
2021-01-10,2117.71775529
2021-01-11,1622.79457416
2021-01-12,1803.36066394
2021-01-13,1747.95747221
2021-01-14,1772.51427983
2021-01-15,1812.34667983
2021-01-16,1442.63156127
2021-01-17,1555.34925853
2021-01-18,1557.09447418
2021-01-19,1589.45702574
2021-01-20,1589.87702574
2021-01-21,1738.02082574
2021-01-22,1740.95812574
2021-01-23,1737.54322574
2021-01-24,1701.04322574
2021-01-25,1743.76822574
2021-01-26,1791.65822462
2021-01-27,1891.94853248
2021-01-28,1936.78186199
2021-01-29,2016.78186199
2021-01-30,1607.92983152
2021-01-31,1607.92983152
2021-02-01,1631.30153152
2021-02-02,1670.10153152
2021-02-03,2680.59643152
2021-02-04,2358.71158078
2021-02-05,1443.13057554
2021-02-06,1788.97847185
2021-02-07,1796.78687185
2021-02-08,1829.07517977
2021-02-09,1830.42517977
2021-02-10,1931.58114727
2021-02-11,1930.98114727
2021-02-12,1903.14076777
2021-02-13,1864.42326776
2021-02-14,1864.42326776
2021-02-15,1864.95910463
2021-02-16,1891.59458536
2021-02-17,1916.52458536
2021-02-18,2738.46558458
2021-02-19,1939.89442614
2021-02-20,1652.45750976
2021-02-21,1631.93722174
2021-02-22,1682.43771172
2021-02-23,1764.5795117
2021-02-24,1794.55321171
2021-02-25,3355.90169217
2021-02-26,1894.74167338
2021-02-27,1878.34442921
2021-02-28,1869.83942921
2021-03-01,1880.2306292
2021-03-02,1847.60916141
2021-03-03,1854.83135141
2021-03-04,1852.16860331
2021-03-05,1863.78702386
2021-03-06,2512.32489322
2021-03-07,1929.32982856
2021-03-08,1927.85331677
2021-03-09,1927.95331677
2021-03-10,2049.32277456
2021-03-11,2096.17980087
2021-03-12,2096.38630086
2021-03-13,2096.06776566
2021-03-14,2097.27216565
2021-03-15,2149.07216565
2021-03-16,2189.23486565
2021-03-17,1998.47522068
2021-03-18,1998.98732068
2021-03-19,2021.23732068
2021-03-20,1983.97646223
2021-03-21,2026.07866223
2021-03-22,2026.28345366
2021-03-23,1967.08125366
2021-03-24,1973.47115725
2021-03-25,1974.12615725
2021-03-26,2014.63030105
2021-03-27,2018.76438415
2021-03-28,2025.22223416
2021-03-29,2024.2878314
2021-03-30,2041.3778314
2021-03-31,2045.58610421
2021-04-01,2041.31630421
2021-04-02,2179.13593239
2021-04-03,2211.22193511
2021-04-04,2207.57120491
2021-04-05,1676.91928619
2021-04-06,1748.21528619
2021-04-07,1779.02918232
2021-04-08,1777.36777133
2021-04-09,1889.78915751
2021-04-10,1895.86115751
2021-04-11,1928.44572736
2021-04-12,2018.61015019
2021-04-13,2052.38571256
2021-04-14,2108.72766454
2021-04-15,2128.99086141
2021-04-16,2143.79425714
2021-04-17,2213.2233035
2021-04-18,2165.0063035
2021-04-19,2181.1363035
2021-04-20,2222.6363035
2021-04-21,1861.96355282
2021-04-22,1843.1573611
2021-04-23,1855.90819467
2021-04-24,2278.53551231
2021-04-25,2286.63711292
2021-04-26,2309.44460292
2021-04-27,2321.30636379
2021-04-28,2474.73128764
2021-04-29,2491.23017295
2021-04-30,2529.29574867
2021-05-01,1908.97856626
2021-05-02,1965.30423757
2021-05-03,2025.55121758
2021-05-04,1613.44590811
2021-05-05,1692.78143411
2021-05-06,1743.10473411
2021-05-07,1847.10065716
2021-05-08,1853.95077981
2021-05-09,1894.75077981
2021-05-10,2002.14577981
2021-05-11,1962.5007798
2021-05-12,1962.5007798
2021-05-13,1903.51813311
2021-05-14,1915.09430658
2021-05-15,1925.09430658
2021-05-16,1927.23644585
2021-05-17,1963.84719759
2021-05-18,2054.52719759
2021-05-19,2091.94884445
2021-05-20,2513.6146627
2021-05-21,2351.9357865
2021-05-22,2372.58259399
2021-05-23,3026.00010514
2021-05-24,2607.73608336
2021-05-25,2104.60391085
2021-05-26,2195.2695213
2021-05-27,2298.17322067
2021-05-28,2298.79358296
2021-05-29,2303.02358296
2021-05-30,2306.58677434
2021-05-31,2322.21411704
2021-06-01,2383.69748642
2021-06-02,2389.80830223
2021-06-03,2396.59329966
2021-06-04,2705.68133454
2021-06-05,1907.87381204
2021-06-06,1962.1483337
2021-06-07,1976.20751876
2021-06-08,1979.95007924
2021-06-09,2071.30212648
2021-06-10,2085.90923255
2021-06-11,2091.04012577
2021-06-12,2092.22582577
2021-06-13,2143.59582577
2021-06-14,2145.66967959
2021-06-15,2146.2626963
2021-06-16,2177.33271869
2021-06-17,2178.10771869
2021-06-18,2180.40125625
2021-06-19,2187.8576093
2021-06-20,1827.00591833
2021-06-21,1827.07637392
2021-06-22,1827.15637392
2021-06-23,1827.34976639
2021-06-24,1827.52976639
2021-06-25,1835.14176639
2021-06-26,1835.24176639
2021-06-27,1837.28176639
2021-06-28,1843.67148139
2021-06-29,1847.98315034
2021-06-30,1865.68737073
2021-07-01,1874.67736581
2021-07-02,1875.56688256
2021-07-03,1876.09652113
2021-07-04,1877.27652113
2021-07-05,1879.92324703
2021-07-06,1890.53371345
2021-07-07,1901.17859585
2021-07-08,1937.15837619
2021-07-09,1978.32983382
2021-07-10,2024.57627774
2021-07-11,1647.44383943
2021-07-12,1569.96382043
2021-07-13,1580.0521851
2021-07-14,1602.0651851
2021-07-15,1682.16725712
2021-07-16,1682.96030077
2021-07-17,1696.96030077
2021-07-18,1698.94032094
2021-07-19,1699.04032094
2021-07-20,1693.06532094
2021-07-21,1672.78357629
2021-07-22,1716.15167385
2021-07-23,1716.28973104
2021-07-24,1714.86800347
2021-07-25,1714.86800347
2021-07-26,1717.06223588
2021-07-27,1741.03766648
2021-07-28,1811.89991845
2021-07-29,1814.83491845
2021-07-30,1815.24597845
2021-07-31,1817.2218477
2021-08-01,1852.82331194
2021-08-02,1451.92408801
2021-08-03,1466.40461284
2021-08-04,1467.00633735
2021-08-05,1471.98500919
2021-08-06,1557.81263325
2021-08-07,2045.30696262
2021-08-08,2555.34994925
2021-08-09,2565.64869499
2021-08-10,2574.66289145
2021-08-11,3021.08255487
2021-08-12,3021.01238495
2021-08-13,3057.04190988
2021-08-14,3084.62840988
2021-08-15,3085.42086724
2021-08-16,3084.26724537
2021-08-17,3093.79724537
2021-08-18,3094.49550072
2021-08-19,3129.77531866
2021-08-20,3189.32387531
2021-08-21,2485.69828341
2021-08-22,2620.76828341
2021-08-23,2731.42201013
2021-08-24,2739.87506909
2021-08-25,2728.29270195
2021-08-26,2728.50670195
2021-08-27,2742.04629009
2021-08-28,2742.53629009
2021-08-29,2840.51549988
2021-08-30,2896.15009819
2021-08-31,2836.82797011
2021-09-01,2854.16782216
2021-09-02,2918.05521976
2021-09-03,2948.12521976
2021-09-04,2977.12521976
2021-09-05,2977.12521976
2021-09-06,2964.97487904
2021-09-07,2971.17128806
2021-09-08,2977.81530741
2021-09-09,3010.00530741
2021-09-10,3190.95773477
2021-09-11,3192.768071
2021-09-12,3195.55231672
2021-09-13,3226.72028917
2021-09-14,3230.81136103
2021-09-15,3208.73522722
2021-09-16,3210.43829502
2021-09-17,3214.81394758
2021-09-18,3214.85508702
2021-09-19,3220.42493656
2021-09-20,3221.89366518
2021-09-21,3541.86761983
2021-09-22,3549.95289015
2021-09-23,3585.15891518
2021-09-24,3573.16910076
2021-09-25,3582.41591581
2021-09-26,3584.42963072
2021-09-27,3595.12414437
2021-09-28,3625.26849562
2021-09-29,3679.57153833
2021-09-30,3658.1127337
2021-10-01,3792.43385144
2021-10-02,3797.38993332
2021-10-03,3868.70862128
2021-10-04,3892.66799289
2021-10-05,3904.46899289
2021-10-06,3949.67039289
2021-10-07,3847.95257881
2021-10-08,3884.71398621
2021-10-09,3963.80622657
2021-10-10,3965.87437905
2021-10-11,2994.37313829
2021-10-12,3005.13145505
2021-10-13,3085.90422155
2021-10-14,3100.56339312
2021-10-15,3202.63144362
2021-10-16,3209.05095856
2021-10-17,3268.36025856
2021-10-18,3274.2263466
2021-10-19,3279.6542466
2021-10-20,2567.27737696
2021-10-21,2572.37120039
2021-10-22,2580.5783922
2021-10-23,2583.37161273
2021-10-24,2654.72208163
2021-10-25,2655.91497071
2021-10-26,2656.69997071
2021-10-27,2664.56672536
2021-10-28,2665.75672536
2021-10-29,2667.0617596
2021-10-30,2719.26655538
2021-10-31,2839.27058536
2021-11-01,2934.13946432
2021-11-02,2935.84050902
2021-11-03,2946.74750902
2021-11-04,2949.28922136
2021-11-05,2949.05612134
2021-11-06,3004.22224581
2021-11-07,3030.0853816
2021-11-08,3060.1155733
2021-11-09,3081.3960733
2021-11-10,3103.1760733
2021-11-11,3133.22580357
2021-11-12,3143.88580357
2021-11-13,3150.22496174
2021-11-14,3158.91076285
2021-11-15,3194.09726984
2021-11-16,3214.71196514
2021-11-17,3274.24836079
2021-11-18,2419.63271973
2021-11-19,2430.67777336
2021-11-20,2477.83493873
2021-11-21,2567.37343431
2021-11-22,2713.73825604
2021-11-23,2823.42706091
2021-11-24,2868.83596091
2021-11-25,2922.56993026
2021-11-26,3078.68761791
2021-11-27,2214.30032717
2021-11-28,2242.08889417
2021-11-29,2261.73834238
2021-11-30,2307.79797751
2021-12-01,2436.09215751
2021-12-02,2543.02393848
2021-12-03,2713.99982121
2021-12-04,2698.44595871
2021-12-05,2897.43717712
2021-12-06,2967.17429798
2021-12-07,2250.27019978
2021-12-08,2298.21111452
2021-12-09,2300.62441354
2021-12-10,2316.40079735
2021-12-11,2320.97882525
2021-12-12,2351.00922157
2021-12-13,2326.10164599
2021-12-14,2326.07170834
2021-12-15,2348.62979913
2021-12-16,2380.6663625
2021-12-17,2395.05385039
2021-12-18,2455.7198139
2021-12-19,2477.92430952
2021-12-20,2477.46430952
2021-12-21,2481.03220945
2021-12-22,2498.63304432
2021-12-23,2499.52002923
2021-12-24,2527.52492923
2021-12-25,2536.77492923
2021-12-26,2638.07192923
2021-12-27,2077.90921299
2021-12-28,2081.84942072
2021-12-29,2099.12710204
2021-12-30,2107.96395241
2021-12-31,2116.27058042
2022-01-01,2167.4837297
2022-01-02,2179.03972969
2022-01-03,2372.29704987
2022-01-04,2221.64138809
2022-01-05,2335.45627522
2022-01-06,2397.62147014
2022-01-07,2598.21347014
2022-01-08,2646.61216792
2022-01-09,2649.27634048
2022-01-10,2666.27337895
2022-01-11,2667.07337895
2022-01-12,2716.03139102
2022-01-13,2722.41991502
2022-01-14,2726.79421502
2022-01-15,2705.37381717
2022-01-16,2709.77381717
2022-01-17,2713.11311717
2022-01-18,2700.81042871
2022-01-19,2747.92438078
2022-01-20,2749.13205212
2022-01-21,2762.04355212
2022-01-22,2764.72377886
2022-01-23,1849.00048033
2022-01-24,1855.00048033
2022-01-25,1955.46048033
2022-01-26,1975.22155926
2022-01-27,1987.52532522
2022-01-28,2005.52532522
2022-01-29,2006.3450089
2022-01-30,2007.0600089
2022-01-31,2018.5970089
2022-02-01,2050.5947089
2022-02-02,2058.52406995
2022-02-03,2060.23506995
2022-02-04,2061.11506995
2022-02-05,2213.52485957
2022-02-06,2213.73485957
2022-02-07,2452.5545457
2022-02-08,2474.17839276
2022-02-09,2696.45419758
2022-02-10,1983.15106446
2022-02-11,1987.25106446
2022-02-12,1987.70079253
2022-02-13,1987.70079253
2022-02-14,2000.58124903
2022-02-15,2001.30456236
2022-02-16,2002.66495685
2022-02-17,2005.2753177
2022-02-18,2006.60939769
2022-02-19,2007.26939769
2022-02-20,2014.87209598
2022-02-21,2015.41692013
2022-02-22,2016.00732239
2022-02-23,2027.00732239
2022-02-24,2432.50206376
2022-02-25,2462.12706376
2022-02-26,2470.17293027
2022-02-27,2493.16588663
2022-02-28,2561.62722175
2022-03-01,2069.34769048
2022-03-02,2082.13560392
2022-03-03,2123.38560392
2022-03-04,2155.18560392
2022-03-05,1886.51645151
2022-03-06,1894.67365151
2022-03-07,1927.97980029
2022-03-08,1945.97980029
2022-03-09,2224.10643477
2022-03-10,1904.57116798
2022-03-11,2254.99093013
2022-03-12,1933.82219823
2022-03-13,1999.21719823
2022-03-14,2021.19799419
2022-03-15,2026.4921679
2022-03-16,2098.9826379
2022-03-17,2137.7526379
2022-03-18,1826.46294693
2022-03-19,1851.46294693
2022-03-20,2729.17950193
2022-03-21,3318.10734322
2022-03-22,2620.43188003
2022-03-23,1602.05462039
2022-03-24,1602.15462039
2022-03-25,1631.25658765
2022-03-26,1655.76608605
2022-03-27,1656.32858745
2022-03-28,1676.68858745
2022-03-29,1694.00548888
2022-03-30,1737.82963691
2022-03-31,1751.09859091
2022-04-01,1763.71359429
2022-04-02,1811.37938096
2022-04-03,1836.73438096
2022-04-04,1839.13679892
2022-04-05,2139.20691434
2022-04-06,2149.21790587
2022-04-07,2175.77390587
2022-04-08,2628.32887424
2022-04-09,2255.74518276
2022-04-10,2381.58004181
2022-04-11,2381.58004181
2022-04-12,2229.76717433
2022-04-13,2263.5174506
2022-04-14,2268.52341918
2022-04-15,2273.94305271
2022-04-16,2337.82544213
2022-04-17,2036.89789614
2022-04-18,2037.82287429
2022-04-19,2040.98118682
2022-04-20,1807.4963282
2022-04-21,1839.37761758
2022-04-22,1844.46303447
2022-04-23,1848.01158479
2022-04-24,1855.08158479
2022-04-25,1881.21903904
2022-04-26,1881.33903904
2022-04-27,1881.43903904
2022-04-28,1888.75358181
2022-04-29,1890.52496078
2022-04-30,1890.54496078
2022-05-01,1892.81696078
2022-05-02,1912.67268556
2022-05-03,1912.80568556
2022-05-04,1915.39763692
2022-05-05,1916.53851299
2022-05-06,1916.64851299
2022-05-07,1921.99451299
2022-05-08,2121.07001725
2022-05-09,2303.26642874
2022-05-10,2548.61387231
2022-05-11,2168.28669776
2022-05-12,2190.91669776
2022-05-13,2302.26669776
2022-05-14,2354.31669776
2022-05-15,2359.04970518
2022-05-16,2363.1103361
2022-05-17,2363.41421032
2022-05-18,2366.87096112
2022-05-19,2465.10689954
2022-05-20,2471.47842683
2022-05-21,3113.62842683
2022-05-22,2743.4575767
2022-05-23,2740.67016425
2022-05-24,2441.30886625
2022-05-25,2974.71125946
2022-05-26,3012.86600795
2022-05-27,3011.11261941
2022-05-28,2658.20332487
2022-05-29,2341.77193294
2022-05-30,2341.8777286
2022-05-31,2049.29808018
2022-06-01,2487.42274682
2022-06-02,2131.3725987
2022-06-03,2132.8293887
2022-06-04,2133.40172231
2022-06-05,2134.45172231
2022-06-06,2136.15872231
2022-06-07,2146.14425026
2022-06-08,2147.14968971
2022-06-09,2147.97618971
2022-06-10,2180.31063591
2022-06-11,2180.31063591
2022-06-12,1613.89018615
2022-06-13,1616.52102063
2022-06-14,1635.92102063
2022-06-15,1726.68414582
2022-06-16,1729.11414582
2022-06-17,2292.49672944
2022-06-18,2082.01158838
2022-06-19,1563.76169453
2022-06-20,1595.85782315
2022-06-21,1859.54667267
2022-06-22,1860.05071447
2022-06-23,1598.75129755
2022-06-24,1598.7771075
2022-06-25,1598.7771075
2022-06-26,1603.5271075
2022-06-27,1603.4400075
2022-06-28,1752.94417649
2022-06-29,1753.77817649
2022-06-30,1771.81817649
2022-07-01,2173.30522233
2022-07-02,2193.56477343
2022-07-03,1410.02919999
2022-07-04,1410.20571548
2022-07-05,1418.43580734
2022-07-06,1435.63580734
2022-07-07,1438.27825088
2022-07-08,1502.21225088
2022-07-09,1501.21466387
2022-07-10,1501.21466387
2022-07-11,1502.21466387
2022-07-12,1502.31466387
2022-07-13,1553.99041837
2022-07-14,1562.61778106
2022-07-15,1593.32714192
2022-07-16,1596.54949005
2022-07-17,1599.74379662
2022-07-18,1599.867093
2022-07-19,1859.8274548
2022-07-20,1859.87464212
2022-07-21,1862.12095213
2022-07-22,1862.15110533
2022-07-23,1863.48578516
2022-07-24,1863.56078516
2022-07-25,1863.67977439
2022-07-26,1867.70866246
2022-07-27,1871.12318399
2022-07-28,1871.27416033
2022-07-29,2025.2854487
2022-07-30,1763.50217754
2022-07-31,1767.55717754
2022-08-01,1767.60717754
2022-08-02,1771.48083004
2022-08-03,1900.79083004
2022-08-04,1900.84368722
2022-08-05,1901.05368722
2022-08-06,1619.40931435
2022-08-07,1632.62931435
2022-08-08,1637.51723364
2022-08-09,1692.14980013
2022-08-10,1966.09412199
2022-08-11,1711.87654118
2022-08-12,1715.19462707
2022-08-13,1715.2509548
2022-08-14,1731.28623628
2022-08-15,1731.59257156
2022-08-16,1790.29944855
2022-08-17,2309.11008962
2022-08-18,1936.80847439
2022-08-19,1496.31130178
2022-08-20,1496.30551959
2022-08-21,1497.96551959
2022-08-22,1495.26679307
2022-08-23,1495.26679307
2022-08-24,1495.36679308
2022-08-25,1496.51223476
2022-08-26,1858.24589627
2022-08-27,2153.54506683
2022-08-28,2435.71714709
2022-08-29,2578.66716163
2022-08-30,2861.75288197
2022-08-31,2932.64173892
2022-09-01,1954.45153892
2022-09-02,1954.13153892
2022-09-03,2022.08153892
2022-09-04,1757.36750172
2022-09-05,1756.3662779
2022-09-06,1766.8645069
2022-09-07,1911.8745069
2022-09-08,1921.54517627
2022-09-09,1932.18953717
2022-09-10,1933.29348682
2022-09-11,1933.29348682
2022-09-12,1934.41566061
2022-09-13,1965.29253161
2022-09-14,1967.73469404
2022-09-15,1547.55801775
2022-09-16,1597.76524239
2022-09-17,1654.61922735
2022-09-18,1866.40922735
2022-09-19,1920.75520285
2022-09-20,1928.56341225
2022-09-21,1984.09855547
2022-09-22,1990.23614201
2022-09-23,1997.88777203
2022-09-24,1997.90566203
2022-09-25,1997.90566203
2022-09-26,2003.05016802
2022-09-27,2006.77450409
2022-09-28,2008.09550409
2022-09-29,1879.28418617
2022-09-30,1879.50317056
2022-10-01,1879.50417056
2022-10-02,1744.87018594
2022-10-03,1745.87483806
2022-10-04,1745.87483806
2022-10-05,1747.87483806
2022-10-06,1747.87483806
2022-10-07,1745.88677463
2022-10-08,1745.89677463
2022-10-09,1745.89677463
2022-10-10,1746.14177463
2022-10-11,1746.25744065
2022-10-12,1746.25744065
2022-10-13,1749.37874642
2022-10-14,1865.39493576
2022-10-15,1909.90532526
2022-10-16,1917.49633528
2022-10-17,1923.44517548
2022-10-18,1940.3946869
2022-10-19,1943.95806185
2022-10-20,2089.94616378
2022-10-21,1977.97941868
2022-10-22,1948.33248218
2022-10-23,1839.98276539
2022-10-24,1840.42364154
2022-10-25,1845.2568016
2022-10-26,1845.28429306
2022-10-27,1851.36117377
2022-10-28,1898.65874463
2022-10-29,1902.57995036
2022-10-30,1902.57995036
2022-10-31,1902.73995036
2022-11-01,1905.24382498
2022-11-02,1910.52877589
2022-11-03,1922.4135135
2022-11-04,1922.40715038
2022-11-05,1923.45638085
2022-11-06,1922.88973254
2022-11-07,1923.13959804
2022-11-08,1923.24153284
2022-11-09,1948.61220202
2022-11-10,1910.13913636
2022-11-11,2057.53913636
2022-11-12,2057.299976
2022-11-13,2062.03826273
2022-11-14,1882.69644439
2022-11-15,1722.03691015
2022-11-16,1722.54179702
2022-11-17,1729.61053773
2022-11-18,1731.23721949
2022-11-19,1731.42221949
2022-11-20,1731.41821949
2022-11-21,1731.4322906
2022-11-22,1731.45800409
2022-11-23,1792.02343022
2022-11-24,1792.24352563
2022-11-25,1792.24352563
2022-11-26,2462.1955109
2022-11-27,2275.27518845
2022-11-28,2095.60350845
2022-11-29,2128.66360496
2022-11-30,1829.88268548
2022-12-01,2332.67353375
2022-12-02,2333.81505099
2022-12-03,2334.20890439
2022-12-04,2335.27890439
2022-12-05,2335.29890439
2022-12-06,2336.96506807
2022-12-07,2337.23039759
2022-12-08,2372.01380355
2022-12-09,2427.8946376
2022-12-10,2427.65032055
2022-12-11,2428.00232055
2022-12-12,2196.85723148
2022-12-13,2197.03481625
2022-12-14,2385.09428178
2022-12-15,2411.96766431
2022-12-16,2411.98766431
2022-12-17,2267.31781236
2022-12-18,2266.86808838
2022-12-19,2266.86908838
2022-12-20,2266.87908838
2022-12-21,2268.29908838
2022-12-22,2268.32508838
2022-12-23,2268.32508838
2022-12-24,2268.51832386
2022-12-25,2269.81832386
2022-12-26,2269.66111135
2022-12-27,2269.04232685
2022-12-28,2271.80571331
2022-12-29,2272.31816982
2022-12-30,2272.33816982
2022-12-31,2270.06612948
2023-01-01,2270.13967199
2023-01-02,2270.11353613
2023-01-03,2279.09800599
2023-01-04,2279.13500599
2023-01-05,1638.73875945
2023-01-06,1652.46875945
2023-01-07,1656.42179142
2023-01-08,1656.42179142
2023-01-09,1665.42179142
2023-01-10,1666.92179142
2023-01-11,1667.12179142
2023-01-12,1662.13829142
2023-01-13,1662.34829142
2023-01-14,1662.49434445
2023-01-15,1666.71266652
2023-01-16,1668.37757514
2023-01-17,1668.77757514
2023-01-18,1668.77757514
2023-01-19,1668.77757514
2023-01-20,1708.95014355
2023-01-21,1429.16258826
2023-01-22,1432.42358826
2023-01-23,1442.41558826
2023-01-24,1476.0546611
2023-01-25,1476.0586611
2023-01-26,1476.0586611
2023-01-27,1476.9616611
2023-01-28,1477.0137611
2023-01-29,1477.0147611
2023-01-30,1477.0297611
2023-01-31,1477.0297611
2023-02-01,1477.00279063
2023-02-02,1477.00279063
2023-02-03,1477.00279063
2023-02-04,1481.16421941
2023-02-05,1481.16421941
2023-02-06,1482.23686941
2023-02-07,1482.30086941
2023-02-08,1481.41576941
2023-02-09,1481.42576941
2023-02-10,1481.49524601
2023-02-11,1482.78524601
2023-02-12,1483.74188945
2023-02-13,1483.98188945
2023-02-14,1485.45308727
2023-02-15,1486.57308727
2023-02-16,1487.57308727
2023-02-17,1487.90808727
2023-02-18,1490.29418492
2023-02-19,1490.55448098
2023-02-20,1497.08448098
2023-02-21,1496.83930673
2023-02-22,1496.85382926
2023-02-23,1496.85382926
2023-02-24,1497.10382926
2023-02-25,1500.66571223
2023-02-26,1371.98740533
2023-02-27,1371.98840533
2023-02-28,1410.38252533
2023-03-01,1410.38252533
2023-03-02,1412.56718837
2023-03-03,1412.69218837
2023-03-04,1413.15218837
2023-03-05,1423.25218837
2023-03-06,1423.74218837
2023-03-07,1423.84218837
2023-03-08,1424.35718837
2023-03-09,1424.35718837
2023-03-10,1424.68718837
2023-03-11,1425.58488837
2023-03-12,1425.59488837
2023-03-13,1427.48129301
2023-03-14,1428.42129301
2023-03-15,1428.32659301
2023-03-16,1434.13222525
2023-03-17,1455.56065678
2023-03-18,1457.76275315
2023-03-19,1460.24223105
2023-03-20,1462.62702047
2023-03-21,1463.10486127
2023-03-22,1471.68077566
2023-03-23,1472.93378214
2023-03-24,1549.96427098
2023-03-25,1585.14221263
2023-03-26,1708.62084966
2023-03-27,1813.03327626
2023-03-28,1682.47970201
2023-03-29,1727.5149845
2023-03-30,1655.10023843
2023-03-31,1534.98453186
2023-04-01,1554.54037133
2023-04-02,1638.72924132
2023-04-03,1663.95437188
2023-04-04,1592.3868978
2023-04-05,1498.8255015
2023-04-06,1836.22649023
2023-04-07,1568.42121968
2023-04-08,1588.80097764
2023-04-09,1614.12754803
2023-04-10,1559.60280267
2023-04-11,1608.70654855
2023-04-12,1626.86884154
2023-04-13,1656.14841653
2023-04-14,1683.46830541
2023-04-15,1749.31054406
2023-04-16,1756.20007986
2023-04-17,1766.50568257
2023-04-18,1622.98875685
2023-04-19,1634.99076802
2023-04-20,1576.49110628
2023-04-21,1581.61085573
2023-04-22,1584.7988736
2023-04-23,1600.41580335
2023-04-24,1678.82059481
2023-04-25,1682.87833819
2023-04-26,1608.01588512
2023-04-27,1478.06462581
2023-04-28,1481.8761631
2023-04-29,1500.51736136
2023-04-30,1512.014106
2023-05-01,1513.51792884
2023-05-02,1524.37060891
2023-05-03,1425.45913419
2023-05-04,11427.0136947
2023-05-05,11448.75094604
2023-05-06,1443.0798958
2023-05-07,1472.19408686
2023-05-08,1472.47508686
2023-05-09,1475.39827165
2023-05-10,1477.87304482
2023-05-11,1478.9030635
2023-05-12,1476.2173743
2023-05-13,1477.75910087
2023-05-14,1487.03663442
2023-05-15,1497.66430708
2023-05-16,1405.65547558
2023-05-17,1335.02745565
2023-05-18,1350.6887102
2023-05-19,1294.35236883
2023-05-20,1299.48847241
2023-05-21,1308.89677459
2023-05-22,1311.67846758
2023-05-23,1317.94456598
2023-05-24,1334.61111679
2023-05-25,1330.00744351
2023-05-26,1334.40278056
2023-05-27,1339.49800179
2023-05-28,1294.12977421
2023-05-29,1526.97617356
2023-05-30,1649.04558322
2023-05-31,1557.82139327
2023-06-01,21756.84027962
2023-06-02,21606.8230225
2023-06-03,21494.72183072
2023-06-04,21455.92640364
2023-06-05,21451.4333984
2023-06-06,21312.89477604
2023-06-07,21316.66808893
2023-06-08,21226.32975578
2023-06-09,21230.15409081
2023-06-10,21244.40609639
2023-06-11,21271.84199998
2023-06-12,21281.02786621
2023-06-13,21284.83408073
2023-06-14,21285.99762936
2023-06-15,21290.32155536
2023-06-16,21290.44355741
2023-06-17,21293.67184911
2023-06-18,21307.59680718
2023-06-19,1310.48848278
2023-06-20,2316.23374409
2023-06-21,1337.91847175
2023-06-22,1269.01265288
2023-06-23,1182.53747558
2023-06-24,1182.37875068
2023-06-25,1147.50358315
2023-06-26,1158.82394979
2023-06-27,1167.48817405
2023-06-28,1171.98638701
2023-06-29,1173.04878363
2023-06-30,1183.5676075
2023-07-01,1200.71448238
2023-07-02,1216.12538207
2023-07-03,1232.5440281
2023-07-04,1235.75666605
2023-07-05,1252.53860126
2023-07-06,1256.63478432
2023-07-07,1259.04848809
2023-07-08,1260.09324849
2023-07-09,1277.43016065
2023-07-10,1279.11673045
2023-07-11,1284.64735185
2023-07-12,1295.94025375
2023-07-13,1298.39659699
2023-07-14,1299.79889699
2023-07-15,1304.28956374
2023-07-16,1310.57855971
2023-07-17,1316.22934942
2023-07-18,1323.46435474
2023-07-19,1380.48086139
2023-07-20,1823.16618016
2023-07-21,1307.44724994
2023-07-22,1445.44182652
2023-07-23,1522.19463043
2023-07-24,1401.73002863
2023-07-25,1372.84221633
2023-07-26,1328.91429418
2023-07-27,2395.80714373
2023-07-28,1579.69195917
2023-07-29,1616.22038748
2023-07-30,1433.91651469
2023-07-31,1414.09035864
2023-08-01,1471.8433498
2023-08-02,1417.72174462
2023-08-03,1406.96655104
2023-08-04,1390.98658661
2023-08-05,1392.03740272
2023-08-06,1450.47361248
2023-08-07,1437.77739087
2023-08-08,1472.6025464
2023-08-09,1336.26303407
2023-08-10,1292.59766115
2023-08-11,1284.63117247
2023-08-12,1292.68717852
2023-08-13,1288.84201049
2023-08-14,1314.95720593
2023-08-15,1333.46245863
2023-08-16,1351.94858511
2023-08-17,1329.23331249
2023-08-18,1178.82699501
2023-08-19,1226.56602968
2023-08-20,1236.49629242
2023-08-21,1216.19282966
2023-08-22,1181.51872096
2023-08-23,1283.64473738
2023-08-24,1335.65114413
2023-08-25,1288.73331257
2023-08-26,1296.07770079
2023-08-27,1249.01649485
2023-08-28,1229.49844402
2023-08-29,1352.46988182
2023-08-30,1332.66796724
2023-08-31,1290.27397924
2023-09-01,1307.69092837
2023-09-02,1296.4238706
2023-09-03,1223.97571945
2023-09-04,1372.36895609
2023-09-05,1342.4861869
2023-09-06,1296.35289234
2023-09-07,1294.15444941
2023-09-08,1327.99407948
2023-09-09,1313.79533468
2023-09-10,1436.3136271
2023-09-11,6375.94199347
2023-09-12,1328.93514279
2023-09-13,1246.83862399
2023-09-14,1264.92181177
2023-09-15,1321.85271639
2023-09-16,1232.12912272
2023-09-17,1342.02508142
2023-09-18,1290.54240167
2023-09-19,1274.24650296
2023-09-20,1337.69697672
2023-09-21,1275.401924
2023-09-22,1262.33357975
2023-09-23,1305.44686969
2023-09-24,1262.36693589
2023-09-25,1283.68890128
2023-09-26,1217.31633809
2023-09-27,1350.46492508
2023-09-28,1323.61135389
2023-09-29,1277.76643
2023-09-30,1361.40958416
2023-10-01,1332.05117332
2023-10-02,1592.37597204
2023-10-03,1452.09785224
2023-10-04,1331.74719737
2023-10-05,1314.43639376
2023-10-06,1286.29963468
2023-10-07,1308.0750705
2023-10-08,1392.24407823
2023-10-09,1342.56917579
2023-10-10,1285.70079523
2023-10-11,1228.64474534
2023-10-12,1210.20906594
2023-10-13,1174.30969415
2023-10-14,1259.25149701
2023-10-15,1229.01929277
2023-10-16,1237.97369787
2023-10-17,1317.51754964
2023-10-18,1294.27123667
2023-10-19,1333.68686625
2023-10-20,1375.81376701
2023-10-21,1296.47195495
2023-10-22,1184.39248321
2023-10-23,1368.97300649
2023-10-24,1290.37809611
2023-10-25,1385.76612354
2023-10-26,1347.60353162
2023-10-27,1354.24508466
2023-10-28,1366.37632001
2023-10-29,1427.8856856
2023-10-30,1431.80166355
2023-10-31,1476.87276302
2023-11-01,1416.9983429
2023-11-02,1360.99831522
2023-11-03,1394.17137763
2023-11-04,1289.28835201
2023-11-05,1320.84648089
2023-11-06,1277.32345712
2023-11-07,1312.79531902
2023-11-08,1316.45531232
2023-11-09,1354.5972882
2023-11-10,1456.83777591
2023-11-11,1467.42069474
2023-11-12,1483.62820079
2023-11-13,1418.18889726
2023-11-14,1433.68359138
2023-11-15,1296.66715303
2023-11-16,1348.53304479
2023-11-17,1503.33767367
2023-11-18,1325.14721739
2023-11-19,1362.99252345
2023-11-20,1314.73334031
2023-11-21,1361.00649242
2023-11-22,1348.03098498
2023-11-23,1326.29702323
2023-11-24,1356.8946279
2023-11-25,1345.68998159
2023-11-26,1499.11094868
2023-11-27,1431.25913351
2023-11-28,1495.23896787
2023-11-29,1437.16997749
2023-11-30,2053.86782504
2023-12-01,8131.07113019
2023-12-02,8635.15952674
2023-12-03,8650.31260845
2023-12-04,8607.02675047
2023-12-05,8619.12926164
2023-12-06,8505.63707072
2023-12-07,8616.07711812
2023-12-08,8562.45534028
2023-12-09,8615.93452741
2023-12-10,8628.84138979
2023-12-11,8684.7176311
2023-12-12,8661.411745
2023-12-13,8662.22696215
2023-12-14,8628.94179332
2023-12-15,8606.87579909
2023-12-16,8684.91955194
2023-12-17,8750.6436089
2023-12-18,8587.79087807
2023-12-19,8630.50815319
2023-12-20,8659.85709701
2023-12-21,8563.94849495
2023-12-22,8551.43213484
2023-12-23,8638.70810713
2023-12-24,8654.82281441
2023-12-25,8655.85406665
2023-12-26,8678.92961074
2023-12-27,8602.45198383
2023-12-28,8674.71695236
2023-12-29,8800.83746163
2023-12-30,8634.92119266
2023-12-31,8690.04575478
2024-01-01,8678.33517321
2024-01-02,8604.13352907
2024-01-03,8656.79533299
2024-01-04,8661.63343015
2024-01-05,8539.42174741
2024-01-06,8512.8108191
2024-01-07,8681.90891932
2024-01-08,8553.68969972
2024-01-09,8625.51980754
2024-01-10,8589.23758357
2024-01-11,8541.02675592
2024-01-12,8665.05691966
2024-01-13,8782.80811894
2024-01-14,8687.08985574
2024-01-15,8707.44691368
2024-01-16,8786.05006076
2024-01-17,8680.59348184
2024-01-18,8597.08317774
2024-01-19,8635.36731741
2024-01-20,8500.949151
2024-01-21,8683.00458778
2024-01-22,8594.59296881
2024-01-23,8631.51735488
2024-01-24,8708.74355823
2024-01-25,8690.32901227
2024-01-26,8615.87606704
2024-01-27,8561.17316793
2024-01-28,8642.31363349
2024-01-29,8860.75733086
2024-01-30,8605.02215722
2024-01-31,8676.89076056
2024-02-01,8669.22145957
2024-02-02,8823.19219137
2024-02-03,8677.21668653
2024-02-04,8564.86106065
2024-02-05,8542.06852391
2024-02-06,8618.56758163
2024-02-07,8513.17788464
2024-02-08,8606.68106965
2024-02-09,8578.17003218
2024-02-10,8694.37664202
2024-02-11,8689.85382045
2024-02-12,9080.71482295
2024-02-13,8699.07788695
2024-02-14,8873.20412995
2024-02-15,8977.24886958
2024-02-16,8884.38907116
2024-02-17,8861.64870755
2024-02-18,8656.84873928
2024-02-19,8655.97492454
2024-02-20,8717.53630006
2024-02-21,8877.97195521
2024-02-22,8828.71377106
2024-02-23,8807.32427469
2024-02-24,8828.42435861
2024-02-25,8735.05800143
2024-02-26,8747.48120315
2024-02-27,8769.25752113
2024-02-28,8829.80740723
2024-02-29,8818.5608243
2024-03-01,8820.7955542
2024-03-02,8978.38696513
2024-03-03,8826.68060638
2024-03-04,8950.23247158
2024-03-05,9089.19115376
2024-03-06,9032.39393756
2024-03-07,8689.156194
2024-03-08,8701.30625262
2024-03-09,8778.07324087
2024-03-10,8749.37725371
2024-03-11,8732.0836028
2024-03-12,8727.22090356
2024-03-13,8823.51313956
2024-03-14,8752.05938334
2024-03-15,8815.62564169
2024-03-16,8846.20199882
2024-03-17,8882.42455939
2024-03-18,8742.15260103
2024-03-19,8740.27413112
2024-03-20,8835.80937524
2024-03-21,8891.28872816
2024-03-22,8804.1693934
2024-03-23,8906.98146686
2024-03-24,8838.80855224
2024-03-25,8893.22853164
2024-03-26,8860.76076263
2024-03-27,9053.48047628
2024-03-28,9125.51704626
2024-03-29,8894.09966113
2024-03-30,8905.11432411
2024-03-31,8771.74988053
2024-04-01,8841.33168092
2024-04-02,8942.19651874
2024-04-03,9034.83698474
2024-04-04,8887.29006887
2024-04-05,8837.79498594
2024-04-06,8990.17307068
2024-04-07,8844.65505771
2024-04-08,8974.62340346
2024-04-09,8868.26519006
2024-04-10,8934.64125161
2024-04-11,8983.55676737
2024-04-12,8879.37914564
2024-04-13,8951.28039668
2024-04-14,8949.8733771
2024-04-15,8946.81905245
2024-04-16,8839.75643562
2024-04-17,8778.40719328
2024-04-18,8713.86845462
2024-04-19,8804.70154272
2024-04-20,8961.68240142
2024-04-21,8894.69712905
2024-04-22,8778.9110313
2024-04-23,8761.38233388
2024-04-24,8905.32948444
2024-04-25,9154.46351162
2024-04-26,9021.25206547
2024-04-27,8885.19807924
2024-04-28,8799.80698669
2024-04-29,8915.09655983
2024-04-30,8853.27051852
2024-05-01,8813.72511808
2024-05-02,8887.72753293
2024-05-03,8946.35521305
2024-05-04,9054.93966713
2024-05-05,8850.22909149
2024-05-06,8899.2555608
2024-05-07,8929.71783005
2024-05-08,9024.81982703
2024-05-09,9280.34794528
2024-05-10,9287.9225009
2024-05-11,9096.79805413
2024-05-12,9121.66239751
2024-05-13,8900.07532371
2024-05-14,9061.41887793
2024-05-15,8948.75169347
2024-05-16,9054.06461572
2024-05-17,9165.20524354
2024-05-18,9102.96026225
2024-05-19,9117.83436015
2024-05-20,9073.15324114
2024-05-21,9067.32528062
2024-05-22,8990.37220852
2024-05-23,9021.39107332
2024-05-24,8990.46037902
2024-05-25,9192.19849941
2024-05-26,9178.04269306
2024-05-27,8981.9520889
2024-05-28,8917.47793474
2024-05-29,9213.148067
2024-05-30,9457.9106639
2024-05-31,9596.23629325
2024-06-01,8876.28849198
2024-06-02,8998.06429603
2024-06-03,9091.58511929
2024-06-04,9088.41901507
2024-06-05,8952.20109221
2024-06-06,9189.88299746
2024-06-07,9035.15517686
2024-06-08,9005.48364994
2024-06-09,8772.74162586
2024-06-10,8985.35695929
2024-06-11,9048.71281521
2024-06-12,8966.55233128
2024-06-13,8780.97677603
2024-06-14,8933.04457737
2024-06-15,8983.28115946
2024-06-16,8852.64758332
2024-06-17,8945.68186238
2024-06-18,9001.97242836
2024-06-19,8977.53373411
2024-06-20,8933.06762433
2024-06-21,9099.24089804
2024-06-22,8899.35954436
2024-06-23,8903.45819664
2024-06-24,8938.1978136
2024-06-25,8743.94266838
2024-06-26,8972.44079683
2024-06-27,9141.99298537
2024-06-28,8918.90673317
2024-06-29,8922.82173505
2024-06-30,9002.07024073
2024-07-01,9215.63739127
2024-07-02,9020.99585637
2024-07-03,8976.13081454
2024-07-04,9017.76294512
2024-07-05,9027.96891487
2024-07-06,9059.07299386
2024-07-07,8814.43866493
2024-07-08,8936.02728184
2024-07-09,9016.03743308
2024-07-10,8885.71861036
2024-07-11,8998.79547395
2024-07-12,8968.89050297
2024-07-13,9060.79811588
2024-07-14,9068.89535582
2024-07-15,9096.2633778
2024-07-16,8865.79871693
2024-07-17,8938.15430992
2024-07-18,9015.49368451
2024-07-19,8983.88363415
2024-07-20,9003.31086353
2024-07-21,8866.16210991
2024-07-22,8879.88588939
2024-07-23,8845.83681745
2024-07-24,8820.37679913
2024-07-25,9082.12512205
2024-07-26,8774.02301971
2024-07-27,8849.68188853
2024-07-28,8800.70417454
2024-07-29,8845.98710026
2024-07-30,8794.85993251
2024-07-31,8857.24006271
2024-08-01,9116.88591556
2024-08-02,9027.71651102
2024-08-03,8910.26647624
2024-08-04,9020.21525715
2024-08-05,9034.15776449
2024-08-06,8827.72701346
2024-08-07,8825.21190613
2024-08-08,8943.84855926
2024-08-09,8942.10914401
2024-08-10,8846.91740947
2024-08-11,8936.39726456
2024-08-12,8750.72462075
2024-08-13,8897.51823316
2024-08-14,9038.49723818
2024-08-15,8939.49075967
2024-08-16,8846.51073545
2024-08-17,9068.79247745
2024-08-18,8928.06679136
2024-08-19,8929.66430724
2024-08-20,8894.23579964
2024-08-21,8795.73590509
2024-08-22,9039.13196307
2024-08-23,9043.62351773
2024-08-24,9040.19844532
2024-08-25,9100.86474584
2024-08-26,8986.57724637
2024-08-27,7865.04189317
2024-08-28,1731.61977896
2024-08-29,2098.33654417
2024-08-30,1662.76057641
2024-08-31,1628.88725349
2024-09-01,1566.60289446
2024-09-02,1518.52027107
2024-09-03,1635.27053827
2024-09-04,1623.18249255
2024-09-05,1612.75690354
2024-09-06,1656.20993072
2024-09-07,1560.06962491
2024-09-08,1744.53467056
2024-09-09,1736.65132388
2024-09-10,1723.077014
2024-09-11,1750.7034507
2024-09-12,1653.14378842
2024-09-13,1636.20527243
2024-09-14,2067.8890709
2024-09-15,2031.60473867
2024-09-16,1952.80564374
2024-09-17,1690.85382923
2024-09-18,1925.19897217
2024-09-19,1921.1168795
2024-09-20,1814.17891807
2024-09-21,1761.10214778
2024-09-22,1617.44880592
2024-09-23,1610.02009144
2024-09-24,1631.21554772
2024-09-25,1671.79302569
2024-09-26,1685.62860767
2024-09-27,1782.60507348
2024-09-28,1646.3460093
2024-09-29,1760.7701142
2024-09-30,1536.69225182
2024-10-01,1538.54848249
2024-10-02,1692.55062279
2024-10-03,1788.29137069
2024-10-04,1923.13898636
2024-10-05,1756.43750615
2024-10-06,1688.28101993
2024-10-07,1604.96210319
2024-10-08,1606.73423156
2024-10-09,1583.10323601
2024-10-10,1746.86013281
2024-10-11,2403.96842385
2024-10-12,1520.63454907
2024-10-13,1625.86509526
2024-10-14,1719.83353463
2024-10-15,1775.93126724
2024-10-16,1617.70969876
2024-10-17,1692.62468823
2024-10-18,1734.27402328
2024-10-19,1610.00179306
2024-10-20,1712.10261908
2024-10-21,1676.85275707
2024-10-22,1789.9145419
2024-10-23,1594.87856955
2024-10-24,1869.61992726
2024-10-25,1971.37525451
