date,0x3ee18B2214AFF97000D974cf647E7C347E8fa585,0xf92cD566Ea4864356C5491c177A430C222d7e678
2020-01-01,,
2020-01-02,,
2020-01-03,,
2020-01-04,,
2020-01-05,,
2020-01-06,,
2020-01-07,,
2020-01-08,,
2020-01-09,,
2020-01-10,,
2020-01-11,,
2020-01-12,,
2020-01-13,,
2020-01-14,,
2020-01-15,,
2020-01-16,,
2020-01-17,,
2020-01-18,,
2020-01-19,,
2020-01-20,,
2020-01-21,,
2020-01-22,,
2020-01-23,,
2020-01-24,,
2020-01-25,,
2020-01-26,,
2020-01-27,,
2020-01-28,,
2020-01-29,,
2020-01-30,,
2020-01-31,,
2020-02-01,,
2020-02-02,,
2020-02-03,,
2020-02-04,,
2020-02-05,,
2020-02-06,,
2020-02-07,,
2020-02-08,,
2020-02-09,,
2020-02-10,,
2020-02-11,,
2020-02-12,,
2020-02-13,,
2020-02-14,,
2020-02-15,,
2020-02-16,,
2020-02-17,,
2020-02-18,,
2020-02-19,,
2020-02-20,,
2020-02-21,,
2020-02-22,,
2020-02-23,,
2020-02-24,,
2020-02-25,,
2020-02-26,,
2020-02-27,,
2020-02-28,,
2020-02-29,,
2020-03-01,,
2020-03-02,,
2020-03-03,,
2020-03-04,,
2020-03-05,,
2020-03-06,,
2020-03-07,,
2020-03-08,,
2020-03-09,,
2020-03-10,,
2020-03-11,,
2020-03-12,,
2020-03-13,,
2020-03-14,,
2020-03-15,,
2020-03-16,,
2020-03-17,,
2020-03-18,,
2020-03-19,,
2020-03-20,,
2020-03-21,,
2020-03-22,,
2020-03-23,,
2020-03-24,,
2020-03-25,,
2020-03-26,,
2020-03-27,,
2020-03-28,,
2020-03-29,,
2020-03-30,,
2020-03-31,,
2020-04-01,,
2020-04-02,,
2020-04-03,,
2020-04-04,,
2020-04-05,,
2020-04-06,,
2020-04-07,,
2020-04-08,,
2020-04-09,,
2020-04-10,,
2020-04-11,,
2020-04-12,,
2020-04-13,,
2020-04-14,,
2020-04-15,,
2020-04-16,,
2020-04-17,,
2020-04-18,,
2020-04-19,,
2020-04-20,,
2020-04-21,,
2020-04-22,,
2020-04-23,,
2020-04-24,,
2020-04-25,,
2020-04-26,,
2020-04-27,,
2020-04-28,,
2020-04-29,,
2020-04-30,,
2020-05-01,,
2020-05-02,,
2020-05-03,,
2020-05-04,,
2020-05-05,,
2020-05-06,,
2020-05-07,,
2020-05-08,,
2020-05-09,,
2020-05-10,,
2020-05-11,,
2020-05-12,,
2020-05-13,,
2020-05-14,,
2020-05-15,,
2020-05-16,,
2020-05-17,,
2020-05-18,,
2020-05-19,,
2020-05-20,,
2020-05-21,,
2020-05-22,,
2020-05-23,,
2020-05-24,,
2020-05-25,,
2020-05-26,,
2020-05-27,,
2020-05-28,,
2020-05-29,,
2020-05-30,,
2020-05-31,,
2020-06-01,,
2020-06-02,,
2020-06-03,,
2020-06-04,,
2020-06-05,,
2020-06-06,,
2020-06-07,,
2020-06-08,,
2020-06-09,,
2020-06-10,,
2020-06-11,,
2020-06-12,,
2020-06-13,,
2020-06-14,,
2020-06-15,,
2020-06-16,,
2020-06-17,,
2020-06-18,,
2020-06-19,,
2020-06-20,,
2020-06-21,,
2020-06-22,,
2020-06-23,,
2020-06-24,,
2020-06-25,,
2020-06-26,,
2020-06-27,,
2020-06-28,,
2020-06-29,,
2020-06-30,,
2020-07-01,,
2020-07-02,,
2020-07-03,,
2020-07-04,,
2020-07-05,,
2020-07-06,,
2020-07-07,,
2020-07-08,,
2020-07-09,,
2020-07-10,,
2020-07-11,,
2020-07-12,,
2020-07-13,,
2020-07-14,,
2020-07-15,,
2020-07-16,,
2020-07-17,,
2020-07-18,,
2020-07-19,,
2020-07-20,,
2020-07-21,,
2020-07-22,,
2020-07-23,,
2020-07-24,,
2020-07-25,,
2020-07-26,,
2020-07-27,,
2020-07-28,,
2020-07-29,,
2020-07-30,,
2020-07-31,,
2020-08-01,,
2020-08-02,,
2020-08-03,,
2020-08-04,,
2020-08-05,,
2020-08-06,,
2020-08-07,,
2020-08-08,,
2020-08-09,,
2020-08-10,,
2020-08-11,,
2020-08-12,,
2020-08-13,,
2020-08-14,,
2020-08-15,,
2020-08-16,,
2020-08-17,,
2020-08-18,,
2020-08-19,,
2020-08-20,,
2020-08-21,,
2020-08-22,,
2020-08-23,,
2020-08-24,,
2020-08-25,,
2020-08-26,,
2020-08-27,,
2020-08-28,,
2020-08-29,,
2020-08-30,,
2020-08-31,,
2020-09-01,,
2020-09-02,,
2020-09-03,,
2020-09-04,,
2020-09-05,,
2020-09-06,,
2020-09-07,,
2020-09-08,,
2020-09-09,,
2020-09-10,,
2020-09-11,,
2020-09-12,,
2020-09-13,,
2020-09-14,,
2020-09-15,,
2020-09-16,,
2020-09-17,,
2020-09-18,,
2020-09-19,,
2020-09-20,,
2020-09-21,,
2020-09-22,,
2020-09-23,,
2020-09-24,,
2020-09-25,,
2020-09-26,,
2020-09-27,,
2020-09-28,,
2020-09-29,,
2020-09-30,,
2020-10-01,,
2020-10-02,,
2020-10-03,,
2020-10-04,,
2020-10-05,,
2020-10-06,,
2020-10-07,,
2020-10-08,,
2020-10-09,,
2020-10-10,,
2020-10-11,,
2020-10-12,,
2020-10-13,,
2020-10-14,,
2020-10-15,,
2020-10-16,,
2020-10-17,,
2020-10-18,,
2020-10-19,,
2020-10-20,,
2020-10-21,,
2020-10-22,,
2020-10-23,,
2020-10-24,,
2020-10-25,,
2020-10-26,,
2020-10-27,,
2020-10-28,,
2020-10-29,,
2020-10-30,,
2020-10-31,,
2020-11-01,,
2020-11-02,,
2020-11-03,,
2020-11-04,,
2020-11-05,,
2020-11-06,,
2020-11-07,,
2020-11-08,,
2020-11-09,,
2020-11-10,,
2020-11-11,,
2020-11-12,,
2020-11-13,,
2020-11-14,,
2020-11-15,,
2020-11-16,,
2020-11-17,,
2020-11-18,,
2020-11-19,,
2020-11-20,,
2020-11-21,,
2020-11-22,,
2020-11-23,,
2020-11-24,,
2020-11-25,,
2020-11-26,,
2020-11-27,,
2020-11-28,,
2020-11-29,,
2020-11-30,,
2020-12-01,,
2020-12-02,,
2020-12-03,,
2020-12-04,,
2020-12-05,,
2020-12-06,,
2020-12-07,,
2020-12-08,,
2020-12-09,,
2020-12-10,,
2020-12-11,,
2020-12-12,,
2020-12-13,,
2020-12-14,,
2020-12-15,,
2020-12-16,,
2020-12-17,,
2020-12-18,,
2020-12-19,,
2020-12-20,,
2020-12-21,,
2020-12-22,,
2020-12-23,,
2020-12-24,,
2020-12-25,,
2020-12-26,,
2020-12-27,,
2020-12-28,,
2020-12-29,,
2020-12-30,,
2020-12-31,,
2021-01-01,,
2021-01-02,,
2021-01-03,,
2021-01-04,,
2021-01-05,,
2021-01-06,,
2021-01-07,,
2021-01-08,,
2021-01-09,,
2021-01-10,,
2021-01-11,,
2021-01-12,,
2021-01-13,,
2021-01-14,,
2021-01-15,,
2021-01-16,,
2021-01-17,,
2021-01-18,,
2021-01-19,,
2021-01-20,,
2021-01-21,,
2021-01-22,,
2021-01-23,,
2021-01-24,,
2021-01-25,,
2021-01-26,,
2021-01-27,,
2021-01-28,,
2021-01-29,,
2021-01-30,,
2021-01-31,,
2021-02-01,,
2021-02-02,,
2021-02-03,,
2021-02-04,,
2021-02-05,,
2021-02-06,,
2021-02-07,,
2021-02-08,,
2021-02-09,,
2021-02-10,,
2021-02-11,,
2021-02-12,,
2021-02-13,,
2021-02-14,,
2021-02-15,,
2021-02-16,,
2021-02-17,,
2021-02-18,,
2021-02-19,,
2021-02-20,,
2021-02-21,,
2021-02-22,,
2021-02-23,,
2021-02-24,,
2021-02-25,,
2021-02-26,,
2021-02-27,,
2021-02-28,,
2021-03-01,,
2021-03-02,,
2021-03-03,,
2021-03-04,,
2021-03-05,,
2021-03-06,,
2021-03-07,,
2021-03-08,,
2021-03-09,,
2021-03-10,,0.0
2021-03-11,,0.05
2021-03-12,,0.05
2021-03-13,,0.051
2021-03-14,,0.051
2021-03-15,,0.051
2021-03-16,,0.051
2021-03-17,,0.051
2021-03-18,,0.051
2021-03-19,,0.051
2021-03-20,,0.051
2021-03-21,,0.051
2021-03-22,,0.051
2021-03-23,,0.051
2021-03-24,,0.051
2021-03-25,,0.051
2021-03-26,,0.051
2021-03-27,,0.051
2021-03-28,,0.051
2021-03-29,,0.051
2021-03-30,,0.051
2021-03-31,,0.051
2021-04-01,,0.051
2021-04-02,,0.053
2021-04-03,,0.052
2021-04-04,,0.052
2021-04-05,,0.052
2021-04-06,,0.052
2021-04-07,,0.052
2021-04-08,,0.052
2021-04-09,,1.052
2021-04-10,,1.052
2021-04-11,,1.052
2021-04-12,,1.052
2021-04-13,,1.052
2021-04-14,,1.152
2021-04-15,,1.152
2021-04-16,,1.152
2021-04-17,,1.152
2021-04-18,,1.152
2021-04-19,,1.152
2021-04-20,,1.152
2021-04-21,,1.152
2021-04-22,,1.152
2021-04-23,,1.152
2021-04-24,,1.16
2021-04-25,,1.161
2021-04-26,,1.161
2021-04-27,,1.272
2021-04-28,,1.172
2021-04-29,,1.172
2021-04-30,,1.165
2021-05-01,,1.165
2021-05-02,,1.165
2021-05-03,,1.4638946529717545
2021-05-04,,1.4638946529717545
2021-05-05,,1.4638946529717545
2021-05-06,,1.4638946529717545
2021-05-07,,1.4638946529717545
2021-05-08,,36.563894652971754
2021-05-09,,36.36389465297175
2021-05-10,,37.36389465297175
2021-05-11,,37.37389465297176
2021-05-12,,37.37389465297176
2021-05-13,,37.37389465297176
2021-05-14,,42.37389465297176
2021-05-15,,37.37389465297176
2021-05-16,,37.37389465297176
2021-05-17,,37.37389465297176
2021-05-18,,37.37389465297176
2021-05-19,,37.37389465297176
2021-05-20,,37.37389465297176
2021-05-21,,37.37389465297176
2021-05-22,,37.37389465297176
2021-05-23,,37.37389465297176
2021-05-24,,37.37389465297176
2021-05-25,,37.37389465297176
2021-05-26,,37.37389465297176
2021-05-27,,37.37389465297176
2021-05-28,,37.37389517798507
2021-05-29,,37.37389517798507
2021-05-30,,37.37389517798507
2021-05-31,,37.37389517798507
2021-06-01,,37.39389517798507
2021-06-02,,37.39389517798507
2021-06-03,,37.39389517798507
2021-06-04,,37.49389517798507
2021-06-05,,37.49389517798507
2021-06-06,,38.01224517798507
2021-06-07,,37.39389517798507
2021-06-08,,37.39389517798507
2021-06-09,,37.39389517798507
2021-06-10,,37.39389517798507
2021-06-11,,37.393895178981296
2021-06-12,,37.393895178981296
2021-06-13,,37.393895178981296
2021-06-14,,37.393895178981296
2021-06-15,,37.393895178981296
2021-06-16,,37.393895178981296
2021-06-17,,37.39389517989802
2021-06-18,,37.39389517989802
2021-06-19,,37.39389517989802
2021-06-20,,37.39906117989802
2021-06-21,,37.39906117989802
2021-06-22,,37.39906117989802
2021-06-23,,37.39906117989802
2021-06-24,,37.39906117989802
2021-06-25,,37.39906117989802
2021-06-26,,37.39906117989802
2021-06-27,,37.39906117989802
2021-06-28,,37.39906117989802
2021-06-29,,37.999061180664945
2021-06-30,,37.999061180664945
2021-07-01,,37.999061180689786
2021-07-02,,37.999061180689786
2021-07-03,,37.999061180689786
2021-07-04,,37.999061180689786
2021-07-05,,37.999061180689786
2021-07-06,,38.09906118068979
2021-07-07,,38.09906118068979
2021-07-08,,38.09906118068979
2021-07-09,,38.109061180689785
2021-07-10,,38.109061180689785
2021-07-11,,38.109061180689785
2021-07-12,,38.109061180689785
2021-07-13,,38.109061180689785
2021-07-14,,37.609061180689785
2021-07-15,,37.609061180689785
2021-07-16,,37.609061180689785
2021-07-17,,37.649061180689785
2021-07-18,,37.679061180689786
2021-07-19,,37.679061180689786
2021-07-20,,37.679061180689786
2021-07-21,,37.649061180689785
2021-07-22,,37.649061180689785
2021-07-23,,37.69906118068979
2021-07-24,,40.69906118068979
2021-07-25,,37.77230960361835
2021-07-26,,37.70369518161835
2021-07-27,,38.70369518161835
2021-07-28,,38.75369518165777
2021-07-29,,39.36369518165777
2021-07-30,,48.71369518165777
2021-07-31,,53.75369518165777
2021-08-01,,53.75369518165777
2021-08-02,,48.73368513143352
2021-08-03,,48.73368513143352
2021-08-04,,48.63368513143352
2021-08-05,,48.63368513143352
2021-08-06,,48.65368513143352
2021-08-07,,38.65368513143352
2021-08-08,,38.76104427043352
2021-08-09,,38.82104427043352
2021-08-10,,38.99671827043352
2021-08-11,,46.13350387477957
2021-08-12,,41.48450387477957
2021-08-13,,41.77508387477957
2021-08-14,,42.15608387477957
2021-08-15,,41.28608387477957
2021-08-16,,41.74608387477957
2021-08-17,,41.94228042296093
2021-08-18,,52.26976165143268
2021-08-19,,56.61076165143268
2021-08-20,,46.0778108074419
2021-08-21,,49.375571914731474
2021-08-22,,48.38557191473148
2021-08-23,,63.24557191482919
2021-08-24,,49.01411231082919
2021-08-25,,55.25786231082919
2021-08-26,,53.62286231082919
2021-08-27,,49.92756231082919
2021-08-28,,51.62756331082919
2021-08-29,,53.38231364339247
2021-08-30,,50.87807771339247
2021-08-31,,77.04964632006653
2021-09-01,,66.4621105792083
2021-09-02,,60.635810579208304
2021-09-03,,79.79226989520585
2021-09-04,,74.31387774120584
2021-09-05,,72.97019567891938
2021-09-06,,104.560835594504
2021-09-07,,108.8799242173064
2021-09-08,,107.33271232003769
2021-09-09,,121.95828632003769
2021-09-10,,125.59160040348787
2021-09-11,,121.92519019354502
2021-09-12,,142.73617040582954
2021-09-13,,151.5467704067529
2021-09-14,,155.65222469331567
2021-09-15,,154.7678175941308
2021-09-16,,159.0952225923244
2021-09-17,0.0,147.01260048731177
2021-09-18,2993.922279,148.52552568961164
2021-09-19,2972.2813557,146.52552568961164
2021-09-20,2941.9721147,145.43552568961164
2021-09-21,2883.3136597,145.43552568961164
2021-09-22,2784.01585719,144.52982569061166
2021-09-23,2691.7751196,112.62080477661164
2021-09-24,2653.73843421,112.52080477661166
2021-09-25,2594.35944471,112.52080477661166
2021-09-26,2363.06266193,112.06838566961164
2021-09-27,2345.70169893,92.01836138361163
2021-09-28,2307.75510756,91.96836138361164
2021-09-29,2267.05413037,90.46836138361164
2021-09-30,2282.8909457,83.26776848361165
2021-10-01,2279.96852789,83.26776848361165
2021-10-02,2241.01153289,83.06776848361164
2021-10-03,2122.84825108,83.06776848361164
2021-10-04,2383.91034322,83.06776848361164
2021-10-05,2800.11975799,83.06776848361164
2021-10-06,3597.08657647,82.63776848361165
2021-10-07,3559.95549474,73.98776848361165
2021-10-08,2905.57999022,73.98776848361165
2021-10-09,3612.12335448,73.98776848361165
2021-10-10,7148.67518025,73.98776848361165
2021-10-11,7994.11879671,73.86969448361165
2021-10-12,9434.71335365,73.86969448361165
2021-10-13,9144.92551292,73.86969448361165
2021-10-14,10084.45656586,73.86969448361165
2021-10-15,10104.62571499,73.76969448361164
2021-10-16,13493.85742275,73.76969448361164
2021-10-17,13815.37390811,73.76969448361164
2021-10-18,14839.69299048,73.76969448361164
2021-10-19,14509.91082848,73.76969448361164
2021-10-20,12995.62741661,73.76969448361164
2021-10-21,13053.61911878,73.76969448361164
2021-10-22,13239.65409475,73.76969448361164
2021-10-23,15974.04614668,72.17969448361166
2021-10-24,15949.14413444,72.17969448361166
2021-10-25,15962.09736903,72.17969448361166
2021-10-26,18390.40888699,72.17969448361166
2021-10-27,21506.20788746,72.18969448361165
2021-10-28,21270.18740441,72.18969448361165
2021-10-29,21264.64928545,72.18969448361165
2021-10-30,21435.41281485,72.18969448361165
2021-10-31,21466.2174642,72.18969448361165
2021-11-01,21782.85282338,72.18969448361165
2021-11-02,22162.04514989,72.18969448361165
2021-11-03,22261.62332132,72.18969448361165
2021-11-04,21484.98299086,72.18969448361165
2021-11-05,21640.86219249,72.18969448361165
2021-11-06,22195.90283093,72.18969448361165
2021-11-07,21798.92232015,72.18969448361165
2021-11-08,22040.49117148,72.18969448361165
2021-11-09,22689.80919522,72.11969448361165
2021-11-10,26247.88473626,72.11969448361165
2021-11-11,30260.74195519,72.11969448361165
2021-11-12,31509.37810066,72.11969448361165
2021-11-13,32567.6510557,72.21969448361165
2021-11-14,34158.45120856,72.21969448361165
2021-11-15,37330.25319164,72.21969448361165
2021-11-16,38496.8618987,72.21969448361165
2021-11-17,38167.87784186,72.21969448361165
2021-11-18,38436.88265981,72.21969448361165
2021-11-19,37058.06501328,72.21969448361165
2021-11-20,37138.58893729,72.21969448361165
2021-11-21,38238.42294815,72.21969448361165
2021-11-22,38150.7518874,72.11969448361165
2021-11-23,37912.42352217,72.11969448361165
2021-11-24,38871.8907213,72.11969448361165
2021-11-25,40813.63878691,72.11969448361165
2021-11-26,44978.00459343,72.11969448361165
2021-11-27,45731.32006653,72.11969448361165
2021-11-28,45468.48124045,72.11969448361165
2021-11-29,48349.04212117,72.11969448361165
2021-11-30,48687.08240476,72.11969448361165
2021-12-01,49229.38112821,72.11969448361165
2021-12-02,49541.16247444,72.11969448361165
2021-12-03,49134.42765211,72.11969448361165
2021-12-04,50530.18501262,72.11969448361165
2021-12-05,50336.67889417,72.11969448361165
2021-12-06,50656.56959706,72.11969448361165
2021-12-07,50766.94166218,72.11969448361165
2021-12-08,51855.18441108,72.11969448361165
2021-12-09,54783.72176601,72.11969448361165
2021-12-10,54868.69507261,72.11969448361165
2021-12-11,54140.06564892,72.11969448361165
2021-12-12,55636.10867774,72.05979448361165
2021-12-13,56960.01582776,72.05979448361165
2021-12-14,57422.59902545,72.05979448361165
2021-12-15,57690.09437688,72.05979448361165
2021-12-16,58906.38287878,72.05979448361165
2021-12-17,59995.07191938,72.05979448361165
2021-12-18,67344.8606654,72.05979448361165
2021-12-19,67269.73596391,72.05979448361165
2021-12-20,67650.93078511,72.05979448361165
2021-12-21,68370.39894261,72.05979448361165
2021-12-22,67819.81708913,72.05979448361165
2021-12-23,68043.06407429,72.05979448361165
2021-12-24,72178.97372847,72.05979448361165
2021-12-25,72020.55603616,72.05979448361165
2021-12-26,72042.77449611,72.05979448361165
2021-12-27,71227.98676605,72.05979448361165
2021-12-28,69110.41564999,71.95979448361165
2021-12-29,69265.2258495,71.95979448361165
2021-12-30,69284.53993564,71.95979448361165
2021-12-31,74134.00577013,71.95979448361165
2022-01-01,79197.07039438,71.95979448361165
2022-01-02,79047.04250413,71.95979448361165
2022-01-03,89809.32162435,71.95979448361165
2022-01-04,89733.41440814,71.95979448361165
2022-01-05,88410.00347328,71.95979448361165
2022-01-06,87119.91653653,71.95979448361165
2022-01-07,87112.56615671,71.95979448361165
2022-01-08,86204.49060802,71.95979448361165
2022-01-09,86179.65677035,71.95979448361165
2022-01-10,86132.59194217,71.95979448361165
2022-01-11,86542.37854261,71.95979448361165
2022-01-12,89284.99253945,71.95979448361165
2022-01-13,91949.30773201,71.95979448361165
2022-01-14,94163.24110072,71.95979448361165
2022-01-15,94470.63716013,71.95979448361165
2022-01-16,94069.61845454,71.95979448361165
2022-01-17,93228.35998448,71.95979448361165
2022-01-18,93208.17757637,71.95979448361165
2022-01-19,92584.72070956,71.95979448361165
2022-01-20,92315.41512416,71.95979448361165
2022-01-21,89808.32758293,71.95979448361165
2022-01-22,89955.68993353,71.95979448361165
2022-01-23,89204.52110567,71.95979448361165
2022-01-24,88828.82418653,71.95979448361165
2022-01-25,89773.63453677,71.95979448361165
2022-01-26,89693.99940085,71.95979448361165
2022-01-27,90467.47732823,71.95979448361165
2022-01-28,90494.96925927,71.95979448361165
2022-01-29,90691.94595016,71.95979448361165
2022-01-30,92159.67627702,71.95979448361165
2022-01-31,93787.9269639,71.95979448361165
2022-02-01,93467.0779647,71.95979448361165
2022-02-02,93593.61247698,71.95979448361165
2022-02-03,21.39164383,71.95979448361165
2022-02-04,113257.69188942,71.95979448361165
2022-02-05,106414.90266506,71.95979448361165
2022-02-06,106583.50819831,71.95979448361165
2022-02-07,106157.39818319,71.95979448361165
2022-02-08,107672.54856142,71.95979448361165
2022-02-09,107948.40420782,71.95979448361165
2022-02-10,107880.06689788,71.95979448361165
2022-02-11,110182.53987795,71.71979448361165
2022-02-12,108835.13090009,71.71979448361165
2022-02-13,108640.29469351,71.71979448361165
2022-02-14,108589.13058729,71.71979448361165
2022-02-15,108361.46592166,71.71979448361165
2022-02-16,108440.51094498,71.71979448361165
2022-02-17,108043.90562443,71.71979448361165
2022-02-18,108185.6860554,71.71979448361165
2022-02-19,108720.66244146,71.71979448361165
2022-02-20,108912.71019613,71.71979448361165
2022-02-21,108892.57618204,71.71979448361165
2022-02-22,108856.39115284,71.71979448361165
2022-02-23,108696.50930741,71.71979448361165
2022-02-24,109154.03250323,71.71979448361165
2022-02-25,109121.49170215,71.71979448361165
2022-02-26,108947.38186287,71.71979448361165
2022-02-27,108855.38715338,71.71979448361165
2022-02-28,108899.70825415,71.71979448361165
2022-03-01,109182.56471468,71.71979448361165
2022-03-02,109604.62588851,71.71979448361165
2022-03-03,109140.37155873,71.71979448361165
2022-03-04,109169.55015026,71.71979448361165
2022-03-05,108000.79685263,59.66160536761165
2022-03-06,108081.4634223,54.69359228461165
2022-03-07,108270.01740152,54.69359228461165
2022-03-08,108242.89359278,54.69359228461165
2022-03-09,108292.20784586,54.69359228461165
2022-03-10,108326.27509597,54.55359228461165
2022-03-11,108429.42332755,54.55359228461165
2022-03-12,108280.86840061,54.55359228461165
2022-03-13,108313.07034064,54.55359228461165
2022-03-14,108243.71287771,54.55359228461165
2022-03-15,108146.20528598,54.55359228461165
2022-03-16,108163.13552425,54.55359228461165
2022-03-17,108257.2954615,54.55359228461165
2022-03-18,108396.99799979,54.55359228461165
2022-03-19,106128.62796024,54.55359228461165
2022-03-20,106335.49385147,54.55359228461165
2022-03-21,106361.51471438,54.55359228461165
2022-03-22,106360.30425022,54.55359228461165
2022-03-23,106472.48842151,54.55359228461165
2022-03-24,102695.70837249,54.55359228461165
2022-03-25,102373.5805737,54.55359228461165
2022-03-26,104880.50583621,54.55359228461165
2022-03-27,104794.09260108,54.55359228461165
2022-03-28,104839.25162514,54.55359228461165
2022-03-29,104839.7442246,53.55359228461165
2022-03-30,104993.93955439,53.55359228461165
2022-03-31,105071.78411646,53.55359228461165
2022-04-01,105119.74410002,53.55359228461165
2022-04-02,105158.40327011,53.55359228461165
2022-04-03,105223.17931457,53.55359228461165
2022-04-04,104940.85200152,53.55359228461165
2022-04-05,104825.72791367,53.55359228461165
2022-04-06,104963.39409436,53.55359228461165
2022-04-07,103827.49477077,53.55359228461165
2022-04-08,103635.5348903,53.55359228461165
2022-04-09,104088.99360145,53.55359228461165
2022-04-10,103655.50241742,53.55359228461165
2022-04-11,103667.83976551,53.55359228461165
2022-04-12,103704.79427971,53.55359228461165
2022-04-13,103760.60721687,53.55359228461165
2022-04-14,104381.74752381,53.55359228461165
2022-04-15,104748.26809693,53.55359228461165
2022-04-16,104719.84896187,53.55359228461165
2022-04-17,104958.02310077,53.55359228461165
2022-04-18,104899.33348485,53.55359228461165
2022-04-19,104955.56806059,53.55359228461165
2022-04-20,105097.22251198,53.55359228461165
2022-04-21,104921.90182495,53.55359228461165
2022-04-22,104819.88331634,53.55359228461165
2022-04-23,105160.60211051,53.55359228461165
2022-04-24,105246.56119086,53.55359228461165
2022-04-25,105355.7087567,53.55359228461165
2022-04-26,106051.80176791,53.55359228461165
2022-04-27,106022.0805303,53.55359228461165
2022-04-28,105916.31567239,53.55359228461165
2022-04-29,105816.85161064,53.55359228461165
2022-04-30,105856.0912366,53.55359228461165
2022-05-01,105971.76030321,53.55359228461165
2022-05-02,105958.35272668,53.55359228461165
2022-05-03,105684.56031492,53.55359228461165
2022-05-04,106429.26579401,53.55359228461165
2022-05-05,106653.60132279,53.55359228461165
2022-05-06,106877.77034812,53.55359228461165
2022-05-07,106533.19566572,53.55359228461165
2022-05-08,106655.09239492,53.55359228461165
2022-05-09,106897.83665362,53.55359228461165
2022-05-10,107055.69759915,53.55359228461165
2022-05-11,105964.14250645,53.55359228461165
2022-05-12,103079.78814591,53.55359228461165
2022-05-13,101934.80030337,53.55359228461165
2022-05-14,101399.40175812,53.55359228461165
2022-05-15,101137.13904113,53.55359228461165
2022-05-16,101319.73161181,53.55359228461165
2022-05-17,101715.68549957,53.55359228461165
2022-05-18,101870.11721999,53.55359228461165
2022-05-19,102043.8485529,53.55359228461165
2022-05-20,102008.89505636,53.55359228461165
2022-05-21,102065.74931264,53.55359228461165
2022-05-22,102060.02914736,53.55359228461165
2022-05-23,102035.95607486,53.55359228461165
2022-05-24,102326.76890144,53.55359228461165
2022-05-25,102238.69257135,53.55359228461165
2022-05-26,102380.09944377,53.55359228461165
2022-05-27,102012.43551577,53.55359228461165
2022-05-28,103051.98794348,53.55359228461165
2022-05-29,103063.38224266,53.55359228461165
2022-05-30,103182.30223408,53.55359228461165
2022-05-31,103641.93927824,53.55359228461165
2022-06-01,104009.38431991,53.55359228461165
2022-06-02,104089.21193647,53.55359228461165
2022-06-03,104736.13335686,53.55359228461165
2022-06-04,105118.96341305,53.55359228461165
2022-06-05,104199.61652468,53.55359228461165
2022-06-06,104065.80561576,53.55359228461165
2022-06-07,104132.14666337,53.55359228461165
2022-06-08,104186.1559309,53.55359228461165
2022-06-09,104262.84124063,53.55359228461165
2022-06-10,104237.87660775,53.55359228461165
2022-06-11,104197.73825624,53.55359228461165
2022-06-12,103210.71625296,53.55359228461165
2022-06-13,102405.42294368,53.55359228461165
2022-06-14,101386.72688531,53.55359228461165
2022-06-15,101477.53309661,53.55359228461165
2022-06-16,101500.09864845,53.55359228461165
2022-06-17,101508.7858632,53.55359228461165
2022-06-18,100506.18089317,53.55359228461165
2022-06-19,99167.65463607,53.55359228461165
2022-06-20,99120.90978061,53.55359228461165
2022-06-21,99185.8635641,53.55359228461165
2022-06-22,99227.13449503,53.55359228461165
2022-06-23,98617.5418987,53.55359228461165
2022-06-24,98509.47181929,53.55359228461165
2022-06-25,98450.71224672,53.55359228461165
2022-06-26,98553.47441586,53.55359228461165
2022-06-27,98362.98360979,53.55359228461165
2022-06-28,98377.48691269,53.55359228461165
2022-06-29,98367.95674326,53.55359228461165
2022-06-30,98468.97921876,53.55359228461165
2022-07-01,98563.74248984,53.55359228461165
2022-07-02,98624.3252363,53.55359228461165
2022-07-03,98684.90224826,53.55359228461165
2022-07-04,98731.73004927,53.55359228461165
2022-07-05,98587.95786555,53.55359228461165
2022-07-06,98580.66000965,53.55359228461165
2022-07-07,98584.85304591,53.55359228461165
2022-07-08,98750.92971671,53.55359228461165
2022-07-09,98757.26318083,53.55359228461165
2022-07-10,98557.79070184,53.55359228461165
2022-07-11,98534.47077786,53.55359228461165
2022-07-12,98538.47680823,53.55359228461165
2022-07-13,98699.19243363,53.55359228461165
2022-07-14,98645.07211303,53.55359228461165
2022-07-15,98667.19352098,53.55359228461165
2022-07-16,98655.17029667,53.55359228461165
2022-07-17,98717.34345013,53.55359228461165
2022-07-18,98813.55148623,53.55359228461165
2022-07-19,98741.36040796,53.55359228461165
2022-07-20,101727.62453138,53.55359228461165
2022-07-21,101770.36683789,53.55359228461165
2022-07-22,101781.02114373,53.55359228461165
2022-07-23,101789.83898251,53.55359228461165
2022-07-24,101754.62018012,53.55359228461165
2022-07-25,101740.78679839,53.55359228461165
2022-07-26,101713.07917584,53.55359228461165
2022-07-27,101567.10434677,53.55359228461165
2022-07-28,101560.54911947,53.55359228461165
2022-07-29,101475.96641296,53.55359228461165
2022-07-30,101408.55989552,53.55359228461165
2022-07-31,101411.27843724,53.55359228461165
2022-08-01,101388.59854439,53.55359228461165
2022-08-02,101396.18340793,53.55359228461165
2022-08-03,101373.22569524,53.55359228461165
2022-08-04,100999.47934665,53.55359228461165
2022-08-05,101180.18048561,53.55359228461165
2022-08-06,101158.16939084,53.55359228461165
2022-08-07,101166.37729013,53.55359228461165
2022-08-08,101223.86312307,53.55359228461165
2022-08-09,101339.39763577,53.55359228461165
2022-08-10,101146.6937198,53.55359228461165
2022-08-11,101211.4811586,53.55359228461165
2022-08-12,101498.70283781,53.55359228461165
2022-08-13,101430.7768947,53.55359228461165
2022-08-14,101433.53697148,53.55359228461165
2022-08-15,101302.03310843,53.55359228461165
2022-08-16,101310.27852698,53.55359228461165
2022-08-17,101309.67903898,53.55359228461165
2022-08-18,101318.89608833,53.55359228461165
2022-08-19,100990.09095537,53.55359228461165
2022-08-20,100951.84832203,53.55359228461165
2022-08-21,101360.79144115,53.55359228461165
2022-08-22,101490.53172889,53.55359228461165
2022-08-23,102165.2876872,53.55359228461165
2022-08-24,101949.96782553,53.55359228461165
2022-08-25,102230.51730845,53.55359228461165
2022-08-26,102232.88605786,53.55359228461165
2022-08-27,102244.3687829,53.55359228461165
2022-08-28,102136.02874068,53.55359228461165
2022-08-29,102226.7233396,53.55359228461165
2022-08-30,102113.69378058,53.55359228461165
2022-08-31,101649.96245457,53.55359228461165
2022-09-01,101694.16253609,53.55359228461165
2022-09-02,101676.59970218,53.55359228461165
2022-09-03,101717.06416141,53.55359228461165
2022-09-04,101745.7046832,53.55359228461165
2022-09-05,102014.94578351,53.55359228461165
2022-09-06,101929.75578406,53.55359228461165
2022-09-07,101738.87568926,53.55359228461165
2022-09-08,101756.18091433,53.55359228461165
2022-09-09,101530.87321156,53.55359228461165
2022-09-10,101430.73649331,53.55359228461165
2022-09-11,101353.71752014,53.55359228461165
2022-09-12,100365.72982706,53.55359228461165
2022-09-13,100139.92831524,53.55359228461165
2022-09-14,73816.34732132,53.55359228461165
2022-09-15,29828.22289746,53.55359228461165
2022-09-16,27113.19818233,53.55359228461165
2022-09-17,29927.59324453,53.55359228461165
2022-09-18,30044.24767675,53.55359228461165
2022-09-19,30065.15469212,53.55359228461165
2022-09-20,30389.84688226,53.55359228461165
2022-09-21,32980.81567942,53.55359228461165
2022-09-22,33039.12223018,53.55359228461165
2022-09-23,32990.3581599,53.55359228461165
2022-09-24,32994.60719055,53.55359228461165
2022-09-25,33015.67718339,53.55359228461165
2022-09-26,33053.91795359,53.55359228461165
2022-09-27,33844.2713307,53.55359228461165
2022-09-28,34001.16503034,53.55359228461165
2022-09-29,33997.25194241,53.55359228461165
2022-09-30,36011.56911149,53.55359228461165
2022-10-01,36077.15510757,53.55359228461165
2022-10-02,36386.34625423,53.55359228461165
2022-10-03,36068.58846892,53.55359228461165
2022-10-04,36045.63983695,53.55359228461165
2022-10-05,36180.80798274,53.55359228461165
2022-10-06,35860.41218789,53.55359228461165
2022-10-07,35854.50217248,53.55359228461165
2022-10-08,35864.42821334,53.55359228461165
2022-10-09,37870.49216205,53.55359228461165
2022-10-10,37886.08495143,53.55359228461165
2022-10-11,37687.44560696,53.55359228461165
2022-10-12,37732.5402313,53.55359228461165
2022-10-13,37789.45602696,53.55359228461165
2022-10-14,39742.1236468,53.55359228461165
2022-10-15,40249.77204071,53.55359228461165
2022-10-16,40402.08424017,53.55359228461165
2022-10-17,40478.66864827,53.55359228461165
2022-10-18,41162.64730376,53.55359228461165
2022-10-19,43778.66942165,53.55359228461165
2022-10-20,47712.02490795,53.55359228461165
2022-10-21,47894.82087979,53.55359228461165
2022-10-22,48130.89978509,53.55359228461165
2022-10-23,48168.14317109,53.55359228461165
2022-10-24,48185.00987292,53.55359228461165
2022-10-25,48226.5242855,53.55359228461165
2022-10-26,48952.7192323,53.55359228461165
2022-10-27,49175.01942484,53.55359228461165
2022-10-28,49436.98637575,53.55359228461165
2022-10-29,49483.35712495,53.55359228461165
2022-10-30,49370.68172589,53.55359228461165
2022-10-31,49367.852839,53.55359228461165
2022-11-01,48881.93564734,53.55359228461165
2022-11-02,48854.33470573,53.55359228461165
2022-11-03,48932.10130378,53.55359228461165
2022-11-04,48966.85542008,53.55359228461165
2022-11-05,49398.75790087,53.55359228461165
2022-11-06,49413.1684892,53.55359228461165
2022-11-07,49385.98206834,53.55359228461165
2022-11-08,48619.67928089,53.55359228461165
2022-11-09,47856.62772138,53.55359228461165
2022-11-10,46113.71970832,53.55359228461165
2022-11-11,44434.78631751,53.55359228461165
2022-11-12,42733.1150847,53.55359228461165
2022-11-13,34268.29796925,53.55359228461165
2022-11-14,33467.72717367,53.55359228461165
2022-11-15,33669.2709197,53.55359228461165
2022-11-16,33711.22593478,53.55359228461165
2022-11-17,33342.21177403,53.55359228461165
2022-11-18,33291.3918123,53.55359228461165
2022-11-19,33259.92074567,53.55359228461165
2022-11-20,33152.10911116,53.55359228461165
2022-11-21,33294.00259756,53.55359228461165
2022-11-22,33281.35608059,53.55359228461165
2022-11-23,33008.63714461,53.55359228461165
2022-11-24,33189.59980146,53.55359228461165
2022-11-25,33345.5892494,53.55359228461165
2022-11-26,33185.88145074,53.55359228461165
2022-11-27,33114.92827217,53.55359228461165
2022-11-28,32934.98441308,53.55359228461165
2022-11-29,32833.61628088,53.55359228461165
2022-11-30,32672.91900151,53.55459228461165
2022-12-01,32516.0185381,53.55459228461165
2022-12-02,32522.15317209,53.55459228461165
2022-12-03,32562.6892393,53.55459228461165
2022-12-04,32537.27708137,53.55459228461165
2022-12-05,32483.61816549,53.55459228461165
2022-12-06,32649.32403171,53.55459228461165
2022-12-07,32800.26223412,53.55459228461165
2022-12-08,32916.27157494,53.55459228461165
2022-12-09,32902.24863114,53.55459228461165
2022-12-10,32918.67129168,53.55459228461165
2022-12-11,33112.99455022,53.55459228461165
2022-12-12,33065.95217346,53.55459228461165
2022-12-13,32979.72558982,53.55459228461165
2022-12-14,32828.36265756,53.55459228461165
2022-12-15,32912.39090243,53.55459228461165
2022-12-16,32945.59761511,53.55459228461165
2022-12-17,31330.19759839,53.55459228461165
2022-12-18,31232.20600904,53.55459228461165
2022-12-19,31309.15433945,53.55459228461165
2022-12-20,31733.45941951,53.55459228461165
2022-12-21,31689.99322117,53.55459228461165
2022-12-22,31505.59703926,53.55459228461165
2022-12-23,31525.6391043,53.55459228461165
2022-12-24,31480.96487441,53.55459228461165
2022-12-25,31390.39428091,53.55459228461165
2022-12-26,31494.98020143,53.55459228461165
2022-12-27,31555.01597059,53.55459228461165
2022-12-28,31442.27716738,53.55459228461165
2022-12-29,31411.06519822,53.55459228461165
2022-12-30,31224.24174571,53.55459228461165
2022-12-31,31127.74074313,53.55459228461165
2023-01-01,31148.72191973,53.55459228461165
2023-01-02,31118.13175255,53.55459228461165
2023-01-03,31111.09416223,53.55459228461165
2023-01-04,31015.46550633,53.55459228461165
2023-01-05,30964.79688494,53.55459228461165
2023-01-06,30898.91769952,53.55459228461165
2023-01-07,30836.51952171,53.55459228461165
2023-01-08,30758.07996176,53.55459228461165
2023-01-09,30783.33980454,53.55459228461165
2023-01-10,30577.5497573,53.55459228461165
2023-01-11,30552.2817553,53.55459228461165
2023-01-12,30444.49342813,53.55459228461165
2023-01-13,30119.21290918,53.55459228461165
2023-01-14,30014.35187356,53.55459228461165
2023-01-15,29779.71027046,53.55459228461165
2023-01-16,29868.2544764,53.55459228461165
2023-01-17,30031.11022423,53.55459228461165
2023-01-18,29890.69731494,53.55459228461165
2023-01-19,29950.94566238,53.55459228461165
2023-01-20,29294.56463771,53.55459228461165
2023-01-21,29246.81849727,53.55459228461165
2023-01-22,29249.05314016,53.55459228461165
2023-01-23,29311.95352953,53.55459228461165
2023-01-24,29372.6262692,53.55459228461165
2023-01-25,29147.49184983,53.55459228461165
2023-01-26,29385.00184757,53.55459228461165
2023-01-27,29338.17655799,53.55459228461165
2023-01-28,29353.9452641,53.55459228461165
2023-01-29,29308.59473973,53.55459228461165
2023-01-30,29332.74329034,53.55459228461165
2023-01-31,29422.49670413,53.55459228461165
2023-02-01,29402.34697213,53.55459228461165
2023-02-02,29680.62335328,53.55459228461165
2023-02-03,29637.96328297,53.55459228461165
2023-02-04,29680.35785455,53.55459228461165
2023-02-05,29737.73953425,53.55459228461165
2023-02-06,29612.78343535,53.55459228461165
2023-02-07,29686.00948209,53.55459228461165
2023-02-08,29790.54988922,53.55459228461165
2023-02-09,29814.48555898,53.55459228461165
2023-02-10,30089.13606202,53.55459228461165
2023-02-11,30167.14632239,53.55459228461165
2023-02-12,30135.45577274,53.55459228461165
2023-02-13,30182.04103232,53.55459228461165
2023-02-14,30192.13561935,53.55459228461165
2023-02-15,30164.06602422,53.55459228461165
2023-02-16,30444.55117859,53.55459228461165
2023-02-17,30293.87965894,53.55459228461165
2023-02-18,30299.39210444,53.55459228461165
2023-02-19,30334.58020712,53.55459228461165
2023-02-20,30067.82463875,53.55459228461165
2023-02-21,30152.58588012,53.55459228461165
2023-02-22,30264.68908,53.55459228461165
2023-02-23,30249.90024474,53.55459228461165
2023-02-24,30249.93460872,53.55459228461165
2023-02-25,30432.7735253,53.55459228461165
2023-02-26,30528.75719771,53.55459228461165
2023-02-27,30574.98392385,53.55459228461165
2023-02-28,30582.03902683,53.55459228461165
2023-03-01,30570.31730578,53.55459228461165
2023-03-02,30501.88301428,53.55459228461165
2023-03-03,30471.81970189,53.55459228461165
2023-03-04,30505.83376822,53.55459228461165
2023-03-05,30490.83404695,53.55459228461165
2023-03-06,30555.37405307,53.55459228461165
2023-03-07,30550.73996587,53.55459228461165
2023-03-08,30510.62086346,53.55459228461165
2023-03-09,30524.25277519,53.55459228461165
2023-03-10,30691.84282563,53.55459228461165
2023-03-11,31097.07593368,53.55459228461165
2023-03-12,30880.95534719,53.55459228461165
2023-03-13,30837.97521962,53.55459228461165
2023-03-14,30862.0145033,53.55459228461165
2023-03-15,31082.45407831,53.55459228461165
2023-03-16,31306.75068195,53.55459228461165
2023-03-17,31170.46056416,53.55459228461165
2023-03-18,31161.25246275,53.55459228461165
2023-03-19,31183.64275653,53.55459228461165
2023-03-20,31202.54199253,53.55459228461165
2023-03-21,31305.39701964,53.55459228461165
2023-03-22,31223.11657975,53.55459228461165
2023-03-23,31181.77986912,53.55459228461165
2023-03-24,30962.51039906,53.55459228461165
2023-03-25,30827.13906735,53.55459228461165
2023-03-26,30791.93589741,53.55459228461165
2023-03-27,30747.49680172,53.55459228461165
2023-03-28,30761.66780212,53.55459228461165
2023-03-29,31394.42759876,53.55459228461165
2023-03-30,31520.10827669,53.55459228461165
2023-03-31,31533.74828818,53.55459228461165
2023-04-01,31585.48693307,53.55459228461165
2023-04-02,31579.30853086,53.55459228461165
2023-04-03,31584.7654963,53.55459228461165
2023-04-04,31466.99553422,53.55459228461165
2023-04-05,31410.34387948,53.55459228461165
2023-04-06,31397.87437778,53.55459228461165
2023-04-07,31324.96071956,53.55459228461165
2023-04-08,31349.87016769,53.55459228461165
2023-04-09,31247.8583743,53.55459228461165
2023-04-10,31262.17936535,53.55459228461165
2023-04-11,31295.96122457,53.55459228461165
2023-04-12,31262.08512777,53.55459228461165
2023-04-13,31278.14125728,53.55459228461165
2023-04-14,31247.37313131,53.55459228461165
2023-04-15,31176.32932377,53.55459228461165
2023-04-16,31314.8558991,53.55459228461165
2023-04-17,31225.02727168,53.55459228461165
2023-04-18,31257.80693813,53.55459228461165
2023-04-19,31303.10141423,53.55459228461165
2023-04-20,31239.39231864,53.55459228461165
2023-04-21,31202.61182071,53.55459228461165
2023-04-22,31211.24166781,53.55459228461165
2023-04-23,31229.83962817,53.55459228461165
2023-04-24,31206.8583983,53.55459228461165
2023-04-25,30810.9075261,53.55459228461165
2023-04-26,30862.17265322,53.55459228461165
2023-04-27,30741.61359992,53.55459228461165
2023-04-28,30687.97399307,53.55459228461165
2023-04-29,30776.31498241,53.55459228461165
2023-04-30,30771.56705858,53.55459228461165
2023-05-01,30720.00854914,53.55459228461165
2023-05-02,30720.72663146,53.55459228461165
2023-05-03,30707.23976696,53.55459228461165
2023-05-04,31685.81347025,53.55459228461165
2023-05-05,33102.53432285,53.55459228461165
2023-05-06,34348.57573382,53.55459228461165
2023-05-07,34299.59722262,53.55459228461165
2023-05-08,34298.67868932,53.55459228461165
2023-05-09,34328.86775205,53.55459228461165
2023-05-10,35928.83299982,53.55459228461165
2023-05-11,35228.12188589,53.55459228461165
2023-05-12,35274.81808315,53.55459228461165
2023-05-13,35242.50861934,53.55459228461165
2023-05-14,35104.28942552,53.55459228461165
2023-05-15,35051.05613653,53.55459228461165
2023-05-16,35360.15741404,53.55459228461165
2023-05-17,36438.47650982,53.55459228461165
2023-05-18,36425.64567067,53.55459228461165
2023-05-19,36473.92964732,53.55459228461165
2023-05-20,36166.33993387,53.55459228461165
2023-05-21,36146.72499547,53.55459228461165
2023-05-22,36127.02939983,53.55459228461165
2023-05-23,36055.36871173,53.55459228461165
2023-05-24,36090.63957235,53.55459228461165
2023-05-25,35878.36575261,53.55459228461165
2023-05-26,35862.79740711,53.55459228461165
2023-05-27,35876.61073303,53.55459228461165
2023-05-28,35861.97332875,53.55459228461165
2023-05-29,35785.58449557,53.55459228461165
2023-05-30,35680.58802469,53.55459228461165
2023-05-31,35637.89354236,53.55459228461165
2023-06-01,35650.25011369,53.55459228461165
2023-06-02,35656.38665917,53.55459228461165
2023-06-03,35663.59294141,53.55459228461165
2023-06-04,35633.97337125,53.55459228461165
2023-06-05,35687.28459155,53.55459228461165
2023-06-06,35627.66922448,53.55459228461165
2023-06-07,35477.28442387,53.55459228461165
2023-06-08,35441.95137796,53.55459228461165
2023-06-09,35446.22115444,53.55459228461165
2023-06-10,35471.64428218,53.55459228461165
2023-06-11,35410.40579994,53.55459228461165
2023-06-12,35405.21377435,53.55459228461165
2023-06-13,35663.77813882,53.55459228461165
2023-06-14,35666.2478263,53.55459228461165
2023-06-15,35996.8711632,53.55459228461165
2023-06-16,35699.45001943,53.55459228461165
2023-06-17,35702.20470532,53.55459228461165
2023-06-18,35704.47495769,53.55459228461165
2023-06-19,35720.45519499,53.55459228461165
2023-06-20,35703.39606303,53.55459228461165
2023-06-21,35706.03765612,53.55459228461165
2023-06-22,35625.50940534,53.55459228461165
2023-06-23,35621.64204969,53.55459228461165
2023-06-24,35649.49737586,53.55459228461165
2023-06-25,35666.23016903,53.55459228461165
2023-06-26,35688.06001798,53.55459228461165
2023-06-27,35662.96984059,53.55459228461165
2023-06-28,35661.86743699,53.55459228461165
2023-06-29,35670.29233702,53.55459228461165
2023-06-30,35741.15423149,53.55459228461165
2023-07-01,35891.75468545,53.55459228461165
2023-07-02,35876.65095713,53.55459228461165
2023-07-03,35876.83061349,53.55459228461165
2023-07-04,35897.11957468,53.55459228461165
2023-07-05,35968.82283187,53.55459228461165
2023-07-06,35975.7759215,53.55459228461165
2023-07-07,36000.73618016,53.55459228461165
2023-07-08,36001.94394304,53.55459228461165
2023-07-09,36042.57585789,53.55459228461165
2023-07-10,36068.33402547,53.55459228461165
2023-07-11,36111.61684206,53.55459228461165
2023-07-12,36183.87408201,53.55459228461165
2023-07-13,36157.68495409,53.55459228461165
2023-07-14,36129.69460708,53.55459228461165
2023-07-15,36123.89412521,53.55459228461165
2023-07-16,36147.04951118,53.55459228461165
2023-07-17,35791.47424734,53.55459228461165
2023-07-18,35770.38753097,53.55459228461165
2023-07-19,35765.52996737,53.55459228461165
2023-07-20,35820.82203378,53.55459228461165
2023-07-21,35812.71295569,53.55459228461165
2023-07-22,35850.43172937,53.55459228461165
2023-07-23,35861.69728666,53.55459228461165
2023-07-24,35919.82841793,53.55459228461165
2023-07-25,35894.86957759,53.55459228461165
2023-07-26,35964.74903982,53.55459228461165
2023-07-27,35940.73930115,53.55459228461165
2023-07-28,35955.74999978,53.55459228461165
2023-07-29,35951.1897369,53.55459228461165
2023-07-30,35935.28714162,53.55459228461165
2023-07-31,35929.59315204,53.55459228461165
2023-08-01,35897.8748861,53.55459228461165
2023-08-02,35914.34018013,53.55459228461165
2023-08-03,36225.99424789,53.55459228461165
2023-08-04,25359.70513326,53.55459228461165
2023-08-05,25392.50648112,53.55459228461165
2023-08-06,25396.75857455,53.55459228461165
2023-08-07,25428.53050013,53.55459228461165
2023-08-08,25426.24138419,53.55459228461165
2023-08-09,25446.92790351,53.55459228461165
2023-08-10,25427.15804273,53.55459228461165
2023-08-11,25432.69264647,53.55459228461165
2023-08-12,25415.2765297,53.55459228461165
2023-08-13,24896.83806264,53.55459228461165
2023-08-14,24864.45530349,53.55459228461165
2023-08-15,25101.53221069,53.55459228461165
2023-08-16,26389.24858637,53.55459228461165
2023-08-17,26315.02976909,53.55459228461165
2023-08-18,28073.39791856,53.55459228461165
2023-08-19,28034.52989076,53.55459228461165
2023-08-20,27563.35345522,53.55459228461165
2023-08-21,26953.73703182,53.55459228461165
2023-08-22,26801.57969262,53.55459228461165
2023-08-23,26921.79486445,53.55459228461165
2023-08-24,26905.40310172,53.55459228461165
2023-08-25,26820.04673227,53.55459228461165
2023-08-26,26839.90339973,53.55459228461165
2023-08-27,26828.59560896,53.55459228461165
2023-08-28,26795.33345766,53.55459228461165
2023-08-29,26711.18591028,53.55459228461165
2023-08-30,26651.68286348,53.55459228461165
2023-08-31,26590.65169852,53.55459228461165
2023-09-01,26587.25811579,53.55459228461165
2023-09-02,26556.29426173,53.55459228461165
2023-09-03,26497.90575332,53.55459228461165
2023-09-04,26493.24805306,53.55459228461165
2023-09-05,26515.77049489,53.55459228461165
2023-09-06,22850.86354428,53.55459228461165
2023-09-07,22584.83881845,53.55459228461165
2023-09-08,22577.85268667,53.55459228461165
2023-09-09,22565.52411421,53.55459228461165
2023-09-10,22517.65332459,53.55459228461165
2023-09-11,22506.47770748,53.55459228461165
2023-09-12,22502.21671591,53.55459228461165
2023-09-13,22491.12235821,53.55459228461165
2023-09-14,21970.96944865,53.55459228461165
2023-09-15,22014.13418752,53.55459228461165
2023-09-16,21985.80322378,53.55459228461165
2023-09-17,21991.53480809,53.55459228461165
2023-09-18,22022.94621939,53.55459228461165
2023-09-19,22018.82733898,53.55459228461165
2023-09-20,22124.69924645,53.55459228461165
2023-09-21,22007.06121456,53.55459228461165
2023-09-22,22080.03556,53.55459228461165
2023-09-23,22109.21531217,53.55459228461165
2023-09-24,22093.41243057,53.55459228461165
2023-09-25,22117.3902747,53.55459228461165
2023-09-26,24532.43504975,53.55459228461165
2023-09-27,25579.48508342,53.55459228461165
2023-09-28,26169.0594402,53.55459228461165
2023-09-29,25930.13008667,53.55459228461165
2023-09-30,24649.65759433,53.55459228461165
2023-10-01,23459.45943083,53.55459228461165
2023-10-02,22350.72898145,53.55459228461165
2023-10-03,22418.40445667,53.55459228461165
2023-10-04,22393.69616987,53.55459228461165
2023-10-05,22318.65006736,53.55459228461165
2023-10-06,22394.97451761,53.55459228461165
2023-10-07,22546.0259401,53.55459228461165
2023-10-08,22553.06438167,53.55459228461165
2023-10-09,22493.10398206,53.55459228461165
2023-10-10,22535.45264562,53.55459228461165
2023-10-11,22559.07244342,53.55459228461165
2023-10-12,22578.94358771,53.55459228461165
2023-10-13,22590.70828565,53.55459228461165
2023-10-14,22578.46808388,53.55459228461165
2023-10-15,22613.64558916,53.55459228461165
2023-10-16,22616.57098335,53.55459228461165
2023-10-17,22826.67568209,53.55459228461165
2023-10-18,22916.40979529,53.55459228461165
2023-10-19,22883.77090655,53.55459228461165
2023-10-20,22910.97260962,53.55459228461165
2023-10-21,22951.11963197,53.55459228461165
2023-10-22,23673.77827682,53.55459228461165
2023-10-23,23451.55279513,53.55459228461165
2023-10-24,23469.63455478,53.55459228461165
2023-10-25,23439.64064954,53.55459228461165
2023-10-26,23507.21731914,53.55459228461165
2023-10-27,23586.54956601,53.55459228461165
2023-10-28,23613.54968523,53.55459228461165
2023-10-29,23636.97268228,53.55459228461165
2023-10-30,23717.77884928,53.55459228461165
2023-10-31,23844.05494451,53.55459228461165
2023-11-01,23824.69511822,53.55459228461165
2023-11-02,23956.12388818,53.55459228461165
2023-11-03,24208.66481872,53.55459228461165
2023-11-04,24461.6034389,53.55459228461165
2023-11-05,24620.73230372,53.55459228461165
2023-11-06,24691.39555223,53.55459228461165
2023-11-07,24585.90128467,53.55459228461165
2023-11-08,24543.34886335,53.55459228461165
2023-11-09,24208.50916509,53.55459228461165
2023-11-10,24171.15506927,53.55459228461165
2023-11-11,24380.39198939,53.55459228461165
2023-11-12,24596.13944951,53.55459228461165
2023-11-13,24525.51027453,53.55459228461165
2023-11-14,24486.19331143,53.55459228461165
2023-11-15,24536.75782408,53.55459228461165
2023-11-16,24842.00045708,53.55459228461165
2023-11-17,24771.33172412,53.55459228461165
2023-11-18,24800.8925688,53.55459228461165
2023-11-19,24710.45667028,53.55459228461165
2023-11-20,24795.50590548,53.55459228461165
2023-11-21,24638.85439312,53.55459228461165
2023-11-22,24704.88416964,53.55459228461165
2023-11-23,24622.69723661,53.55459228461165
2023-11-24,24675.4505692,53.55459228461165
2023-11-25,24649.89474013,53.55459228461165
2023-11-26,24871.09665496,53.55459228461165
2023-11-27,24913.93688424,53.55459228461165
2023-11-28,25235.94982443,53.55459228461165
2023-11-29,25301.78094889,53.55459228461165
2023-11-30,25617.61848282,53.55459228461165
2023-12-01,25712.46464,53.55459228461165
2023-12-02,25653.22297655,53.55459228461165
2023-12-03,25935.95091909,53.55459228461165
2023-12-04,25728.64970116,53.55459228461165
2023-12-05,25818.343566,53.55459228461165
2023-12-06,26709.58151968,53.55459228461165
2023-12-07,26859.97880175,53.55459228461165
2023-12-08,26927.20912189,53.55459228461165
2023-12-09,27332.28450194,53.55459228461165
2023-12-10,27575.43766685,53.55459228461165
2023-12-11,27735.46835538,53.55459228461165
2023-12-12,27851.05592131,53.55459228461165
2023-12-13,28026.18152238,53.55459228461165
2023-12-14,28046.58561585,53.55459228461165
2023-12-15,28257.90759122,53.55459228461165
2023-12-16,28365.0216443,53.55459228461165
2023-12-17,28392.6459642,53.55459228461165
2023-12-18,28783.63320037,53.55459228461165
2023-12-19,28894.4760948,53.55459228461165
2023-12-20,29490.86411374,53.55459228461165
2023-12-21,29718.31018833,53.55459228461165
2023-12-22,29744.98432611,53.55459228461165
2023-12-23,29747.6057487,53.55459228461165
2023-12-24,29963.49986685,53.55459228461165
2023-12-25,30244.17983021,53.55459228461165
2023-12-26,30268.65536541,53.55459228461165
2023-12-27,30639.20969456,53.55459228461165
2023-12-28,31271.90324235,53.55459228461165
2023-12-29,33763.27115477,53.55459228461165
2023-12-30,33533.5592399,53.55459228461165
2023-12-31,33237.43515896,53.55459228461165
2024-01-01,33316.08350114,53.55459228461165
2024-01-02,33382.97717832,53.55459228461165
2024-01-03,33378.07464546,53.55459228461165
2024-01-04,33886.999751,53.55459228461165
2024-01-05,34339.62494513,53.55459228461165
2024-01-06,34188.76053945,53.55459228461165
2024-01-07,34471.25781961,53.55459228461165
2024-01-08,34112.07959827,53.55459228461165
2024-01-09,34467.30325959,53.55459228461165
2024-01-10,34363.75614919,53.55459228461165
2024-01-11,34179.05160673,53.55459228461165
2024-01-12,34626.13355322,53.55459228461165
2024-01-13,34199.87051538,53.55459228461165
2024-01-14,34286.48865347,53.55459228461165
2024-01-15,34484.29044527,53.55459228461165
2024-01-16,34184.4313911,53.55459228461165
2024-01-17,33884.58833413,53.55459228461165
2024-01-18,33820.30943313,53.55459228461165
2024-01-19,34174.07779606,53.55459228461165
2024-01-20,34379.56286561,53.55459228461165
2024-01-21,34450.26190741,53.55459228461165
2024-01-22,34786.35175708,53.55459228461165
2024-01-23,34533.40776723,53.55459228461165
2024-01-24,34612.51371282,53.55459228461165
2024-01-25,34691.01964902,53.55459228461165
2024-01-26,35129.65277286,53.55459228461165
2024-01-27,35574.61267638,53.55459228461165
2024-01-28,35570.14738014,53.55459228461165
2024-01-29,35788.36484443,53.55459228461165
2024-01-30,35929.0572842,53.55459228461165
2024-01-31,35771.31303253,53.55459228461165
2024-02-01,36502.23362051,53.55459228461165
2024-02-02,35135.20193169,53.55459228461165
2024-02-03,36122.72395167,53.55459228461165
2024-02-04,36896.34966724,53.55459228461165
2024-02-05,37121.05158062,53.55459228461165
2024-02-06,36295.0504757,53.55459228461165
2024-02-07,36703.46687972,53.55459228461165
2024-02-08,37229.1704139,53.55459228461165
2024-02-09,35539.69081679,53.55459228461165
2024-02-10,37016.72427373,53.55459228461165
2024-02-11,37000.27210553,53.55459228461165
2024-02-12,37110.68467545,53.55459228461165
2024-02-13,37353.02539538,53.55459228461165
2024-02-14,37675.39669026,53.55459228461165
2024-02-15,38191.69616487,53.55459228461165
2024-02-16,38198.27476059,53.55459228461165
2024-02-17,38359.37518217,53.55459228461165
2024-02-18,38447.12391402,53.55459228461165
2024-02-19,38859.12836717,53.55459228461165
2024-02-20,38975.40269659,53.55459228461165
2024-02-21,39131.91827872,53.55459228461165
2024-02-22,38401.08562799,53.55459228461165
2024-02-23,38943.48092731,53.55459228461165
2024-02-24,39084.6032555,53.55459228461165
2024-02-25,39211.16085321,53.55459228461165
2024-02-26,39181.45645847,53.55459228461165
2024-02-27,39003.85617554,53.55459228461165
2024-02-28,39176.54839485,53.55459228461165
2024-02-29,39355.94193891,53.55459228461165
2024-03-01,39399.64520045,53.55459228461165
2024-03-02,39601.55344625,53.55459228461165
2024-03-03,39461.08974398,53.55459228461165
2024-03-04,40696.07609243,53.55459228461165
2024-03-05,40442.79779162,53.55459228461165
2024-03-06,39958.34334905,53.55459228461165
2024-03-07,40349.75311463,53.55459228461165
2024-03-08,40480.1048306,53.55459228461165
2024-03-09,40830.40496829,53.55459228461165
2024-03-10,41379.3005849,53.55459228461165
2024-03-11,41519.0223092,53.55459228461165
2024-03-12,42245.35721067,53.55459228461165
2024-03-13,42814.44044475,53.55459228461165
2024-03-14,43218.15619677,53.55459228461165
2024-03-15,44172.77594005,53.55459228461165
2024-03-16,44508.81868723,53.55459228461165
2024-03-17,45415.85506593,53.55459228461165
2024-03-18,46032.97784709,53.55459228461165
2024-03-19,46506.08361885,53.55459228461165
2024-03-20,46783.21336543,53.55459228461165
2024-03-21,47333.04294545,53.55459228461165
2024-03-22,47182.68953632,53.55459228461165
2024-03-23,47091.18587106,53.55459228461165
2024-03-24,47228.59865008,53.55459228461165
2024-03-25,47454.97530454,53.55459228461165
2024-03-26,48244.97147931,53.55459228461165
2024-03-27,48483.74699484,53.55459228461165
2024-03-28,48794.43220721,53.55459228461165
2024-03-29,49127.50955718,53.55459228461165
2024-03-30,49451.01437764,53.55459228461165
2024-03-31,49600.41058076,53.55459228461165
2024-04-01,49407.64726818,53.55459228461165
2024-04-02,49638.29491174,53.55459228461165
2024-04-03,49310.65867605,53.55459228461165
2024-04-04,49265.13143287,53.55459228461165
2024-04-05,49403.49083137,53.55459228461165
2024-04-06,48272.31861212,53.55459228461165
2024-04-07,48363.34974052,53.55459228461165
2024-04-08,48213.70930498,53.55459228461165
2024-04-09,47877.59093382,53.55459228461165
2024-04-10,49053.50309442,53.55459228461165
2024-04-11,48973.9442029,53.55459228461165
2024-04-12,48419.7433423,53.55459228461165
2024-04-13,48082.36858785,53.55459228461165
2024-04-14,48248.88970981,53.55459228461165
2024-04-15,47900.14680902,53.55459228461165
2024-04-16,47507.15455972,53.55459228461165
2024-04-17,47379.20726844,53.55459228461165
2024-04-18,47344.27680585,53.55459228461165
2024-04-19,47519.61133421,53.55459228461165
2024-04-20,47669.38855926,53.55459228461165
2024-04-21,47673.77210554,53.55459228461165
2024-04-22,47689.6892104,53.55459228461165
2024-04-23,48106.47440433,53.55459228461165
2024-04-24,48264.43374539,53.55459228461165
2024-04-25,47865.62195264,53.55459228461165
2024-04-26,47043.12756407,53.55459228461165
2024-04-27,47084.81449488,53.55459228461165
2024-04-28,46874.78715181,53.55459228461165
2024-04-29,47181.49867888,53.55459228461165
2024-04-30,47177.08674752,53.55459228461165
2024-05-01,47284.6471279,53.55459228461165
2024-05-02,47307.39088688,53.55459228461165
2024-05-03,47486.87744832,53.55459228461165
2024-05-04,47533.26617896,53.55459228461165
2024-05-05,47843.01280471,53.55459228461165
2024-05-06,47960.93265349,53.55459228461165
2024-05-07,48541.54190972,53.55459228461165
2024-05-08,48763.76065508,53.55459228461165
2024-05-09,49031.90941803,53.55459228461165
2024-05-10,49528.46268419,53.55459228461165
2024-05-11,49627.91705423,53.55459228461165
2024-05-12,49336.86662171,53.55459228461165
2024-05-13,49656.94407755,53.55459228461165
2024-05-14,49397.90439649,53.55459228461165
2024-05-15,49582.99725332,53.55459228461165
2024-05-16,49656.72403457,53.55459228461165
2024-05-17,50385.19856142,53.55459228461165
2024-05-18,50314.6913708,53.55459228461165
2024-05-19,50767.59959767,53.55459228461165
2024-05-20,50948.70747663,53.55459228461165
2024-05-21,49752.67237775,53.55459228461165
2024-05-22,49710.28139069,53.55459228461165
2024-05-23,49500.18409332,53.55459228461165
2024-05-24,49400.18821799,53.55459228461165
2024-05-25,49236.291607,53.55459228461165
2024-05-26,49202.99827535,53.55459228461165
2024-05-27,49315.8219336,53.55459228461165
2024-05-28,49909.46898349,53.55459228461165
2024-05-29,50206.77876011,53.55459228461165
2024-05-30,50295.74073527,53.55459228461165
2024-05-31,49687.69237217,53.55459228461165
2024-06-01,49486.71260535,53.55459228461165
2024-06-02,49649.74949719,53.55459228461165
2024-06-03,49833.74553368,53.55459228461165
2024-06-04,49548.08869813,53.55459228461165
2024-06-05,49709.68849185,53.55459228461165
2024-06-06,49551.97976586,53.55459228461165
2024-06-07,49385.62121527,53.55459228461165
2024-06-08,49468.12466485,53.55459228461165
2024-06-09,49860.98983082,53.55459228461165
2024-06-10,49712.15155205,53.55459228461165
2024-06-11,50002.47367317,53.55459228461165
2024-06-12,50060.10061865,53.55459228461165
2024-06-13,50127.01183132,53.55459228461165
2024-06-14,50182.94357171,53.55459228461165
2024-06-15,50373.41429226,53.55459228461165
2024-06-16,50301.119759,53.55459228461165
2024-06-17,50376.60814712,53.55459228461165
2024-06-18,49584.23190138,53.55459228461165
2024-06-19,49643.54028099,53.55459228461165
2024-06-20,49088.36843508,53.55459228461165
2024-06-21,49878.54390639,53.55459228461165
2024-06-22,48911.67198344,53.55459228461165
2024-06-23,48985.11524195,53.55459228461165
2024-06-24,48959.67963977,53.55459228461165
2024-06-25,48787.60263684,53.55459228461165
2024-06-26,48899.99665852,53.55459228461165
2024-06-27,51675.19858416,53.55459228461165
2024-06-28,51577.4700379,53.55459228461165
2024-06-29,51587.74645958,53.55459228461165
2024-06-30,51786.69356305,53.55459228461165
2024-07-01,51719.84335844,53.55459228461165
2024-07-02,51527.84994719,53.55459228461165
2024-07-03,51590.24430975,53.55459228461165
2024-07-04,52087.31990953,53.55459228461165
2024-07-05,52571.34230615,53.55459228461165
2024-07-06,55075.53214897,53.55459228461165
2024-07-07,54946.3214136,53.55459228461165
2024-07-08,54521.86678293,53.55459228461165
2024-07-09,54482.00740408,53.55459228461165
2024-07-10,54883.57420327,53.55459228461165
2024-07-11,54629.75200291,53.55459228461165
2024-07-12,54202.98416049,53.55459228461165
2024-07-13,54007.84530469,53.55459228461165
2024-07-14,54036.88128325,53.55459228461165
2024-07-15,54041.82006603,53.55459228461165
2024-07-16,53853.998094,53.55459228461165
2024-07-17,53702.21042507,53.55459228461165
2024-07-18,53590.5107439,53.55459228461165
2024-07-19,53581.29769928,53.55459228461165
2024-07-20,53554.32383093,53.55459228461165
2024-07-21,53524.23601581,53.55459228461165
2024-07-22,53703.64507291,53.55459228461165
2024-07-23,53846.12190261,53.55459228461165
2024-07-24,53904.4076507,53.55459228461165
2024-07-25,53890.51772526,53.55459228461165
2024-07-26,54350.04536563,53.55459228461165
2024-07-27,54614.0712393,53.55459228461165
2024-07-28,54468.89265028,53.55459228461165
2024-07-29,54685.04002169,53.55459228461165
2024-07-30,55069.84991321,53.55459228461165
2024-07-31,55380.76795241,53.55459228461165
2024-08-01,55736.14579479,53.55459228461165
2024-08-02,56079.93482546,53.55459228461165
2024-08-03,56360.06075037,53.55459228461165
2024-08-04,56930.7438888,53.55459228461165
2024-08-05,57458.24521191,53.55459228461165
2024-08-06,58617.35028393,53.55459228461165
2024-08-07,58829.42292156,53.55459228461165
2024-08-08,60247.90467565,53.55459228461165
2024-08-09,61184.10657921,53.55459228461165
2024-08-10,63750.83143576,53.55459228461165
2024-08-11,64086.04843127,53.55459228461165
2024-08-12,64342.83189747,53.55459228461165
2024-08-13,64834.66703926,53.55459228461165
2024-08-14,65263.60917174,53.55459228461165
2024-08-15,65535.17092562,53.55459228461165
2024-08-16,65509.19604786,53.55459228461165
2024-08-17,65933.42083519,53.55459228461165
2024-08-18,66085.69054158,53.55459228461165
2024-08-19,66166.06250161,53.55459228461165
2024-08-20,66179.58371827,53.55459228461165
2024-08-21,66550.7054521,53.55459228461165
2024-08-22,64565.47843451,53.55459228461165
2024-08-23,64621.63429336,53.55459228461165
2024-08-24,64924.98296507,53.55459228461165
2024-08-25,64802.42724701,53.55459228461165
2024-08-26,64658.55830544,53.55459228461165
2024-08-27,66693.46170872,53.55459228461165
2024-08-28,67349.27461889,53.55459228461165
2024-08-29,67452.41518143,53.55459228461165
2024-08-30,67392.61968901,53.55459228461165
2024-08-31,66686.94938681,53.55459228461165
2024-09-01,66667.26330906,53.55459228461165
2024-09-02,66632.65418772,53.55459228461165
2024-09-03,65756.30879942,53.55459228461165
2024-09-04,66247.24165843,53.55459228461165
2024-09-05,66192.34934926,53.55459228461165
2024-09-06,66784.79922549,53.55459228461165
2024-09-07,66041.08869192,53.55459228461165
2024-09-08,66095.26161614,53.55459228461165
2024-09-09,66831.39504949,53.55459228461165
2024-09-10,67020.65176356,53.55459228461165
2024-09-11,67206.70805513,53.55459228461165
2024-09-12,67324.61627243,53.55459228461165
2024-09-13,67332.30383683,53.55459228461165
2024-09-14,67066.59839787,53.55459228461165
2024-09-15,67045.40631833,53.55459228461165
2024-09-16,67112.30318032,53.55459228461165
2024-09-17,67297.80992045,53.55459228461165
2024-09-18,67506.24570506,53.55459228461165
2024-09-19,67568.90793257,53.55459228461165
2024-09-20,68329.43108167,53.55459228461165
2024-09-21,69027.47131702,53.55459228461165
2024-09-22,69167.53218867,53.55459228461165
2024-09-23,69728.58979647,53.55459228461165
2024-09-24,70131.45824027,53.55459228461165
2024-09-25,70056.27377187,53.55459228461165
2024-09-26,69878.49047869,53.55459228461165
2024-09-27,68724.21544451,53.55459228461165
2024-09-28,68909.44669482,53.55459228461165
2024-09-29,69032.9212742,53.55459228461165
2024-09-30,69190.93252439,53.55459228461165
2024-10-01,68858.73496814,53.55459228461165
2024-10-02,69409.9172415,53.55459228461165
2024-10-03,70149.19446178,53.55459228461165
2024-10-04,70321.88381051,53.55459228461165
2024-10-05,70862.63791889,53.55459228461165
2024-10-06,71269.63722508,53.55459228461165
2024-10-07,71524.67505813,53.55459228461165
2024-10-08,71365.10652133,53.55459228461165
2024-10-09,71438.60102161,53.55459228461165
2024-10-10,71090.03369131,53.55459228461165
2024-10-11,71341.4153497,53.55459228461165
2024-10-12,71388.55099096,53.55459228461165
2024-10-13,71497.1514537,53.55459228461165
2024-10-14,71533.4179244,53.55459228461165
2024-10-15,71509.32484291,53.55459228461165
2024-10-16,71577.73804855,53.55459228461165
2024-10-17,71712.02739824,53.55459228461165
2024-10-18,71416.81854833,53.55459228461165
2024-10-19,71136.47728937,53.55459228461165
2024-10-20,71092.88706161,53.55459228461165
2024-10-21,71294.54091005,53.55459228461165
2024-10-22,71110.26074861,53.55459228461165
2024-10-23,70160.09847293,53.55459228461165
2024-10-24,70770.21915905,53.55459228461165
2024-10-25,72661.09285307,53.55459228461165
2024-10-26,72203.45370428,53.55459228461165
2024-10-27,71184.14899034,53.55459228461165
2024-10-28,71365.4873555,53.55459228461165
