date,0xc186fA914353c44b2E33eBE05f21846F1048bEda,0x5c7BCd6E7De5423a257D81B442095A1a6ced35C5,0x4D9079Bb4165aeb4084c526a32695dCfd2F77381
2020-01-01,,,
2020-01-02,,,
2020-01-03,,,
2020-01-04,,,
2020-01-05,,,
2020-01-06,,,
2020-01-07,,,
2020-01-08,,,
2020-01-09,,,
2020-01-10,,,
2020-01-11,,,
2020-01-12,,,
2020-01-13,,,
2020-01-14,,,
2020-01-15,,,
2020-01-16,,,
2020-01-17,,,
2020-01-18,,,
2020-01-19,,,
2020-01-20,,,
2020-01-21,,,
2020-01-22,,,
2020-01-23,,,
2020-01-24,,,
2020-01-25,,,
2020-01-26,,,
2020-01-27,,,
2020-01-28,,,
2020-01-29,,,
2020-01-30,,,
2020-01-31,,,
2020-02-01,,,
2020-02-02,,,
2020-02-03,,,
2020-02-04,,,
2020-02-05,,,
2020-02-06,,,
2020-02-07,,,
2020-02-08,,,
2020-02-09,,,
2020-02-10,,,
2020-02-11,,,
2020-02-12,,,
2020-02-13,,,
2020-02-14,,,
2020-02-15,,,
2020-02-16,,,
2020-02-17,,,
2020-02-18,,,
2020-02-19,,,
2020-02-20,,,
2020-02-21,,,
2020-02-22,,,
2020-02-23,,,
2020-02-24,,,
2020-02-25,,,
2020-02-26,,,
2020-02-27,,,
2020-02-28,,,
2020-02-29,,,
2020-03-01,,,
2020-03-02,,,
2020-03-03,,,
2020-03-04,,,
2020-03-05,,,
2020-03-06,,,
2020-03-07,,,
2020-03-08,,,
2020-03-09,,,
2020-03-10,,,
2020-03-11,,,
2020-03-12,,,
2020-03-13,,,
2020-03-14,,,
2020-03-15,,,
2020-03-16,,,
2020-03-17,,,
2020-03-18,,,
2020-03-19,,,
2020-03-20,,,
2020-03-21,,,
2020-03-22,,,
2020-03-23,,,
2020-03-24,,,
2020-03-25,,,
2020-03-26,,,
2020-03-27,,,
2020-03-28,,,
2020-03-29,,,
2020-03-30,,,
2020-03-31,,,
2020-04-01,,,
2020-04-02,,,
2020-04-03,,,
2020-04-04,,,
2020-04-05,,,
2020-04-06,,,
2020-04-07,,,
2020-04-08,,,
2020-04-09,,,
2020-04-10,,,
2020-04-11,,,
2020-04-12,,,
2020-04-13,,,
2020-04-14,,,
2020-04-15,,,
2020-04-16,,,
2020-04-17,,,
2020-04-18,,,
2020-04-19,,,
2020-04-20,,,
2020-04-21,,,
2020-04-22,,,
2020-04-23,,,
2020-04-24,,,
2020-04-25,,,
2020-04-26,,,
2020-04-27,,,
2020-04-28,,,
2020-04-29,,,
2020-04-30,,,
2020-05-01,,,
2020-05-02,,,
2020-05-03,,,
2020-05-04,,,
2020-05-05,,,
2020-05-06,,,
2020-05-07,,,
2020-05-08,,,
2020-05-09,,,
2020-05-10,,,
2020-05-11,,,
2020-05-12,,,
2020-05-13,,,
2020-05-14,,,
2020-05-15,,,
2020-05-16,,,
2020-05-17,,,
2020-05-18,,,
2020-05-19,,,
2020-05-20,,,
2020-05-21,,,
2020-05-22,,,
2020-05-23,,,
2020-05-24,,,
2020-05-25,,,
2020-05-26,,,
2020-05-27,,,
2020-05-28,,,
2020-05-29,,,
2020-05-30,,,
2020-05-31,,,
2020-06-01,,,
2020-06-02,,,
2020-06-03,,,
2020-06-04,,,
2020-06-05,,,
2020-06-06,,,
2020-06-07,,,
2020-06-08,,,
2020-06-09,,,
2020-06-10,,,
2020-06-11,,,
2020-06-12,,,
2020-06-13,,,
2020-06-14,,,
2020-06-15,,,
2020-06-16,,,
2020-06-17,,,
2020-06-18,,,
2020-06-19,,,
2020-06-20,,,
2020-06-21,,,
2020-06-22,,,
2020-06-23,,,
2020-06-24,,,
2020-06-25,,,
2020-06-26,,,
2020-06-27,,,
2020-06-28,,,
2020-06-29,,,
2020-06-30,,,
2020-07-01,,,
2020-07-02,,,
2020-07-03,,,
2020-07-04,,,
2020-07-05,,,
2020-07-06,,,
2020-07-07,,,
2020-07-08,,,
2020-07-09,,,
2020-07-10,,,
2020-07-11,,,
2020-07-12,,,
2020-07-13,,,
2020-07-14,,,
2020-07-15,,,
2020-07-16,,,
2020-07-17,,,
2020-07-18,,,
2020-07-19,,,
2020-07-20,,,
2020-07-21,,,
2020-07-22,,,
2020-07-23,,,
2020-07-24,,,
2020-07-25,,,
2020-07-26,,,
2020-07-27,,,
2020-07-28,,,
2020-07-29,,,
2020-07-30,,,
2020-07-31,,,
2020-08-01,,,
2020-08-02,,,
2020-08-03,,,
2020-08-04,,,
2020-08-05,,,
2020-08-06,,,
2020-08-07,,,
2020-08-08,,,
2020-08-09,,,
2020-08-10,,,
2020-08-11,,,
2020-08-12,,,
2020-08-13,,,
2020-08-14,,,
2020-08-15,,,
2020-08-16,,,
2020-08-17,,,
2020-08-18,,,
2020-08-19,,,
2020-08-20,,,
2020-08-21,,,
2020-08-22,,,
2020-08-23,,,
2020-08-24,,,
2020-08-25,,,
2020-08-26,,,
2020-08-27,,,
2020-08-28,,,
2020-08-29,,,
2020-08-30,,,
2020-08-31,,,
2020-09-01,,,
2020-09-02,,,
2020-09-03,,,
2020-09-04,,,
2020-09-05,,,
2020-09-06,,,
2020-09-07,,,
2020-09-08,,,
2020-09-09,,,
2020-09-10,,,
2020-09-11,,,
2020-09-12,,,
2020-09-13,,,
2020-09-14,,,
2020-09-15,,,
2020-09-16,,,
2020-09-17,,,
2020-09-18,,,
2020-09-19,,,
2020-09-20,,,
2020-09-21,,,
2020-09-22,,,
2020-09-23,,,
2020-09-24,,,
2020-09-25,,,
2020-09-26,,,
2020-09-27,,,
2020-09-28,,,
2020-09-29,,,
2020-09-30,,,
2020-10-01,,,
2020-10-02,,,
2020-10-03,,,
2020-10-04,,,
2020-10-05,,,
2020-10-06,,,
2020-10-07,,,
2020-10-08,,,
2020-10-09,,,
2020-10-10,,,
2020-10-11,,,
2020-10-12,,,
2020-10-13,,,
2020-10-14,,,
2020-10-15,,,
2020-10-16,,,
2020-10-17,,,
2020-10-18,,,
2020-10-19,,,
2020-10-20,,,
2020-10-21,,,
2020-10-22,,,
2020-10-23,,,
2020-10-24,,,
2020-10-25,,,
2020-10-26,,,
2020-10-27,,,
2020-10-28,,,
2020-10-29,,,
2020-10-30,,,
2020-10-31,,,
2020-11-01,,,
2020-11-02,,,
2020-11-03,,,
2020-11-04,,,
2020-11-05,,,
2020-11-06,,,
2020-11-07,,,
2020-11-08,,,
2020-11-09,,,
2020-11-10,,,
2020-11-11,,,
2020-11-12,,,
2020-11-13,,,
2020-11-14,,,
2020-11-15,,,
2020-11-16,,,
2020-11-17,,,
2020-11-18,,,
2020-11-19,,,
2020-11-20,,,
2020-11-21,,,
2020-11-22,,,
2020-11-23,,,
2020-11-24,,,
2020-11-25,,,
2020-11-26,,,
2020-11-27,,,
2020-11-28,,,
2020-11-29,,,
2020-11-30,,,
2020-12-01,,,
2020-12-02,,,
2020-12-03,,,
2020-12-04,,,
2020-12-05,,,
2020-12-06,,,
2020-12-07,,,
2020-12-08,,,
2020-12-09,,,
2020-12-10,,,
2020-12-11,,,
2020-12-12,,,
2020-12-13,,,
2020-12-14,,,
2020-12-15,,,
2020-12-16,,,
2020-12-17,,,
2020-12-18,,,
2020-12-19,,,
2020-12-20,,,
2020-12-21,,,
2020-12-22,,,
2020-12-23,,,
2020-12-24,,,
2020-12-25,,,
2020-12-26,,,
2020-12-27,,,
2020-12-28,,,
2020-12-29,,,
2020-12-30,,,
2020-12-31,,,
2021-01-01,,,
2021-01-02,,,
2021-01-03,,,
2021-01-04,,,
2021-01-05,,,
2021-01-06,,,
2021-01-07,,,
2021-01-08,,,
2021-01-09,,,
2021-01-10,,,
2021-01-11,,,
2021-01-12,,,
2021-01-13,,,
2021-01-14,,,
2021-01-15,,,
2021-01-16,,,
2021-01-17,,,
2021-01-18,,,
2021-01-19,,,
2021-01-20,,,
2021-01-21,,,
2021-01-22,,,
2021-01-23,,,
2021-01-24,,,
2021-01-25,,,
2021-01-26,,,
2021-01-27,,,
2021-01-28,,,
2021-01-29,,,
2021-01-30,,,
2021-01-31,,,
2021-02-01,,,
2021-02-02,,,
2021-02-03,,,
2021-02-04,,,
2021-02-05,,,
2021-02-06,,,
2021-02-07,,,
2021-02-08,,,
2021-02-09,,,
2021-02-10,,,
2021-02-11,,,
2021-02-12,,,
2021-02-13,,,
2021-02-14,,,
2021-02-15,,,
2021-02-16,,,
2021-02-17,,,
2021-02-18,,,
2021-02-19,,,
2021-02-20,,,
2021-02-21,,,
2021-02-22,,,
2021-02-23,,,
2021-02-24,,,
2021-02-25,,,
2021-02-26,,,
2021-02-27,,,
2021-02-28,,,
2021-03-01,,,
2021-03-02,,,
2021-03-03,,,
2021-03-04,,,
2021-03-05,,,
2021-03-06,,,
2021-03-07,,,
2021-03-08,,,
2021-03-09,,,
2021-03-10,,,
2021-03-11,,,
2021-03-12,,,
2021-03-13,,,
2021-03-14,,,
2021-03-15,,,
2021-03-16,,,
2021-03-17,,,
2021-03-18,,,
2021-03-19,,,
2021-03-20,,,
2021-03-21,,,
2021-03-22,,,
2021-03-23,,,
2021-03-24,,,
2021-03-25,,,
2021-03-26,,,
2021-03-27,,,
2021-03-28,,,
2021-03-29,,,
2021-03-30,,,
2021-03-31,,,
2021-04-01,,,
2021-04-02,,,
2021-04-03,,,
2021-04-04,,,
2021-04-05,,,
2021-04-06,,,
2021-04-07,,,
2021-04-08,,,
2021-04-09,,,
2021-04-10,,,
2021-04-11,,,
2021-04-12,,,
2021-04-13,,,
2021-04-14,,,
2021-04-15,,,
2021-04-16,,,
2021-04-17,,,
2021-04-18,,,
2021-04-19,,,
2021-04-20,,,
2021-04-21,,,
2021-04-22,,,
2021-04-23,,,
2021-04-24,,,
2021-04-25,,,
2021-04-26,,,
2021-04-27,,,
2021-04-28,,,
2021-04-29,,,
2021-04-30,,,
2021-05-01,,,
2021-05-02,,,
2021-05-03,,,
2021-05-04,,,
2021-05-05,,,
2021-05-06,,,
2021-05-07,,,
2021-05-08,,,
2021-05-09,,,
2021-05-10,,,
2021-05-11,,,
2021-05-12,,,
2021-05-13,,,
2021-05-14,,,
2021-05-15,,,
2021-05-16,,,
2021-05-17,,,
2021-05-18,,,
2021-05-19,,,
2021-05-20,,,
2021-05-21,,,
2021-05-22,,,
2021-05-23,,,
2021-05-24,,,
2021-05-25,,,
2021-05-26,,,
2021-05-27,,,
2021-05-28,,,
2021-05-29,,,
2021-05-30,,,
2021-05-31,,,
2021-06-01,,,
2021-06-02,,,
2021-06-03,,,
2021-06-04,,,
2021-06-05,,,
2021-06-06,,,
2021-06-07,,,
2021-06-08,,,
2021-06-09,,,
2021-06-10,,,
2021-06-11,,,
2021-06-12,,,
2021-06-13,,,
2021-06-14,,,
2021-06-15,,,
2021-06-16,,,
2021-06-17,,,
2021-06-18,,,
2021-06-19,,,
2021-06-20,,,
2021-06-21,,,
2021-06-22,,,
2021-06-23,,,
2021-06-24,,,
2021-06-25,,,
2021-06-26,,,
2021-06-27,,,
2021-06-28,,,
2021-06-29,,,
2021-06-30,,,
2021-07-01,,,
2021-07-02,,,
2021-07-03,,,
2021-07-04,,,
2021-07-05,,,
2021-07-06,,,
2021-07-07,,,
2021-07-08,,,
2021-07-09,,,
2021-07-10,,,
2021-07-11,,,
2021-07-12,,,
2021-07-13,,,
2021-07-14,,,
2021-07-15,,,
2021-07-16,,,
2021-07-17,,,
2021-07-18,,,
2021-07-19,,,
2021-07-20,,,
2021-07-21,,,
2021-07-22,,,
2021-07-23,,,
2021-07-24,,,
2021-07-25,,,
2021-07-26,,,
2021-07-27,,,
2021-07-28,,,
2021-07-29,,,
2021-07-30,,,
2021-07-31,,,
2021-08-01,,,
2021-08-02,,,
2021-08-03,,,
2021-08-04,,,
2021-08-05,,,
2021-08-06,,,
2021-08-07,,,
2021-08-08,,,
2021-08-09,,,
2021-08-10,,,
2021-08-11,,,
2021-08-12,,,
2021-08-13,,,
2021-08-14,,,
2021-08-15,,,
2021-08-16,,,
2021-08-17,,,
2021-08-18,,,
2021-08-19,,,
2021-08-20,,,
2021-08-21,,,
2021-08-22,,,
2021-08-23,,,
2021-08-24,,,
2021-08-25,,,
2021-08-26,,,
2021-08-27,,,
2021-08-28,,,
2021-08-29,,,
2021-08-30,,,
2021-08-31,,,
2021-09-01,,,
2021-09-02,,,
2021-09-03,,,
2021-09-04,,,
2021-09-05,,,
2021-09-06,,,
2021-09-07,,,
2021-09-08,,,
2021-09-09,,,
2021-09-10,,,
2021-09-11,,,
2021-09-12,,,
2021-09-13,,,
2021-09-14,,,
2021-09-15,,,
2021-09-16,,,
2021-09-17,,,
2021-09-18,,,
2021-09-19,,,
2021-09-20,,,
2021-09-21,,,
2021-09-22,,,
2021-09-23,,,
2021-09-24,,,
2021-09-25,,,
2021-09-26,,,
2021-09-27,,,
2021-09-28,,,
2021-09-29,,,
2021-09-30,,,
2021-10-01,,,
2021-10-02,,,
2021-10-03,,,
2021-10-04,,,
2021-10-05,,,
2021-10-06,,,
2021-10-07,,,
2021-10-08,,,
2021-10-09,,,
2021-10-10,,,
2021-10-11,,,
2021-10-12,,,
2021-10-13,,,
2021-10-14,,,
2021-10-15,,,
2021-10-16,,,
2021-10-17,,,
2021-10-18,,,
2021-10-19,,,
2021-10-20,,,
2021-10-21,,,
2021-10-22,,,
2021-10-23,,,
2021-10-24,,,
2021-10-25,,,
2021-10-26,,,
2021-10-27,,,
2021-10-28,,,
2021-10-29,,,
2021-10-30,,,
2021-10-31,,,
2021-11-01,,,
2021-11-02,,,
2021-11-03,,,
2021-11-04,,,
2021-11-05,,,
2021-11-06,,,
2021-11-07,,,
2021-11-08,,,
2021-11-09,,,
2021-11-10,,,
2021-11-11,,,
2021-11-12,,,
2021-11-13,,,
2021-11-14,,,
2021-11-15,,,
2021-11-16,,,
2021-11-17,,,
2021-11-18,,,
2021-11-19,,,
2021-11-20,,,
2021-11-21,,,
2021-11-22,,,
2021-11-23,,,
2021-11-24,,,
2021-11-25,,,
2021-11-26,,,
2021-11-27,,,
2021-11-28,,,
2021-11-29,,,
2021-11-30,,,
2021-12-01,,,
2021-12-02,,,
2021-12-03,,,
2021-12-04,,,
2021-12-05,,,
2021-12-06,,,
2021-12-07,,,
2021-12-08,,,
2021-12-09,,,
2021-12-10,,,
2021-12-11,,,
2021-12-12,,,
2021-12-13,,,
2021-12-14,,,
2021-12-15,,,
2021-12-16,,,
2021-12-17,,,
2021-12-18,,,
2021-12-19,,,
2021-12-20,,,
2021-12-21,,,
2021-12-22,,,
2021-12-23,,,
2021-12-24,,,
2021-12-25,,,
2021-12-26,,,
2021-12-27,,,
2021-12-28,,,
2021-12-29,,,
2021-12-30,,,
2021-12-31,,,
2022-01-01,,,
2022-01-02,,,
2022-01-03,,,
2022-01-04,,,
2022-01-05,,,
2022-01-06,,,
2022-01-07,,,
2022-01-08,,,
2022-01-09,,,
2022-01-10,,,
2022-01-11,,,
2022-01-12,,,
2022-01-13,,,
2022-01-14,,,
2022-01-15,,,
2022-01-16,,,
2022-01-17,,,
2022-01-18,,,
2022-01-19,,,
2022-01-20,,,
2022-01-21,,,
2022-01-22,,,
2022-01-23,,,
2022-01-24,,,
2022-01-25,,,
2022-01-26,,,
2022-01-27,,,
2022-01-28,,,
2022-01-29,,,
2022-01-30,,,
2022-01-31,,,
2022-02-01,,,
2022-02-02,,,
2022-02-03,,,
2022-02-04,,,
2022-02-05,,,
2022-02-06,,,
2022-02-07,,,
2022-02-08,,,
2022-02-09,,,
2022-02-10,,,
2022-02-11,,,
2022-02-12,,,
2022-02-13,,,
2022-02-14,,,
2022-02-15,,,
2022-02-16,,,
2022-02-17,,,
2022-02-18,,,
2022-02-19,,,
2022-02-20,,,
2022-02-21,,,
2022-02-22,,,
2022-02-23,,,
2022-02-24,,,
2022-02-25,,,
2022-02-26,,,
2022-02-27,,,
2022-02-28,,,
2022-03-01,,,
2022-03-02,,,
2022-03-03,,,
2022-03-04,,,
2022-03-05,,,
2022-03-06,,,
2022-03-07,,,
2022-03-08,,,
2022-03-09,,,
2022-03-10,,,
2022-03-11,,,0.0
2022-03-12,,,0.0
2022-03-13,,,0.0
2022-03-14,,,0.0
2022-03-15,,,0.0
2022-03-16,,,0.0
2022-03-17,,,0.0
2022-03-18,,,0.0
2022-03-19,,,0.0
2022-03-20,,,0.0
2022-03-21,,,0.0
2022-03-22,,,0.0
2022-03-23,,,0.0
2022-03-24,,,0.0
2022-03-25,,,0.0
2022-03-26,,,0.0
2022-03-27,,,0.0
2022-03-28,,,0.0
2022-03-29,,,0.0
2022-03-30,,,0.0
2022-03-31,,,0.0
2022-04-01,,,0.0
2022-04-02,,,0.0
2022-04-03,,,0.0
2022-04-04,,,0.0
2022-04-05,,,0.0
2022-04-06,,,0.0
2022-04-07,,,0.0
2022-04-08,,,0.0
2022-04-09,,,0.0
2022-04-10,,,0.0
2022-04-11,,,0.0
2022-04-12,,,0.0
2022-04-13,,,0.0
2022-04-14,,,0.0
2022-04-15,,,0.0
2022-04-16,,,0.0
2022-04-17,,,0.0
2022-04-18,,,0.0
2022-04-19,,,0.0
2022-04-20,,,0.0
2022-04-21,,,0.0
2022-04-22,,,0.0
2022-04-23,,,0.0
2022-04-24,,,0.0
2022-04-25,,,0.0
2022-04-26,,,0.0
2022-04-27,,,0.0
2022-04-28,,,0.0
2022-04-29,,,0.0
2022-04-30,,,0.0
2022-05-01,,,0.0
2022-05-02,,,0.0
2022-05-03,,,0.0
2022-05-04,,,0.0
2022-05-05,,,0.0
2022-05-06,,,0.0
2022-05-07,,,0.0
2022-05-08,,,0.0
2022-05-09,,,0.0
2022-05-10,,,0.0
2022-05-11,,,0.0
2022-05-12,,,0.0
2022-05-13,,,0.0
2022-05-14,,,0.0
2022-05-15,,,0.0
2022-05-16,,,0.0
2022-05-17,,,0.0
2022-05-18,,,0.0
2022-05-19,,,0.0
2022-05-20,,,0.0
2022-05-21,,,0.0
2022-05-22,,,0.0
2022-05-23,0.0,,0.0
2022-05-24,4131.247231612077,,0.0
2022-05-25,4870.105171662416,,47.26560403985716
2022-05-26,5927.036420913178,,4.917665359472113
2022-05-27,6469.157315858994,,0.41288161827162606
2022-05-28,6503.1035778037085,,15.396566809954377
2022-05-29,6267.6592378529185,,8.103051371326654
2022-05-30,6243.62132984286,,34.883718558382135
2022-05-31,5912.8068244453525,,10.44737229574587
2022-06-01,5029.257086415441,,9.976542002655417
2022-06-02,5312.920624014196,,258.76248930797794
2022-06-03,5068.238826473955,,5.326740953169937
2022-06-04,4627.8074137757085,,90.10000084444563
2022-06-05,4524.7525869396295,,4.866997355945884
2022-06-06,4798.286558318184,,18.114398357567136
2022-06-07,4520.154305093155,,2.519738891401282
2022-06-08,4559.73510788618,,10.542959717862646
2022-06-09,6149.567734296288,,16.50407171277127
2022-06-10,5890.769378221448,,3.571069189827346
2022-06-11,5734.703323925863,,13.125363663466095
2022-06-12,5076.0393925454255,,41.28828423702367
2022-06-13,5994.012109835268,,3.7821431605675304
2022-06-14,4020.8128562351776,,2.3691223814915308
2022-06-15,4204.760268884147,,400.8066729215538
2022-06-16,4755.249802093039,,98.6514399893646
2022-06-17,5201.809849139044,,12.970110996841111
2022-06-18,5544.277757663879,,6.967571795281339
2022-06-19,6450.796715271187,,24.599725914337768
2022-06-20,6474.485384401143,,31.409909134715058
2022-06-21,7050.97555633976,,28.122693435442446
2022-06-22,5914.366864467092,,77.45324025869229
2022-06-23,5401.112617872385,,360.37849645061755
2022-06-24,4712.621862176617,,86.3806208281072
2022-06-25,3465.5620260245096,,30.046415864319922
2022-06-26,3177.249644039853,,20.5394700427699
2022-06-27,2992.555539409894,,121.72112570748374
2022-06-28,3248.389214351898,,87.37354654207063
2022-06-29,3633.77150763212,,30.19274022349658
2022-06-30,4846.589000178516,,7.165121306794275
2022-07-01,4929.314237727981,,19.826734233070294
2022-07-02,4550.379723407481,,46.277393086310006
2022-07-03,4230.258330289509,,4.522687706101251
2022-07-04,4228.2182976858385,,39.019768987137404
2022-07-05,4152.337671637596,,38.90707773340001
2022-07-06,3985.4426714329393,,0.6597496401790223
2022-07-07,5061.117573087548,,1.436529039763421
2022-07-08,4990.880507562419,,30.142846566503888
2022-07-09,5687.655296843515,,47.58493340524603
2022-07-10,5734.2892625194445,,11.181259963239812
2022-07-11,5961.5296131256455,,15.518494017994634
2022-07-12,8995.730639825579,,2.8927055619432007
2022-07-13,8947.472015013329,,5.607061903849837
2022-07-14,9258.769800441743,,4.362287631215176
2022-07-15,9136.542532250603,,2.5739302736414014
2022-07-16,8943.003161153985,,54.43053731345063
2022-07-17,8914.834834509893,,26.962652034328837
2022-07-18,8891.173571546049,,3.3028265127826764
2022-07-19,7744.962463947959,,61.97079875053352
2022-07-20,6338.968129114266,,593.2693466627233
2022-07-21,2069.3846374073437,,504.7919829845412
2022-07-22,6094.934341995689,,11.551641225703767
2022-07-23,4699.5244777557555,,414.4807446480163
2022-07-24,3438.3124994295963,,20.74854740107357
2022-07-25,3417.319252820164,,219.9933156431692
2022-07-26,3330.4509816008713,,10.252046030167126
2022-07-27,3462.041460292592,,109.6703894376252
2022-07-28,5281.123507146819,,15.911903190532245
2022-07-29,8510.009744969984,,24.433179358581196
2022-07-30,12309.453638986342,,35.52606088215639
2022-07-31,12082.729180644965,,93.78169578634112
2022-08-01,11537.725256869666,,38.75613002702201
2022-08-02,11790.1116050015,,8.57012019770877
2022-08-03,10599.76987657288,,3.6224187764311995
2022-08-04,9834.345563026194,,6.957450577816649
2022-08-05,9583.028617217682,,6.260300611240218
2022-08-06,8933.678645620395,,30.017005255247422
2022-08-07,9104.834308617545,,78.06400548279265
2022-08-08,9594.94257134254,,14.606130947334224
2022-08-09,9177.550663624384,,6.57344309104538
2022-08-10,9073.763500204916,,17.40072174277803
2022-08-11,8796.491811373206,,30.12165222350024
2022-08-12,7944.871558327055,,39.22395503541962
2022-08-13,8987.874386271727,,67.27561417575089
2022-08-14,8675.688875626687,,5.714100987405317
2022-08-15,8482.766488629082,,10.914864987852772
2022-08-16,7437.06832422488,,25.166849907219536
2022-08-17,7505.004572714715,,4.922446766151326
2022-08-18,7517.91895382021,,19.587429473765564
2022-08-19,7744.083783753813,,2.5309086719511047
2022-08-20,7651.032429798635,,6.900851291390009
2022-08-21,7111.532906120248,,132.0138959590508
2022-08-22,7596.613546595884,,3.5238835518563736
2022-08-23,7757.156170300616,,2.4943196138182055
2022-08-24,8574.770211562442,,1.6507672435304228
2022-08-25,8793.125371986187,,12.550664775951034
2022-08-26,9698.661320623,,2.007018747493691
2022-08-27,11253.107998995294,,10.283943004757687
2022-08-28,10896.401130528397,,9.63410219026374
2022-08-29,10559.445823489155,,14.925856554525799
2022-08-30,10623.615691902542,,6.040302360759723
2022-08-31,11057.95279423082,,23.276886431423208
2022-09-01,11061.272174165832,,96.32879355684585
2022-09-02,11010.487296423082,,3.689283981782056
2022-09-03,10465.114228072887,,5.878824496389477
2022-09-04,10252.74906734176,,13.390886084420629
2022-09-05,10530.541262480703,,17.936727152368093
2022-09-06,8564.643762727641,,1095.2394137410797
2022-09-07,7788.100562041303,,6.112061464739091
2022-09-08,4210.0021823491,,19.199866292849247
2022-09-09,3402.956285859643,,3.030569789162359
2022-09-10,2112.65440743107,,14.013304687650724
2022-09-11,1955.7478856817704,,38.47791178311471
2022-09-12,1569.3290964773155,,6.720338707703882
2022-09-13,3263.5346615949297,,10.481208550256895
2022-09-14,2222.957716338598,,5.645414088061951
2022-09-15,179.81397143028747,,1.3280314391623587
2022-09-16,3608.4152644667415,,72.76515778910914
2022-09-17,4671.836982605431,,45.062738646407844
2022-09-18,5134.385190179063,,9.269381439162359
2022-09-19,5596.474291013147,,17.18030231636749
2022-09-20,5956.87663999307,,73.63565600830628
2022-09-21,5499.9257017775335,,42.3155556322503
2022-09-22,8279.245910355625,,82.85684324304923
2022-09-23,7424.454144509152,,17.239628361034057
2022-09-24,7292.812065114235,,887.8320257200729
2022-09-25,6949.77462547792,,1.8053387060993067
2022-09-26,6909.958834966159,,7.298640289150539
2022-09-27,6942.234924453282,,56.210831167751294
2022-09-28,7394.341002958628,,8.490519315356947
2022-09-29,7272.322040021996,,3.8820854624356547
2022-09-30,7776.233143377426,,3.5160049376484537
2022-10-01,7653.997751791189,,26.483004320459106
2022-10-02,7139.306304743091,,6.562223903330413
2022-10-03,6716.633666252566,,3.569127954523827
2022-10-04,6367.4256174993625,,2.3624760763006836
2022-10-05,6289.9781752843965,,2.1410308369542657
2022-10-06,6092.017258118173,,7.868631439162359
2022-10-07,6294.139736881674,,7.460318107786497
2022-10-08,7030.471676389431,,2.230217845013486
2022-10-09,7740.564416677577,,27.281550573454613
2022-10-10,8054.28445045254,,11.614874880588237
2022-10-11,6397.480365465788,,22.872689788878038
2022-10-12,6167.600297384453,,11.84711321571344
2022-10-13,6129.267154514995,,99.44288859783899
2022-10-14,5963.992901324585,,3.9661314391623588
2022-10-15,6066.793141494909,,4.473166185652542
2022-10-16,6750.344010288892,,2.6964934093148925
2022-10-17,7391.395512554855,,2.9369575580065943
2022-10-18,8362.73123410138,,7.717455710449267
2022-10-19,8190.717136300181,,3.504393327025715
2022-10-20,5525.271949315013,,8.949265504771775
2022-10-21,5276.036082332797,,41.59912586964554
2022-10-22,4910.796494021524,,11.21825138507645
2022-10-23,4674.040101456566,,6.336062370402128
2022-10-24,4554.289205901314,,23.10697620855391
2022-10-25,4451.515063636442,,19.004785792405826
2022-10-26,3845.7002002487498,,287.93631344234626
2022-10-27,3479.5937136310336,,30.008550491908295
2022-10-28,3696.1344926548263,,23.63459412322899
2022-10-29,3772.533082127526,,9.41217318808965
2022-10-30,3508.154536581107,,3.1152821697201816
2022-10-31,2795.41118379297,,4.274595779498507
2022-11-01,2188.3888198884597,,30.166718953071396
2022-11-02,1800.7364629278911,,3.8496415066286964
2022-11-03,1767.637825334196,,6.629962708721955
2022-11-04,1876.217486377294,,3.177507243658933
2022-11-05,1840.8001243854217,,4.281946435502121
2022-11-06,1984.193976396598,,69.63113366524409
2022-11-07,1951.5602218820768,,37.02419238548847
2022-11-08,1161.8318698459718,,196.22025321409458
2022-11-09,904.685448419972,,47.17018588877605
2022-11-10,2323.316981171883,,137.61683565103542
2022-11-11,1685.7108139612928,,13.207737736138714
2022-11-12,1370.1284837167286,,17.203542514890913
2022-11-13,1413.4827870851796,,14.96689033448202
2022-11-14,2747.662005933641,,168.6505763879709
2022-11-15,4403.355115664969,,55.42368230647877
2022-11-16,4362.602737925927,,21.50669835897345
2022-11-17,3810.208156218169,,6.677318244413314
2022-11-18,3858.190242644643,,23.104793910942547
2022-11-19,3638.821181687428,,12.867962045517856
2022-11-20,2691.9290467474075,,65.2504807205282
2022-11-21,1557.5511863362296,,80.26123807596703
2022-11-22,1353.149945211568,,16.280939602930232
2022-11-23,2192.822886351687,,76.93054892779539
2022-11-24,4985.198406985066,,590.4870127681427
2022-11-25,2386.310828410605,,258.45848290687337
2022-11-26,1356.7836866456234,,82.68806940949545
2022-11-27,1582.288639171062,,68.90684591048809
2022-11-28,2022.218053553188,,34.610502714731844
2022-11-29,5326.6986297585145,,95.77151100824639
2022-11-30,4828.117431246998,,30.986610276878512
2022-12-01,4970.468319879207,,6.193656381164557
2022-12-02,5638.058914376046,,33.8274993899638
2022-12-03,7511.886179111745,,6.78621212040989
2022-12-04,10712.16466417916,,6.193370808017783
2022-12-05,10735.31933234707,,61.0434848874632
2022-12-06,10372.405568830924,,34.31085361695447
2022-12-07,10018.695401172508,,18.400717088590444
2022-12-08,10667.727177646098,,17.433089266501025
2022-12-09,11379.361743464056,,74.3575742188153
2022-12-10,11884.29925459793,,11.453594350734097
2022-12-11,12922.207927079577,,6.662429072966304
2022-12-12,15360.152824924053,,5.842408684156803
2022-12-13,15152.394071725792,,7.92283614204027
2022-12-14,14872.839395109835,,41.085598266646684
2022-12-15,14394.542129018118,,23.17558308103798
2022-12-16,14726.512615130385,,21.68741369642998
2022-12-17,11318.515559897254,,24.458809103321627
2022-12-18,11208.406930876106,,30.83008764116722
2022-12-19,11456.799932528307,,7.173636813627702
2022-12-20,12058.168697664038,,5.742935248251877
2022-12-21,12561.553175064208,,17.673659096162282
2022-12-22,11806.665853810147,,17.035952622767258
2022-12-23,11534.486221293297,,172.22892235777908
2022-12-24,11670.140747696752,,11.582815133011533
2022-12-25,11822.13261984914,,7.433587648366598
2022-12-26,6428.176372161124,,8.724893897733425
2022-12-27,5974.44003693669,,7.639344964784801
2022-12-28,6112.064663333206,,9.13860666825036
2022-12-29,6249.232861491452,,6.7218868805927166
2022-12-30,6417.975781192471,,6.673752361774962
2022-12-31,6695.939094088708,,11.273644853891941
2023-01-01,5741.003509825045,,3.1534475036490717
2023-01-02,6495.649814801213,,5.498262675311937
2023-01-03,6110.685937963268,,5.736472529985447
2023-01-04,5522.091451562088,,703.7476807070987
2023-01-05,5147.79313911084,,3.5046771539893515
2023-01-06,6195.799867616499,,2.757282098087449
2023-01-07,5889.648732124356,,4.050832004617895
2023-01-08,6365.547848354602,,4.030818299009852
2023-01-09,6756.418759754839,,3.6706743641730104
2023-01-10,7138.440161989893,,8.879337938634075
2023-01-11,8953.525925654956,,2.2534475036490713
2023-01-12,9171.881663160795,,3.7930667037682344
2023-01-13,8724.159269786367,,3.62481596981396
2023-01-14,9189.817149045548,,6.675431159643692
2023-01-15,9056.320850626758,,14.532092836044725
2023-01-16,8301.021742576871,,12.01766876530655
2023-01-17,8143.729183959017,,5.087447503649072
2023-01-18,7373.173833236319,,28.154316461509485
2023-01-19,7481.968629786536,,8.05333347767521
2023-01-20,7419.698078032796,,5.123185054238961
2023-01-21,7503.682205760488,,9.931657575583673
2023-01-22,7289.862757722472,,28.99040117799789
2023-01-23,6818.016463838168,,19.02456272374065
2023-01-24,6660.636987321484,,7.00897444416071
2023-01-25,5637.997526572268,,7.308527716781385
2023-01-26,5691.788613388118,,52.60440754939003
2023-01-27,4255.204683362578,,16.01554198051799
2023-01-28,4675.787055160489,,14.97392453873356
2023-01-29,5448.982271988186,,9.613970840661967
2023-01-30,5210.268110882305,,14.051953141596584
2023-01-31,6457.307116131652,,18.61732726392797
2023-02-01,6408.811062964378,,9.586716292257924
2023-02-02,6633.369030462069,,50.25611479881065
2023-02-03,7751.553050159675,,11.208775981948223
2023-02-04,7822.794040333558,,12.271302730631426
2023-02-05,7810.400333659459,,5.593447503649071
2023-02-06,7696.044369098847,,15.025129979775564
2023-02-07,7713.895097784314,,20.34722807217941
2023-02-08,7934.187720518192,,23.268683757927775
2023-02-09,8146.832804813826,,25.778315503649072
2023-02-10,8225.279363462212,,8.692940788841042
2023-02-11,8576.549710606096,,5.226157576814526
2023-02-12,8409.99756257205,,22.703098391713556
2023-02-13,7517.262494883706,,28.32261039949449
2023-02-14,7453.515377316484,,11.66530785184881
2023-02-15,7220.003436044608,,41.06823839048712
2023-02-16,6721.983033132352,,28.899784692429765
2023-02-17,6134.968280356513,,14.975382726209851
2023-02-18,5821.653225124824,,24.48790817880636
2023-02-19,4481.013989458143,,13.88949155611531
2023-02-20,4922.74582321387,,32.71089198523476
2023-02-21,3871.3233419059543,,19.988807169055384
2023-02-22,4377.305400372756,,20.8900927187225
2023-02-23,4493.483691356575,,34.51448857790878
2023-02-24,4537.129961180523,,30.389353665364133
2023-02-25,5792.592809585641,,12.886535686243977
2023-02-26,6068.826973552543,,8.754712164960914
2023-02-27,7049.932576604609,,6.747156853982537
2023-02-28,7256.115653961482,,35.038240172327214
2023-03-01,7626.639341416509,,15.23488226711496
2023-03-02,7660.262814605264,,20.625076438509428
2023-03-03,6982.045475757322,,46.23460238938961
2023-03-04,7103.196180952986,,7.3943296756323456
2023-03-05,6935.4142943672505,,9.90210965772943
2023-03-06,6940.9065145301065,,21.51060362317458
2023-03-07,7688.282426598193,,11.26407
2023-03-08,6878.30532807428,,26.176154658418966
2023-03-09,7015.392798529714,,11.459972827062916
2023-03-10,7405.85475303121,,13.14684209344686
2023-03-11,7441.752120326538,,13.40820336
2023-03-12,2776.269092350354,,126.16056903429485
2023-03-13,2473.7745409107088,,26.790108745
2023-03-14,1212.7014057547192,,35.360168224051236
2023-03-15,2066.591210187472,,24.1876
2023-03-16,2174.4340248256885,,45.76932501442721
2023-03-17,2556.7219961928645,,79.3617275
2023-03-18,3030.214400384301,,68.51455200854262
2023-03-19,6453.435012498354,,17.164160888113013
2023-03-20,7189.333816202666,,26.812565345372665
2023-03-21,6670.0503077526955,,82.93205894511387
2023-03-22,6465.415691629256,,69.93007813854247
2023-03-23,6812.787870436647,,92.38782794833159
2023-03-24,5408.768134444255,,708.2209599046201
2023-03-25,1463.601936005088,,136.89666597319106
2023-03-26,1306.7205725916165,,7.613003784339543
2023-03-27,1237.5126108825018,,38.361612322658665
2023-03-28,1336.8667656077382,,27.814939147688104
2023-03-29,1668.954757811586,,11.600887249901753
2023-03-30,1595.822155819608,,26.94476062998399
2023-03-31,4397.339625397807,,35.76526179293855
2023-04-01,5496.180484583388,,16.049610267392357
2023-04-02,2731.52788194715,,9.738017796706805
2023-04-03,2198.038857762961,,136.85161107185098
2023-04-04,2287.3538609542293,,15.573468546538221
2023-04-05,1876.5197465768388,,4.26726653675961
2023-04-06,1838.2199435024236,,117.79906168890129
2023-04-07,2328.4924850847024,,27.575625135751416
2023-04-08,2176.8374348577677,,13.531784887144596
2023-04-09,3661.391519218438,,33.78631557124446
2023-04-10,2970.3990359300074,,8.30742530040868
2023-04-11,6747.543049671778,,7.760230042030853
2023-04-12,5325.095964285356,,41.346643250656186
2023-04-13,5342.075513557167,,39.28019552096505
2023-04-14,4981.624703358741,,3.6684599880572137
2023-04-15,4850.164660298064,,65.15251578285616
2023-04-16,5075.938421006632,,53.90315977274583
2023-04-17,5004.4541056527505,,52.35882166160606
2023-04-18,5285.665742746657,,13.76637155787236
2023-04-19,6548.543421425901,,19.809155250453024
2023-04-20,6483.1106961582955,,28.43423754909288
2023-04-21,6330.103707237036,,11.312405
2023-04-22,6189.323838722847,,48.0637531439323
2023-04-23,5894.799112014603,,3.83
2023-04-24,5985.8003446304665,,7.996550345619535
2023-04-25,5266.844946228121,0.0,11.68746499596474
2023-04-26,5759.374262030919,2.8212011463511266,0.0
2023-04-27,5953.2784245211205,12.40742,0.0
2023-04-28,6309.446153158836,0.8459316168272518,0.0
2023-04-29,6115.48410594949,0.199,0.0
2023-04-30,5485.538823738348,10.163382859050918,0.0
2023-05-01,5913.308728639414,23.78632911849925,0.0
2023-05-02,7435.431461044093,25.486435545844103,0.0
2023-05-03,7426.471224218451,31.81020000155855,0.0
2023-05-04,7169.566499413602,7.509,0.0
2023-05-05,6878.731008132514,11.450492342016812,0.0
2023-05-06,6749.598946437898,4.662879348607834,0.0
2023-05-07,7006.508755222629,27.86877790165446,0.0
2023-05-08,6826.0589453847115,4.260001414707725,0.0
2023-05-09,6640.020099855165,58.69869108099536,0.0
2023-05-10,6643.555399159178,11.09600591176422,0.0
2023-05-11,6846.791874733309,26.5991009232346,0.0
2023-05-12,6937.300064778709,12.056,0.0
2023-05-13,6406.650338168218,1.2605,0.0
2023-05-14,6597.6467436443745,32.583,0.0
2023-05-15,6588.166675538671,8.041512987183912,0.0
2023-05-16,5774.305047806557,1.3085917803864269,0.0
2023-05-17,4855.137691204828,11.488958093449176,0.0
2023-05-18,4726.112326496693,7.946,0.0
2023-05-19,3556.4224494442024,44.07313144564779,0.0
2023-05-20,4077.66025393063,5.210516406737254,0.0
2023-05-21,3196.0519030358414,20.80449266883466,0.0
2023-05-22,3435.97747828859,3.1441707393665235,0.0
2023-05-23,3399.7702607962738,4.880286442115248,0.0
2023-05-24,4161.869281364873,14.398,0.0
2023-05-25,3968.185720021658,16.20470887965397,0.0
2023-05-26,4305.616467909785,25.76314,0.0
2023-05-27,4241.074567830249,33.943416245538145,0.0
2023-05-28,3765.306386505496,10.469186405924397,0.0
2023-05-29,4278.119508423919,18.50718323331282,0.0
2023-05-30,3218.9304007626633,31.736020466551256,0.0
2023-05-31,2749.188956104851,34.966828618405984,0.0
2023-06-01,3228.819650641476,10.69314283864506,0.0
2023-06-02,1958.7377673923413,4.372,0.0
2023-06-03,2247.3673709899144,12.376212579261823,0.0
2023-06-04,2330.168327873574,10.955,0.0
2023-06-05,3643.4175416653543,5.7315,0.0
2023-06-06,3340.432092097849,10.04945035632536,0.0
2023-06-07,3341.8347315053124,47.08868193826654,0.0
2023-06-08,2893.381095079926,44.66091842079202,0.0
2023-06-09,2816.6138033164702,40.30622582942003,0.0
2023-06-10,1299.4012289487432,21.31419300320928,0.0
2023-06-11,1917.1748376227456,70.76319402408623,0.0
2023-06-12,2191.330731669736,10.098385835805724,0.0
2023-06-13,3063.4756271713104,4.7813842683377175,0.0
2023-06-14,4178.447066090822,63.60643121339229,0.0
2023-06-15,5753.887569024663,168.97271484495553,0.0
2023-06-16,6496.576015625237,4.023405319317083,0.0
2023-06-17,6438.770059772796,0.7734496773341157,0.0
2023-06-18,4621.055647002616,2.99153741909469,0.0
2023-06-19,3868.1716029932577,56.73018366963688,0.0
2023-06-20,3393.3444669022033,81.61179787741013,0.0
2023-06-21,3112.82362051163,24.19839,0.0
2023-06-22,2738.9798968604705,3.4937555823679287,0.0
2023-06-23,4091.651085390832,15.88854304113849,0.0
2023-06-24,3957.891944372445,22.68748755319608,0.0
2023-06-25,5210.444448949433,10.01705104895744,0.0
2023-06-26,4827.779589696365,8.820007764542002,0.0
2023-06-27,4439.580042138362,122.57841278204118,0.0
2023-06-28,3482.341237758012,29.950305677113903,0.0
2023-06-29,3776.2119670825023,6.073415768093412,0.0
2023-06-30,3859.64450406136,1.0236632685970088,0.0
2023-07-01,3846.3657531703543,6.499228306765009,0.0
2023-07-02,3590.0423593280057,34.94088241462494,0.0
2023-07-03,3886.480468289115,36.57121099555245,0.0
2023-07-04,3758.787017971397,9.338563652007318,0.0
2023-07-05,4319.439525241573,4.246,0.0
2023-07-06,4395.643381759528,8.004257573072726,0.0
2023-07-07,4168.274682900712,41.5503822808916,0.0
2023-07-08,4794.540094983019,17.81871760450438,0.0
2023-07-09,4310.513210495676,11.594874297416442,0.0
2023-07-10,4346.171157633265,114.46632206483554,0.0
2023-07-11,4587.201455517593,171.6859053815941,0.0
2023-07-12,4463.3132972429685,10.563450117542889,0.0
2023-07-13,3470.967055478484,41.008219560334354,0.0
2023-07-14,3711.3210771615936,123.169,0.0
2023-07-15,3081.230862986883,107.92043205607791,0.0
2023-07-16,3797.2100265294566,7.9553754604709965,0.0
2023-07-17,3259.810531223298,118.08023390182854,0.0
2023-07-18,3281.385880849295,13.499407450988404,0.0
2023-07-19,2939.363329444182,15.183394391710369,0.0
2023-07-20,3041.4872450733715,30.3432305,0.0
2023-07-21,3889.029052886782,26.013003208464077,0.0
2023-07-22,3749.3066938909265,6.132950809542763,0.0
2023-07-23,3354.2709092418777,35.801760250592515,0.0
2023-07-24,3671.922845596155,26.592579616731843,0.0
2023-07-25,4805.720226658154,15.057817081647595,0.0
2023-07-26,3858.941395201488,4.2211663820939895,0.0
2023-07-27,4253.72425416874,114.65515313880348,0.0
2023-07-28,4612.058715273899,56.709626578345386,0.0
2023-07-29,4400.368469641554,9.672414508950697,0.0
2023-07-30,4392.401179039264,24.97914176980373,0.0
2023-07-31,3490.36436672343,32.815913339633596,0.0
2023-08-01,3707.021556246212,15.296932320527576,0.0
2023-08-02,3772.499118059628,14.825,0.0
2023-08-03,3693.63655223186,8.082296830638725,0.0
2023-08-04,3786.4033327080056,33.978646510704536,0.0
2023-08-05,4172.459913956024,100.33873632331064,0.0
2023-08-06,4576.63191398552,0.9897090845587984,0.0
2023-08-07,4910.865676989082,30.087094338350855,0.0
2023-08-08,4898.692863710086,24.616834093864128,0.0
2023-08-09,5558.342401861148,72.61514868247446,0.0
2023-08-10,5325.741917388639,33.59056200153945,0.0
2023-08-11,5185.976049978887,78.50601896831563,0.0
2023-08-12,4977.3196718426525,1.840743456368083,0.0
2023-08-13,5503.233369360056,0.1023892502928047,0.0
2023-08-14,5683.425181692063,40.37441434477933,0.0
2023-08-15,4702.139770194514,3.4929696417186813,0.0
2023-08-16,4639.918170050616,53.97979929497062,0.0
2023-08-17,3666.3180456817095,107.10869064578216,0.0
2023-08-18,3817.7441492362695,127.36432429796936,0.0
2023-08-19,2237.2879403955044,71.02114200015609,0.0
2023-08-20,2482.3803918675544,4.282248995809135,0.0
2023-08-21,3124.844675678721,13.45176045573455,0.0
2023-08-22,2852.48154730141,78.56363052831416,0.0
2023-08-23,2227.1998201658844,59.14802059670567,0.0
2023-08-24,4509.177204875256,36.46801164991662,0.0
2023-08-25,4514.282391999355,38.9001892304573,0.0
2023-08-26,6405.351394104014,38.897243765957185,0.0
2023-08-27,5492.821054695288,6.156313343941362,0.0
2023-08-28,4008.537856893116,173.36562132594776,0.0
2023-08-29,4807.210267027649,2.775488608333148,0.0
2023-08-30,5865.166501874776,6.657979704577789,0.0
2023-08-31,6186.276323097105,46.77883573541942,0.0
2023-09-01,5183.178010066927,23.711907504253254,0.0
2023-09-02,5459.961105097167,112.75867201430272,0.0
2023-09-03,5164.707701431037,15.017725306277432,0.0
2023-09-04,5067.462513511854,4.831031020859887,0.0
2023-09-05,5296.311775320761,8.235,0.0
2023-09-06,6026.351769316141,12.43166877,0.0
2023-09-07,5388.97406463323,10.263027489528634,0.0
2023-09-08,5305.999870001056,36.39793375253765,0.0
2023-09-09,5462.479133190281,49.07645674842124,0.0
2023-09-10,3880.343353017919,94.49240358470976,0.0
2023-09-11,3211.603506830451,58.50663368165603,0.0
2023-09-12,1754.630920447638,46.80597235050512,0.0
2023-09-13,2759.8891856282894,7.360733883031491,0.0
2023-09-14,3428.556471144768,41.316420390038104,0.0
2023-09-15,2945.4456543075935,12.468532350016382,0.0
2023-09-16,3270.3549635388017,29.569707671606928,0.0
2023-09-17,2589.0729364410863,24.1124522806186,0.0
2023-09-18,4181.620264692763,27.19052185860916,0.0
2023-09-19,4630.245645578977,38.224297383601744,0.0
2023-09-20,3632.475603434091,21.5292419979956,0.0
2023-09-21,3263.5123721597542,67.55837720792624,0.0
2023-09-22,2051.6637118908207,34.535825259532174,0.0
2023-09-23,4182.888961582506,34.15393500129798,0.0
2023-09-24,2407.8721198643843,16.91269946797556,0.0
2023-09-25,5091.346579699243,11.32516442766311,0.0
2023-09-26,4409.148242922338,11.104399727278714,0.0
2023-09-27,4752.040689278531,49.82730388832779,0.0
2023-09-28,5960.178888970463,32.55966120168313,0.0
2023-09-29,6196.542991011032,16.240960059447655,0.0
2023-09-30,7291.554098838413,13.98759937060228,0.0
2023-10-01,5860.848773094411,16.82278209499074,0.0
2023-10-02,6736.735157947605,32.61432646800102,0.0
2023-10-03,6662.92132134415,24.549593115305235,0.0
2023-10-04,7118.940303120956,26.16019366252542,0.0
2023-10-05,6906.446924046514,5.199017973457155,0.0
2023-10-06,7291.971352508678,52.385816750094,0.0
2023-10-07,7652.428324602258,13.796152149597484,0.0
2023-10-08,6752.5955865668475,12.0691575359399,0.0
2023-10-09,6390.007610364157,3.8751295984411054,0.0
2023-10-10,7010.580644420628,10.730319828365008,0.0
2023-10-11,7953.354006069715,39.54212585015351,0.0
2023-10-12,8519.446720187732,20.14109989278515,0.0
2023-10-13,8801.888515935989,12.664263116617386,0.0
2023-10-14,9443.21537404897,59.314470179230895,0.0
2023-10-15,8988.289344211089,58.02997407536236,0.0
2023-10-16,9000.38239535551,14.54923868375,0.0
2023-10-17,9295.267705996652,4.802971214878621,0.0
2023-10-18,9359.172435098382,6.729447870548691,0.0
2023-10-19,9641.155725370674,2.983821094242294,0.0
2023-10-20,9811.005458181666,23.72830219321896,0.0
2023-10-21,9811.457980518691,13.371287998231104,0.0
2023-10-22,9713.521702997648,66.54088070281588,0.0
2023-10-23,9495.316070684285,12.117809780555186,0.0
2023-10-24,10333.340777105655,138.8995586757047,0.0
2023-10-25,10113.91967407042,15.941544673461136,0.0
2023-10-26,9672.356363327162,6.722384213326103,0.0
2023-10-27,9422.246794491992,20.293220512493868,0.0
2023-10-28,8144.863102687075,12.495728339411322,0.0
2023-10-29,9256.249897185908,15.65966170632685,0.0
2023-10-30,9107.97262497235,18.4484337263394,0.0
2023-10-31,9468.95155824427,78.1332647745447,0.0
2023-11-01,10728.440742016915,36.73589163892427,0.0
2023-11-02,9539.012662419023,34.73697080046791,0.0
2023-11-03,9199.750037342132,10.46938608088319,0.0
2023-11-04,7862.255453975359,16.627836836060627,0.0
2023-11-05,5768.049231614444,53.24091420513207,0.0
2023-11-06,6100.911970318616,24.928919469130527,0.0
2023-11-07,6219.077099088543,365.31704929801424,0.0
2023-11-08,6691.840508431415,62.9654038482068,0.0
2023-11-09,6354.108762846519,184.80546105389593,0.0
2023-11-10,7470.2717779582945,84.07588953839505,0.0
2023-11-11,7471.859625240417,37.146722365352986,0.0
2023-11-12,6900.058522079818,30.19711567204188,0.0
2023-11-13,7791.2476515014,122.753748525,0.0
2023-11-14,8772.680839734317,39.7133397886479,0.0
2023-11-15,8136.4192389622385,113.98171001601528,0.0
2023-11-16,9687.802804155272,42.532207140032526,0.0
2023-11-17,10090.892756174697,30.016147551012224,0.0
2023-11-18,10369.231707493487,10.89476447749328,0.0
2023-11-19,9724.689822035947,40.95397871895948,0.0
2023-11-20,9212.910911760562,17.723840331141933,0.0
2023-11-21,9302.013311444163,133.44653211079796,0.0
2023-11-22,8392.93226481035,31.958776293115545,0.0
2023-11-23,7126.567622322127,169.9642911782328,0.0
2023-11-24,7175.8451973209185,37.21277084775152,0.0
2023-11-25,5609.3809024447555,28.33065154158055,0.0
2023-11-26,4896.802082007729,297.1546101772569,0.0
2023-11-27,6016.434450707549,10.211749574666618,0.0
2023-11-28,8103.839225738017,35.84183789510777,0.0
2023-11-29,9022.668865381953,99.55881441652645,0.0
2023-11-30,10630.888378590673,26.313187456012592,0.0
2023-12-01,11078.342906477075,93.73490904113358,0.0
2023-12-02,12477.882496114376,78.00398765831798,0.0
2023-12-03,11074.70574615419,165.86970507158406,0.0
2023-12-04,9931.528442480674,70.5920727922233,0.0
2023-12-05,10605.19561265692,92.7636063861022,0.0
2023-12-06,10570.270909675022,64.19843629079395,0.0
2023-12-07,10349.57543384817,43.64251140508253,0.0
2023-12-08,10926.52870710774,56.82773702795168,0.0
2023-12-09,12844.839660759755,34.929238852343325,0.0
2023-12-10,12860.08299785757,45.613450432875,0.0
2023-12-11,12087.23811864019,137.26017501250723,0.0
2023-12-12,12949.15159061664,365.8718884013852,0.0
2023-12-13,14402.042017544862,136.96030004574916,0.0
2023-12-14,14140.836774743912,40.78388003930029,0.0
2023-12-15,14786.982806560663,10.693229024769934,0.0
2023-12-16,14866.50492747132,105.90816727111246,0.0
2023-12-17,14272.852453468371,199.6832089836115,0.0
2023-12-18,14102.250171821976,212.92657579474704,0.0
2023-12-19,12028.15358805381,81.27730626001724,0.0
2023-12-20,11847.809738755965,102.5153705925349,0.0
2023-12-21,12684.013401425434,36.275872928693055,0.0
2023-12-22,11387.734878334772,86.74352920750627,0.0
2023-12-23,12019.750040653087,123.711608392898,0.0
2023-12-24,11841.826185572483,91.0609897476074,0.0
2023-12-25,11408.90723821811,61.656568478993385,0.0
2023-12-26,13433.172266376829,264.49182625473793,0.0
2023-12-27,10681.423616896012,180.7519823925701,0.0
2023-12-28,10183.77703538591,132.17596688891473,0.0
2023-12-29,9014.619376328088,45.081926683787785,0.0
2023-12-30,7820.676996323536,34.97179963822057,0.0
2023-12-31,7738.027007469588,41.347060073027485,0.0
2024-01-01,10116.866748437258,92.90158394923108,0.0
2024-01-02,11164.089382932263,32.83067600118823,0.0
2024-01-03,10429.175798581877,95.53198330385966,0.0
2024-01-04,11162.487333719924,217.1422664226737,0.0
2024-01-05,11503.55728772469,99.03837767210126,0.0
2024-01-06,12555.565422843976,123.0415128483186,0.0
2024-01-07,12307.718654269916,42.45965821232478,0.0
2024-01-08,12772.17270775509,69.86034576913038,0.0
2024-01-09,11755.313638376589,188.7446441765202,0.0
2024-01-10,11703.070105524048,23.86861314564195,0.0
2024-01-11,11940.729629401134,151.08621435522994,0.0
2024-01-12,12891.45467965394,109.7392910716844,0.0
2024-01-13,13526.1911132352,178.1529314882233,0.0
2024-01-14,12416.416725028326,55.66946414039765,0.0
2024-01-15,13252.981385982754,172.02596309248037,0.0
2024-01-16,13296.471011160364,171.2144291079809,0.0
2024-01-17,14188.017396347626,115.49399408294192,0.0
2024-01-18,15764.05308428234,56.58260977621148,0.0
2024-01-19,15203.5518690305,25.41544914182236,0.0
2024-01-20,15190.1811829362,174.68145170613846,0.0
2024-01-21,13025.479148296548,47.733369178708074,0.0
2024-01-22,12932.366495959945,19.056002514371876,0.0
2024-01-23,12502.675069769351,142.59026368466945,0.0
2024-01-24,10825.730527542768,90.3332651147863,0.0
2024-01-25,11228.163260573654,201.37514373319604,0.0
2024-01-26,12360.94341971321,200.04011984980423,0.0
2024-01-27,13710.310742745189,200.9394806670857,0.0
2024-01-28,12037.374215833595,18.337120831141487,0.0
2024-01-29,12008.936318989496,1205.7022091462136,0.0
2024-01-30,8028.334501844941,261.09234285251,0.0
2024-01-31,9064.566008156267,194.8240723381263,0.0
2024-02-01,8061.507642172363,39.62702951821239,0.0
2024-02-02,7633.139922587046,219.7015872135295,0.0
2024-02-03,5536.298911836504,71.69246828002079,0.0
2024-02-04,5345.168966048194,139.5627547440156,0.0
2024-02-05,7999.460077415683,66.5484956849484,0.0
2024-02-06,9551.474335687864,52.755007472443296,0.0
2024-02-07,9407.874754659611,247.05711575944107,0.0
2024-02-08,9157.720280173238,81.33005199933953,0.0
2024-02-09,8296.191727280562,81.41113984039653,0.0
2024-02-10,6199.996550887835,84.35227677540693,0.0
2024-02-11,3308.2143697840897,92.45748297238154,0.0
2024-02-12,1894.577067179497,30.891158237387785,0.0
2024-02-13,2958.9742588558593,41.81545978922796,0.0
2024-02-14,3839.999469599139,154.24184822367525,0.0
2024-02-15,4265.65302142012,68.48652680697533,0.0
2024-02-16,4058.271479745903,100.40451443132852,0.0
2024-02-17,3778.9603124355754,78.02407825944522,0.0
2024-02-18,5447.4580829320685,99.08118276968337,0.0
2024-02-19,5921.484746901569,177.9368505901543,0.0
2024-02-20,7070.846142360231,348.5061708276958,0.0
2024-02-21,6435.794650552754,106.4786657020038,0.0
2024-02-22,6732.021768386402,137.45998045316992,0.0
2024-02-23,8384.898508845787,21.311105309617904,0.0
2024-02-24,7348.221446608456,86.79989249128589,0.0
2024-02-25,4050.482638122943,61.36747265740244,0.0
2024-02-26,2425.5769021545107,227.80953559167557,0.0
2024-02-27,3211.459575973298,117.6576788558508,0.0
2024-02-28,3455.791569028499,208.14511021060432,0.0
2024-02-29,4572.504288211359,86.8629126799402,0.0
2024-03-01,4699.371656698523,131.87911723563883,0.0
2024-03-02,5902.159019596247,268.89230298281575,0.0
2024-03-03,4746.977721137062,96.65638706387092,0.0
2024-03-04,4692.769790900632,68.9753370560551,0.0
2024-03-05,7575.809635743052,68.33134309937279,0.0
2024-03-06,8760.502958824936,308.52398883397836,0.0
2024-03-07,8793.26760328546,53.21364120754846,0.0
2024-03-08,8840.963331553148,155.35777142464568,0.0
2024-03-09,9913.44561598151,92.45975606868782,0.0
2024-03-10,9875.889310974557,54.28269635218095,0.0
2024-03-11,10054.2539106922,37.674095075634035,0.0
2024-03-12,10373.461876626863,99.6719543851007,0.0
2024-03-13,10212.511899969142,92.99057903242608,0.0
2024-03-14,10267.73418586684,205.68915076449676,0.0
2024-03-15,7551.778442584928,153.9967537207414,0.0
2024-03-16,7629.83663865172,121.3640368171954,0.0
2024-03-17,7871.6665320564225,96.78872373756782,0.0
2024-03-18,7167.067078456435,105.40954905075428,0.0
2024-03-19,7831.242377067865,81.12985825374396,0.0
2024-03-20,7204.479651725524,324.0790363733984,0.0
2024-03-21,5350.555114926462,275.3786065499999,0.0
2024-03-22,6547.936908602826,85.49846200276056,0.0
2024-03-23,5283.153980307852,103.55608492028632,0.0
2024-03-24,3202.6090217980027,104.22896416841934,0.0
2024-03-25,3746.529181261893,202.61952877210425,0.0
2024-03-26,4042.846246085855,150.36554271657116,0.0
2024-03-27,3784.91546745392,275.60379944510345,0.0
2024-03-28,3517.5700646618443,247.38944358395037,0.0
2024-03-29,3619.9983806180057,193.17001566310375,0.0
2024-03-30,3274.708190886825,534.8399973960574,0.0
2024-03-31,2827.962652485553,221.4067242989666,0.0
2024-04-01,3761.297239817556,467.6192270972253,0.0
2024-04-02,2825.5345148966876,151.37254376939205,0.0
2024-04-03,2749.2984947896884,209.23575374821175,0.0
2024-04-04,3007.4583646152546,165.87166385955396,0.0
2024-04-05,2629.538738132902,87.35775905034376,0.0
2024-04-06,2902.535510371684,97.41602987985542,0.0
2024-04-07,4866.796377263637,105.71000227601196,0.0
2024-04-08,6138.861709886241,251.19592351580144,0.0
2024-04-09,5898.761018131305,137.83681827400434,0.0
2024-04-10,4741.988707325479,136.76474295500756,0.0
2024-04-11,4924.804224681364,204.33308525702773,0.0
2024-04-12,3470.791872738957,153.063791457272,0.0
2024-04-13,2897.7741480531317,88.04796025418618,0.0
2024-04-14,3156.656956530664,193.8689522203263,0.0
2024-04-15,3751.328404962982,91.75284106456294,0.0
2024-04-16,3946.997178927006,172.94113349786505,0.0
2024-04-17,5074.694863169452,173.45978455440203,0.0
2024-04-18,5872.997833658747,63.378092725194534,0.0
2024-04-19,4701.234968622648,85.65883031948354,0.0
2024-04-20,4261.62763818423,146.88785288613525,0.0
2024-04-21,3505.72690848465,115.44852541556688,0.0
2024-04-22,2339.045629876454,100.85955380794758,0.0
2024-04-23,4893.655120593651,48.93487400009546,0.0
2024-04-24,5745.4210165764125,88.97955240113112,0.0
2024-04-25,6271.049485854776,196.93985012520525,0.0
2024-04-26,6043.020178438581,33.85001008438084,0.0
2024-04-27,6310.249036540965,81.81742930489703,0.0
2024-04-28,5784.355461853431,67.61001413570781,0.0
2024-04-29,4716.172681675559,71.33888516472811,0.0
2024-04-30,7272.0609929217635,87.29075727353774,0.0
2024-05-01,5218.278850234487,49.80763529917182,0.0
2024-05-02,4649.910037465181,98.4063625350096,0.0
2024-05-03,6738.310374117976,51.32193714417371,0.0
2024-05-04,5480.397885067968,246.8804661041348,0.0
2024-05-05,6623.168772782029,147.9843832389685,0.0
2024-05-06,8034.14568000666,25.12399450882514,0.0
2024-05-07,7928.527543889468,57.667806106383146,0.0
2024-05-08,9048.139003741024,75.23236932351209,0.0
2024-05-09,7143.85909592672,60.98044283845072,0.0
2024-05-10,8021.332023946699,62.58535885941957,0.0
2024-05-11,8530.706174432435,18.00445986851633,0.0
2024-05-12,9502.459366703995,31.82795484591189,0.0
2024-05-13,9308.911071232362,22.27663279962336,0.0
2024-05-14,9598.925470176302,60.134667285061575,0.0
2024-05-15,9990.523683993248,37.06213537274064,0.0
2024-05-16,9968.856084849913,60.964245398354635,0.0
2024-05-17,9817.881351641772,50.56887816073973,0.0
2024-05-18,8579.58143715789,56.834964990630915,0.0
2024-05-19,5231.571077350241,52.30607995092978,0.0
2024-05-20,9617.733635319864,15.845637350434648,0.0
2024-05-21,7105.743963357698,547.8546836505581,0.0
2024-05-22,6536.957854943479,111.76782639158016,0.0
2024-05-23,4133.465323970438,50.6172299019387,0.0
2024-05-24,7251.748223648711,115.8109459125813,0.0
2024-05-25,8872.298935658604,188.42191195212757,0.0
2024-05-26,7725.922775597093,169.32753180206936,0.0
2024-05-27,6582.016992335201,24.605989084207717,0.0
2024-05-28,9698.328060563048,31.54457375839572,0.0
2024-05-29,10437.653230069009,23.68005100234953,0.0
2024-05-30,12329.142967361257,54.296595287297095,0.0
2024-05-31,10660.588455829422,76.33607625470061,0.0
2024-06-01,8099.660656138249,152.41667320707728,0.0
2024-06-02,7389.988604962927,48.99290246726274,0.0
2024-06-03,8074.878610974751,21.17074272468784,0.0
2024-06-04,8575.886566755433,31.63610434922807,0.0
2024-06-05,8376.899489044985,144.27978319736272,0.0
2024-06-06,8271.91005104174,52.13748369440159,0.0
2024-06-07,9469.747647320886,54.51196435879298,0.0
2024-06-08,9837.979190921797,22.919937489159423,0.0
2024-06-09,10101.731594931429,21.917649187031653,0.0
2024-06-10,10522.808925442796,47.51238184464029,0.0
2024-06-11,10225.89010827338,68.80611728188762,0.0
2024-06-12,10759.589642954768,22.63461557591399,0.0
2024-06-13,9869.642931031512,40.78548072210165,0.0
2024-06-14,9893.377193454173,25.85714170384605,0.0
2024-06-15,10344.033938692592,43.963643505541114,0.0
2024-06-16,10015.236643123038,57.45122849577349,0.0
2024-06-17,9945.790243068466,29.977452597455297,0.0
2024-06-18,7790.78817851313,47.62960118693539,0.0
2024-06-19,8080.979708148408,77.6492420565816,0.0
2024-06-20,9174.702835774193,40.393411623156915,0.0
2024-06-21,9121.919909311891,47.00310707867372,0.0
2024-06-22,9017.408712427025,66.69773010067675,0.0
2024-06-23,10574.946182130405,42.67409745540814,0.0
2024-06-24,10412.195369121624,19.127396898530684,0.0
2024-06-25,11234.242321129415,94.61941950906171,0.0
2024-06-26,11632.90518665304,23.34792158182034,0.0
2024-06-27,12163.129800168244,97.9506276887781,0.0
2024-06-28,11053.21032997198,7.54363108820707,0.0
2024-06-29,12281.178002848354,20.843463639241776,0.0
2024-06-30,12349.49172591141,23.63621315212764,0.0
2024-07-01,11261.19971648182,118.67732798261132,0.0
2024-07-02,11576.04546948903,124.97100415591947,0.0
2024-07-03,10617.29469110304,15.661030332849633,0.0
2024-07-04,8935.181332482165,270.93398648280623,0.0
2024-07-05,9315.750838025182,43.400534350044055,0.0
2024-07-06,7574.886191841268,27.44049412203032,0.0
2024-07-07,7889.413578408644,60.96199916016424,0.0
2024-07-08,7824.61832404056,35.588419309316585,0.0
2024-07-09,8423.72871888127,50.15253528008162,0.0
2024-07-10,7920.178547706897,68.43435413249432,0.0
2024-07-11,8492.527102053633,55.6301738299928,0.0
2024-07-12,8797.35281128991,46.235447292654136,0.0
2024-07-13,8995.843683012325,38.6362592940854,0.0
2024-07-14,9021.5200083682,42.112523827995375,0.0
2024-07-15,9219.644201431096,51.5621284505225,0.0
2024-07-16,8083.677847776231,37.164862229784674,0.0
2024-07-17,7662.366254984988,66.99400154041388,0.0
2024-07-18,8688.08715170955,52.25427635119132,0.0
2024-07-19,6917.657104188174,40.35768022220158,0.0
2024-07-20,5818.710676332372,69.96046385183038,0.0
2024-07-21,5854.980125758252,8.847603845654971,0.0
2024-07-22,5096.522919909991,156.1669422710678,0.0
2024-07-23,9269.157452001518,31.95105308687131,0.0
2024-07-24,8455.74761862701,79.63207892720338,0.0
2024-07-25,8784.468382835099,301.53785947774395,0.0
2024-07-26,10025.30126210504,22.16695217024669,0.0
2024-07-27,10946.757745660274,19.991356350700467,0.0
2024-07-28,10327.95209425103,28.33424720657702,0.0
2024-07-29,10093.343897649576,20.92650009968027,0.0
2024-07-30,8772.65716640567,84.20885714040328,0.0
2024-07-31,8975.91805779542,12.726666960280486,0.0
2024-08-01,8513.052258588448,106.82244994188244,0.0
2024-08-02,7860.990770190058,19.082284649409686,0.0
2024-08-03,8872.4113534538,89.14266848969363,0.0
2024-08-04,9357.834542406572,50.93983780747138,0.0
2024-08-05,9486.158568222852,60.0590826238472,0.0
2024-08-06,5867.165434925539,244.9110943198969,0.0
2024-08-07,8629.307981566617,19.42895013351542,0.0
2024-08-08,7205.324806148948,230.77254073365495,0.0
2024-08-09,7260.298726977653,64.82889962734241,0.0
2024-08-10,8056.011021229376,75.10809376382937,0.0
2024-08-11,9007.85145314722,222.53849980869904,0.0
2024-08-12,8937.72966029295,57.36050862801855,0.0
2024-08-13,10512.175710863816,182.2432603934104,0.0
2024-08-14,13086.256299744173,23.64130115589482,0.0
2024-08-15,11405.606953497834,17.081925946326294,0.0
2024-08-16,12721.877172207583,18.86920477111459,0.0
2024-08-17,12838.417252443927,3.73462207119426,0.0
2024-08-18,12669.11568816106,12.732076495069148,0.0
2024-08-19,14011.305203710568,12.578334884439084,0.0
2024-08-20,13848.50681400577,40.74105990806188,0.0
2024-08-21,13227.69171582834,12.940810069006766,0.0
2024-08-22,13715.359837830854,102.816455699525,0.0
2024-08-23,15407.056732673993,194.11492592258497,0.0
2024-08-24,16178.3467078074,182.90089540976123,0.0
2024-08-25,16697.80699916555,58.25335221329072,0.0
2024-08-26,15743.640174088823,56.45813052854285,0.0
2024-08-27,15200.73221968608,7.710704511790135,0.0
2024-08-28,13062.05864959224,128.30519436324929,0.0
2024-08-29,11606.774065949206,11.1627514452296,0.0
2024-08-30,10733.437620184915,38.23386034114112,0.0
2024-08-31,9576.227953494536,40.30393183737219,0.0
2024-09-01,8545.625271118706,26.500113321788053,0.0
2024-09-02,9313.876365491216,62.57401453312236,0.0
2024-09-03,9006.233758577542,29.51694057301374,0.0
2024-09-04,8756.029673813939,101.27729991645496,0.0
2024-09-05,9004.303539838116,34.045544553741735,0.0
2024-09-06,7764.542192005314,66.64603668482668,0.0
2024-09-07,6118.179148021831,15.940708365747168,0.0
2024-09-08,6738.477768026107,19.088785643870143,0.0
2024-09-09,7660.00806587622,75.216099955143,0.0
2024-09-10,8842.506659357341,50.73898536843666,0.0
2024-09-11,9328.91888388739,17.937587520121742,0.0
2024-09-12,10817.10964263042,20.542548901477925,0.0
2024-09-13,12359.979794944731,9.197017675780996,0.0
2024-09-14,12898.28800451341,8.601869387151648,0.0
2024-09-15,16649.962503204984,2.183295210290465,0.0
2024-09-16,14367.411566377688,4.070467802113952,0.0
2024-09-17,11979.718545796506,34.08496567851572,0.0
2024-09-18,11234.6298052618,10.002595221992934,0.0
2024-09-19,10609.01904886624,25.860888562921005,0.0
2024-09-20,10835.862062811044,15.421118733598702,0.0
2024-09-21,10646.112564825891,53.48149844231715,0.0
2024-09-22,10616.566386892384,12.425962344128717,0.0
2024-09-23,11753.848938650435,25.019555550984236,0.0
2024-09-24,14158.16433971879,132.91301003240798,0.0
2024-09-25,15062.589405358118,35.66265503463979,0.0
2024-09-26,15006.676735118686,49.101187525761055,0.0
2024-09-27,15504.682790582485,52.46409394500888,0.0
2024-09-28,14015.151463830203,30.312304122715556,0.0
2024-09-29,12856.414193502447,52.634303301291816,0.0
2024-09-30,12745.923914583604,33.97324933480933,0.0
2024-10-01,12210.192870598585,27.900755109212376,0.0
2024-10-02,12391.399214341083,227.01370780809535,0.0
2024-10-03,12812.0896985846,74.43494723927707,0.0
2024-10-04,12125.153538087336,111.65684687130955,0.0
2024-10-05,13096.064226083225,7.395539716341963,0.0
2024-10-06,14300.890401211362,38.62835960052964,0.0
2024-10-07,13023.511353657745,31.594552741276825,0.0
2024-10-08,13474.049995450883,47.09096770583102,0.0
2024-10-09,11574.1443088246,77.50806999843648,0.0
2024-10-10,10940.402987469926,102.6143295151334,0.0
2024-10-11,7915.474371920699,22.32207075939018,0.0
2024-10-12,6433.441559192356,45.039360200513954,0.0
2024-10-13,6906.9828264795315,42.800481418920256,0.0
2024-10-14,8542.44256664487,42.55491203249786,0.0
2024-10-15,7753.215325599467,90.46394311327748,0.0
2024-10-16,7060.9906787755735,95.12511120678076,0.0
2024-10-17,6293.780209703663,362.4118471092833,0.0
2024-10-18,7009.2941289837,151.50842136707865,0.0
2024-10-19,7637.284508373062,89.4775637454826,0.0
2024-10-20,6501.875818501524,60.00000449423086,0.0
2024-10-21,7409.740728639926,250.32389070965385,0.0
2024-10-22,9082.324964854022,22.94876816912108,0.0
