date,0x00000000219ab540356cbb839cbe05303d7705fa
2020-01-01,
2020-01-02,
2020-01-03,
2020-01-04,
2020-01-05,
2020-01-06,
2020-01-07,
2020-01-08,
2020-01-09,
2020-01-10,
2020-01-11,
2020-01-12,
2020-01-13,
2020-01-14,
2020-01-15,
2020-01-16,
2020-01-17,
2020-01-18,
2020-01-19,
2020-01-20,
2020-01-21,
2020-01-22,
2020-01-23,
2020-01-24,
2020-01-25,
2020-01-26,
2020-01-27,
2020-01-28,
2020-01-29,
2020-01-30,
2020-01-31,
2020-02-01,
2020-02-02,
2020-02-03,
2020-02-04,
2020-02-05,
2020-02-06,
2020-02-07,
2020-02-08,
2020-02-09,
2020-02-10,
2020-02-11,
2020-02-12,
2020-02-13,
2020-02-14,
2020-02-15,
2020-02-16,
2020-02-17,
2020-02-18,
2020-02-19,
2020-02-20,
2020-02-21,
2020-02-22,
2020-02-23,
2020-02-24,
2020-02-25,
2020-02-26,
2020-02-27,
2020-02-28,
2020-02-29,
2020-03-01,
2020-03-02,
2020-03-03,
2020-03-04,
2020-03-05,
2020-03-06,
2020-03-07,
2020-03-08,
2020-03-09,
2020-03-10,
2020-03-11,
2020-03-12,
2020-03-13,
2020-03-14,
2020-03-15,
2020-03-16,
2020-03-17,
2020-03-18,
2020-03-19,
2020-03-20,
2020-03-21,
2020-03-22,
2020-03-23,
2020-03-24,
2020-03-25,
2020-03-26,
2020-03-27,
2020-03-28,
2020-03-29,
2020-03-30,
2020-03-31,
2020-04-01,
2020-04-02,
2020-04-03,
2020-04-04,
2020-04-05,
2020-04-06,
2020-04-07,
2020-04-08,
2020-04-09,
2020-04-10,
2020-04-11,
2020-04-12,
2020-04-13,
2020-04-14,
2020-04-15,
2020-04-16,
2020-04-17,
2020-04-18,
2020-04-19,
2020-04-20,
2020-04-21,
2020-04-22,
2020-04-23,
2020-04-24,
2020-04-25,
2020-04-26,
2020-04-27,
2020-04-28,
2020-04-29,
2020-04-30,
2020-05-01,
2020-05-02,
2020-05-03,
2020-05-04,
2020-05-05,
2020-05-06,
2020-05-07,
2020-05-08,
2020-05-09,
2020-05-10,
2020-05-11,
2020-05-12,
2020-05-13,
2020-05-14,
2020-05-15,
2020-05-16,
2020-05-17,
2020-05-18,
2020-05-19,
2020-05-20,
2020-05-21,
2020-05-22,
2020-05-23,
2020-05-24,
2020-05-25,
2020-05-26,
2020-05-27,
2020-05-28,
2020-05-29,
2020-05-30,
2020-05-31,
2020-06-01,
2020-06-02,
2020-06-03,
2020-06-04,
2020-06-05,
2020-06-06,
2020-06-07,
2020-06-08,
2020-06-09,
2020-06-10,
2020-06-11,
2020-06-12,
2020-06-13,
2020-06-14,
2020-06-15,
2020-06-16,
2020-06-17,
2020-06-18,
2020-06-19,
2020-06-20,
2020-06-21,
2020-06-22,
2020-06-23,
2020-06-24,
2020-06-25,
2020-06-26,
2020-06-27,
2020-06-28,
2020-06-29,
2020-06-30,
2020-07-01,
2020-07-02,
2020-07-03,
2020-07-04,
2020-07-05,
2020-07-06,
2020-07-07,
2020-07-08,
2020-07-09,
2020-07-10,
2020-07-11,
2020-07-12,
2020-07-13,
2020-07-14,
2020-07-15,
2020-07-16,
2020-07-17,
2020-07-18,
2020-07-19,
2020-07-20,
2020-07-21,
2020-07-22,
2020-07-23,
2020-07-24,
2020-07-25,
2020-07-26,
2020-07-27,
2020-07-28,
2020-07-29,
2020-07-30,
2020-07-31,
2020-08-01,
2020-08-02,
2020-08-03,
2020-08-04,
2020-08-05,
2020-08-06,
2020-08-07,
2020-08-08,
2020-08-09,
2020-08-10,
2020-08-11,
2020-08-12,
2020-08-13,
2020-08-14,
2020-08-15,
2020-08-16,
2020-08-17,
2020-08-18,
2020-08-19,
2020-08-20,
2020-08-21,
2020-08-22,
2020-08-23,
2020-08-24,
2020-08-25,
2020-08-26,
2020-08-27,
2020-08-28,
2020-08-29,
2020-08-30,
2020-08-31,
2020-09-01,
2020-09-02,
2020-09-03,
2020-09-04,
2020-09-05,
2020-09-06,
2020-09-07,
2020-09-08,
2020-09-09,
2020-09-10,
2020-09-11,
2020-09-12,
2020-09-13,
2020-09-14,
2020-09-15,
2020-09-16,
2020-09-17,
2020-09-18,
2020-09-19,
2020-09-20,
2020-09-21,
2020-09-22,
2020-09-23,
2020-09-24,
2020-09-25,
2020-09-26,
2020-09-27,
2020-09-28,
2020-09-29,
2020-09-30,
2020-10-01,
2020-10-02,
2020-10-03,
2020-10-04,
2020-10-05,
2020-10-06,
2020-10-07,
2020-10-08,
2020-10-09,
2020-10-10,
2020-10-11,
2020-10-12,
2020-10-13,
2020-10-14,
2020-10-15,
2020-10-16,
2020-10-17,
2020-10-18,
2020-10-19,
2020-10-20,
2020-10-21,
2020-10-22,
2020-10-23,
2020-10-24,
2020-10-25,
2020-10-26,
2020-10-27,
2020-10-28,
2020-10-29,
2020-10-30,
2020-10-31,
2020-11-01,
2020-11-02,
2020-11-03,0.0
2020-11-04,1.0
2020-11-05,11621.0
2020-11-06,32485.0
2020-11-07,40101.0
2020-11-08,43877.0
2020-11-09,47941.0
2020-11-10,49569.0
2020-11-11,52897.0
2020-11-12,57729.0
2020-11-13,59841.0
2020-11-14,63456.0
2020-11-15,80640.0
2020-11-16,92768.0
2020-11-17,98208.0
2020-11-18,100416.0
2020-11-19,104288.0
2020-11-20,107136.0
2020-11-21,148192.0
2020-11-22,236192.0
2020-11-23,282880.0
2020-11-24,460128.000069
2020-11-25,704224.000069
2020-11-26,739296.000069
2020-11-27,775424.000069
2020-11-28,801504.000069
2020-11-29,823392.000069
2020-11-30,839456.000069
2020-12-01,865696.000069
2020-12-02,905601.000069
2020-12-03,978850.000069
2020-12-04,993794.000069
2020-12-05,1070530.000069
2020-12-06,1111053.000069
2020-12-07,1144208.000069
2020-12-08,1189601.000069
2020-12-09,1271169.000069
2020-12-10,1313569.000069
2020-12-11,1373473.000069
2020-12-12,1411425.000069
2020-12-13,1436257.000069
2020-12-14,1461857.000069
2020-12-15,1482401.000069
2020-12-16,1502689.000069
2020-12-17,1520770.000069
2020-12-18,1540677.000069
2020-12-19,1558817.000069
2020-12-20,1626529.000069
2020-12-21,1691969.000069
2020-12-22,1788482.000069
2020-12-23,1920770.000069
2020-12-24,2003778.000069
2020-12-25,2014754.000069
2020-12-26,2025826.000069
2020-12-27,2037378.000069
2020-12-28,2079394.000069
2020-12-29,2111778.000069
2020-12-30,2125346.000069
2020-12-31,2149890.000069
2021-01-01,2170754.000069
2021-01-02,2183938.000069
2021-01-03,2196706.000069
2021-01-04,2205026.000069
2021-01-05,2241666.000069
2021-01-06,2261858.000069
2021-01-07,2286786.000069
2021-01-08,2305954.000069
2021-01-09,2332962.000069
2021-01-10,2348674.000069
2021-01-11,2360706.000069
2021-01-12,2406210.000069
2021-01-13,2432834.000069
2021-01-14,2459970.000069
2021-01-15,2504610.000069
2021-01-16,2516994.000069
2021-01-17,2534210.000069
2021-01-18,2540770.000069
2021-01-19,2593698.000069
2021-01-20,2705954.000069
2021-01-21,2778146.000069
2021-01-22,2781794.000069
2021-01-23,2793314.000069
2021-01-24,2811938.000069
2021-01-25,2825314.000069
2021-01-26,2832482.000069
2021-01-27,2840674.000069
2021-01-28,2847170.000069
2021-01-29,2858626.000069
2021-01-30,2873538.000069
2021-01-31,2879426.000069
2021-02-01,2890594.000069
2021-02-02,2898274.000069
2021-02-03,2911874.000069
2021-02-04,2934242.000069
2021-02-05,2939842.000069
2021-02-06,2947490.000069
2021-02-07,2958882.000069
2021-02-08,2974722.000069
2021-02-09,2981218.000069
2021-02-10,2999586.000069
2021-02-11,3034018.000069
2021-02-12,3045602.000069
2021-02-13,3064354.000069
2021-02-14,3068962.000069
2021-02-15,3087682.000069
2021-02-16,3094818.000069
2021-02-17,3102882.000069
2021-02-18,3134466.000069
2021-02-19,3159266.000069
2021-02-20,3168962.000069
2021-02-21,3178178.000069
2021-02-22,3190626.000069
2021-02-23,3207970.000069
2021-02-24,3212482.000069
2021-02-25,3241762.000069
2021-02-26,3291042.000069
2021-02-27,3309858.000069
2021-02-28,3317538.000069
2021-03-01,3321730.000069
2021-03-02,3333122.000069
2021-03-03,3346530.000069
2021-03-04,3353250.000069
2021-03-05,3363874.000069
2021-03-06,3410338.000069
2021-03-07,3415554.000069
2021-03-08,3427170.000069
2021-03-09,3441762.000069
2021-03-10,3459266.000069
2021-03-11,3475810.000069
2021-03-12,3481442.000069
2021-03-13,3490498.000069
2021-03-14,3497410.000069
2021-03-15,3524226.000069
2021-03-16,3526786.000069
2021-03-17,3532098.000069
2021-03-18,3538562.000069
2021-03-19,3546658.000069
2021-03-20,3553410.000069
2021-03-21,3557154.000069
2021-03-22,3559618.000069
2021-03-23,3562850.000069
2021-03-24,3567074.000069
2021-03-25,3575330.000069
2021-03-26,3580226.000069
2021-03-27,3584034.000069
2021-03-28,3596866.000069
2021-03-29,3601922.000069
2021-03-30,3607682.000069
2021-03-31,3617410.000069
2021-04-01,3622242.000069
2021-04-02,3630210.000069
2021-04-03,3645154.000069
2021-04-04,3682274.000069
2021-04-05,3699842.000069
2021-04-06,3710050.000069
2021-04-07,3722146.000069
2021-04-08,3756098.000069
2021-04-09,3762818.000069
2021-04-10,3767234.000069
2021-04-11,3779170.000069
2021-04-12,3791682.000069
2021-04-13,3811330.000069
2021-04-14,3819362.000069
2021-04-15,3826050.000069
2021-04-16,3851842.000069
2021-04-17,3861378.000069
2021-04-18,3870626.000069
2021-04-19,3874274.000069
2021-04-20,3882786.000069
2021-04-21,3898978.000069
2021-04-22,3918530.000069
2021-04-23,3934562.000069
2021-04-24,3948578.000069
2021-04-25,3961570.000069
2021-04-26,3972322.000069
2021-04-27,3994530.000069
2021-04-28,4023426.000069
2021-04-29,4041410.000069
2021-04-30,4068834.000069
2021-05-01,4076930.000069
2021-05-02,4108130.000069
2021-05-03,4114498.000069
2021-05-04,4143394.000069
2021-05-05,4193570.000069
2021-05-06,4273090.000069
2021-05-07,4301410.000069
2021-05-08,4388354.000069
2021-05-09,4417250.000069
2021-05-10,4422594.000069
2021-05-11,4433186.000069
2021-05-12,4455170.000069
2021-05-13,4497378.000069
2021-05-14,4558914.000069
2021-05-15,4587426.000069
2021-05-16,4602530.000069
2021-05-17,4612194.000069
2021-05-18,4649506.000069
2021-05-19,4676738.000069
2021-05-20,4711714.000069
2021-05-21,4729698.000069
2021-05-22,4756578.000069
2021-05-23,4808162.000069
2021-05-24,4840386.000069
2021-05-25,4871842.000069
2021-05-26,4943426.000069
2021-05-27,5068642.000069
2021-05-28,5162466.000069
2021-05-29,5166754.000069
2021-05-30,5193794.000069
2021-05-31,5202050.000069
2021-06-01,5210594.000069
2021-06-02,5218978.000069
2021-06-03,5233250.000069
2021-06-04,5300450.000069
2021-06-05,5320098.000069
2021-06-06,5335554.000069
2021-06-07,5338722.000069
2021-06-08,5347746.000069
2021-06-09,5366946.000069
2021-06-10,5423490.000069
2021-06-11,5450882.000069
2021-06-12,5470882.000069
2021-06-13,5504834.000069
2021-06-14,5528002.000069
2021-06-15,5534594.000069
2021-06-16,5559586.000069
2021-06-17,5624866.000069
2021-06-18,5654690.000069
2021-06-19,5676386.000069
2021-06-20,5696802.000069
2021-06-21,5719394.000069
2021-06-22,5725122.000069
2021-06-23,5746850.000069
2021-06-24,5880962.000069
2021-06-25,5897666.000069
2021-06-26,5916674.000069
2021-06-27,5931298.000069
2021-06-28,5933186.000069
2021-06-29,5937282.000069
2021-06-30,5981378.000069
2021-07-01,6006466.000069
2021-07-02,6042210.000069
2021-07-03,6077154.000069
2021-07-04,6084418.000069
2021-07-05,6090242.000069
2021-07-06,6114626.000069
2021-07-07,6207842.000069
2021-07-08,6220002.000069
2021-07-09,6239042.000069
2021-07-10,6254178.000069
2021-07-11,6259714.000069
2021-07-12,6261794.000069
2021-07-13,6267234.000069
2021-07-14,6279234.000069
2021-07-15,6288930.000069
2021-07-16,6300002.000069
2021-07-17,6336034.000069
2021-07-18,6349538.000069
2021-07-19,6351298.000069
2021-07-20,6353474.000069
2021-07-21,6362914.000069
2021-07-22,6375714.000069
2021-07-23,6383682.000069
2021-07-24,6409762.000069
2021-07-25,6416898.000069
2021-07-26,6418434.000069
2021-07-27,6419522.000069
2021-07-28,6430914.000069
2021-07-29,6445794.000069
2021-07-30,6453058.000069
2021-07-31,6466626.000069
2021-08-01,6472962.000069
2021-08-02,6483138.000069
2021-08-03,6485762.000069
2021-08-04,6507554.000069
2021-08-05,6536802.000069
2021-08-06,6558978.000069
2021-08-07,6568674.000069
2021-08-08,6580610.000069
2021-08-09,6588418.000069
2021-08-10,6605314.000069
2021-08-11,6630946.000069
2021-08-12,6657730.000069
2021-08-13,6671170.000069
2021-08-14,6688130.000069
2021-08-15,6717090.000069
2021-08-16,6728482.000069
2021-08-17,6742690.000069
2021-08-18,6838050.000069
2021-08-19,6935714.000069
2021-08-20,7001954.000069
2021-08-21,7026018.000069
2021-08-22,7066114.000069
2021-08-23,7094306.000069
2021-08-24,7123138.000069
2021-08-25,7142722.000069
2021-08-26,7148386.000069
2021-08-27,7155586.000069
2021-08-28,7163458.000069
2021-08-29,7201570.000069
2021-08-30,7258658.000069
2021-08-31,7270626.000069
2021-09-01,7280770.000069
2021-09-02,7303586.000069
2021-09-03,7382562.000069
2021-09-04,7403810.000069
2021-09-05,7410082.000069
2021-09-06,7476834.000069
2021-09-07,7491874.000069
2021-09-08,7513474.000069
2021-09-09,7532962.000069
2021-09-10,7549090.000069
2021-09-11,7572450.000069
2021-09-12,7639042.000069
2021-09-13,7644610.000069
2021-09-14,7649602.000069
2021-09-15,7664546.000069
2021-09-16,7674114.000069
2021-09-17,7682946.000069
2021-09-18,7689378.000069
2021-09-19,7724962.000069
2021-09-20,7729698.000069
2021-09-21,7735522.000069
2021-09-22,7745442.000069
2021-09-23,7758914.000069
2021-09-24,7767490.000069
2021-09-25,7773122.000069
2021-09-26,7780514.000069
2021-09-27,7784994.000069
2021-09-28,7787746.000069
2021-09-29,7807298.000069
2021-09-30,7813858.000069
2021-10-01,7820450.000069
2021-10-02,7824674.000069
2021-10-03,7828834.000069
2021-10-04,7837826.000069
2021-10-05,7842978.000069
2021-10-06,7899458.000069
2021-10-07,7905314.000069
2021-10-08,7915266.000069
2021-10-09,7920130.000069
2021-10-10,7924930.000069
2021-10-11,7929410.000069
2021-10-12,7934626.000069
2021-10-13,7938626.000069
2021-10-14,7943042.000069
2021-10-15,7949154.000069
2021-10-16,7973986.000069
2021-10-17,7978658.000069
2021-10-18,7981762.000069
2021-10-19,7985922.000069
2021-10-20,7988866.000069
2021-10-21,7993346.000069
2021-10-22,7998946.000069
2021-10-23,8003906.000069
2021-10-24,8008354.000069
2021-10-25,8011266.000069
2021-10-26,8017922.000069
2021-10-27,8023266.000069
2021-10-28,8029954.000069
2021-10-29,8033890.000069
2021-10-30,8054594.000069
2021-10-31,8089218.000069
2021-11-01,8091458.000069
2021-11-02,8099874.000069
2021-11-03,8132546.000069
2021-11-04,8140482.000069
2021-11-05,8146754.000069
2021-11-06,8187618.000069
2021-11-07,8192194.000069
2021-11-08,8200706.000069
2021-11-09,8208674.000069
2021-11-10,8212786.000069
2021-11-11,8220194.000069
2021-11-12,8229554.000069
2021-11-13,8239154.000069
2021-11-14,8242850.000069
2021-11-15,8247586.000069
2021-11-16,8260290.000069
2021-11-17,8304162.000069
2021-11-18,8312322.000069
2021-11-19,8321762.000069
2021-11-20,8331138.000069
2021-11-21,8337218.000069
2021-11-22,8344130.000069
2021-11-23,8358226.000069
2021-11-24,8379330.000069
2021-11-25,8390194.000069
2021-11-26,8399906.000069
2021-11-27,8412450.000069
2021-11-28,8419794.000069
2021-11-29,8431794.000069
2021-11-30,8437010.000069
2021-12-01,8451458.000069
2021-12-02,8478738.000069
2021-12-03,8492434.000069
2021-12-04,8515362.000069
2021-12-05,8523282.000069
2021-12-06,8537426.000069
2021-12-07,8546530.000069
2021-12-08,8568994.000069
2021-12-09,8579762.000069
2021-12-10,8589170.000069
2021-12-11,8597330.000069
2021-12-12,8609922.000069
2021-12-13,8618834.000069
2021-12-14,8628610.000069
2021-12-15,8650818.000069
2021-12-16,8667618.000069
2021-12-17,8679314.000069
2021-12-18,8696802.000069
2021-12-19,8709250.000069
2021-12-20,8731394.000069
2021-12-21,8746850.000069
2021-12-22,8758178.000069
2021-12-23,8767730.000069
2021-12-24,8772962.000069
2021-12-25,8787106.000069
2021-12-26,8792962.000069
2021-12-27,8798130.000069
2021-12-28,8808098.000069
2021-12-29,8813458.000069
2021-12-30,8820466.000069
2021-12-31,8831794.000069
2022-01-01,8838994.000069
2022-01-02,8852770.000069
2022-01-03,8866898.000069
2022-01-04,8887122.000069
2022-01-05,8915506.000069
2022-01-06,8931074.000069
2022-01-07,8947026.000069
2022-01-08,8963026.000069
2022-01-09,8978642.000069
2022-01-10,8984338.000069
2022-01-11,8996450.000069
2022-01-12,9005650.000069
2022-01-13,9012418.000069
2022-01-14,9021410.000069
2022-01-15,9034146.000069
2022-01-16,9045442.000069
2022-01-17,9052706.000069
2022-01-18,9060594.000069
2022-01-19,9067794.000069
2022-01-20,9097954.000069
2022-01-21,9101810.000069
2022-01-22,9110626.000069
2022-01-23,9134114.000069
2022-01-24,9182482.000069
2022-01-25,9192994.000069
2022-01-26,9212114.000069
2022-01-27,9218898.000069
2022-01-28,9234226.000069
2022-01-29,9244514.000069
2022-01-30,9258402.000069
2022-01-31,9263842.000069
2022-02-01,9271362.000069
2022-02-02,9280978.000069
2022-02-03,9286690.000069
2022-02-04,9294786.000069
2022-02-05,9313618.000069
2022-02-06,9323762.000069
2022-02-07,9330546.000069
2022-02-08,9341458.000069
2022-02-09,9358386.000069
2022-02-10,9365922.000069
2022-02-11,9384626.000069
2022-02-12,9401842.000069
2022-02-13,9406898.000069
2022-02-14,9428258.000069
2022-02-15,9435138.000069
2022-02-16,9457650.000069
2022-02-17,9471330.000069
2022-02-18,9477874.000069
2022-02-19,9491570.000069
2022-02-20,9498226.000069
2022-02-21,9505106.000069
2022-02-22,9508322.000069
2022-02-23,9524402.000069
2022-02-24,9577554.000069
2022-02-25,9588866.000069
2022-02-26,9602914.000069
2022-02-27,9617682.000069
2022-02-28,9633250.000069
2022-03-01,9656850.000069
2022-03-02,9698162.000069
2022-03-03,9722738.000069
2022-03-04,9765938.000069
2022-03-05,9796210.000069
2022-03-06,9820162.000069
2022-03-07,9833346.000069
2022-03-08,9891458.000069
2022-03-09,9934738.000069
2022-03-10,9990530.000069
2022-03-11,10028146.000069
2022-03-12,10063042.000069
2022-03-13,10085954.000069
2022-03-14,10095810.000069
2022-03-15,10135122.000069
2022-03-16,10337378.000069
2022-03-17,10400930.000069
2022-03-18,10449810.000069
2022-03-19,10500130.000069
2022-03-20,10613378.000069
2022-03-21,10628258.000069
2022-03-22,10636802.000069
2022-03-23,10662834.000069
2022-03-24,10699698.000069
2022-03-25,10720258.000069
2022-03-26,10742994.000069
2022-03-27,10756082.000069
2022-03-28,10764626.000069
2022-03-29,10776722.000069
2022-03-30,10800210.000069
2022-03-31,10866386.000069
2022-04-01,10987282.000069
2022-04-02,11028546.000069
2022-04-03,11054466.000069
2022-04-04,11094706.000069
2022-04-05,11110802.000069
2022-04-06,11178178.000069
2022-04-07,11210546.000069
2022-04-08,11259282.000069
2022-04-09,11299426.000069
2022-04-10,11318274.000069
2022-04-11,11347810.000069
2022-04-12,11364770.000069
2022-04-13,11393010.000069
2022-04-14,11464610.000069
2022-04-15,11488162.000069
2022-04-16,11559586.000069
2022-04-17,11595218.000069
2022-04-18,11597474.000069
2022-04-19,11601442.000069
2022-04-20,11670914.000069
2022-04-21,11719106.000069
2022-04-22,11771122.000069
2022-04-23,11814834.000069
2022-04-24,11828210.000069
2022-04-25,11835138.000069
2022-04-26,11850354.000069
2022-04-27,11912626.000069
2022-04-28,11981650.000069
2022-04-29,12027426.000069
2022-04-30,12059570.000069
2022-05-01,12078114.000069
2022-05-02,12132802.000069
2022-05-03,12254450.000069
2022-05-04,12315234.000069
2022-05-05,12351522.000069
2022-05-06,12373378.000069
2022-05-07,12427890.000069
2022-05-08,12446754.000069
2022-05-09,12453234.000069
2022-05-10,12519506.000069
2022-05-11,12536274.000069
2022-05-12,12555954.000069
2022-05-13,12567778.000069
2022-05-14,12581810.000069
2022-05-15,12587346.000069
2022-05-16,12591618.000069
2022-05-17,12596434.000069
2022-05-18,12604466.000069
2022-05-19,12612962.000069
2022-05-20,12639490.000069
2022-05-21,12648370.000069
2022-05-22,12657266.000069
2022-05-23,12659106.000069
2022-05-24,12662658.000069
2022-05-25,12670162.000069
2022-05-26,12680802.000069
2022-05-27,12684484.000069
2022-05-28,12696596.000069
2022-05-29,12700276.000069
2022-05-30,12711331.000069
2022-05-31,12716404.000069
2022-06-01,12737189.000069
2022-06-02,12764181.000069
2022-06-03,12775045.000069
2022-06-04,12781445.000069
2022-06-05,12787621.000069
2022-06-06,12791797.000069
2022-06-07,12799125.000069
2022-06-08,12803589.000069
2022-06-09,12806021.000069
2022-06-10,12810741.000069
2022-06-11,12818069.000069
2022-06-12,12849749.000069
2022-06-13,12867701.000069
2022-06-14,12873669.000069
2022-06-15,12878565.000069
2022-06-16,12888181.000069
2022-06-17,12896629.000069
2022-06-18,12909557.000069
2022-06-19,12916277.000069
2022-06-20,12917637.000069
2022-06-21,12927621.000069
2022-06-22,12940229.000069
2022-06-23,12949573.000069
2022-06-24,12952325.000069
2022-06-25,12957013.000069
2022-06-26,12959285.000069
2022-06-27,12964437.000069
2022-06-28,12972389.000069
2022-06-29,12974885.000069
2022-06-30,12979781.000069
2022-07-01,12984421.000069
2022-07-02,12987957.000069
2022-07-03,12992901.000069
2022-07-04,12994309.000069
2022-07-05,12996309.000069
2022-07-06,12998405.000069
2022-07-07,13003765.000069
2022-07-08,13007221.000069
2022-07-09,13010981.000069
2022-07-10,13013685.000069
2022-07-11,13019541.000069
2022-07-12,13021893.000069
2022-07-13,13024853.000069
2022-07-14,13088037.000069
2022-07-15,13094421.000069
2022-07-16,13101589.000069
2022-07-17,13104789.000069
2022-07-18,13109093.000069
2022-07-19,13119093.000069
2022-07-20,13123845.000069
2022-07-21,13134725.000069
2022-07-22,13147045.000069
2022-07-23,13149077.000069
2022-07-24,13150613.000069
2022-07-25,13151909.000069
2022-07-26,13153781.000069
2022-07-27,13162053.000069
2022-07-28,13166053.000069
2022-07-29,13174517.000069
2022-07-30,13180917.000069
2022-07-31,13184037.000069
2022-08-01,13188629.000069
2022-08-02,13190533.000069
2022-08-03,13195525.000069
2022-08-04,13197685.000069
2022-08-05,13202981.000069
2022-08-06,13206565.000069
2022-08-07,13209157.000069
2022-08-08,13213253.000069
2022-08-09,13218597.000069
2022-08-10,13235701.000069
2022-08-11,13241941.000069
2022-08-12,13261525.000069
2022-08-13,13297413.000069
2022-08-14,13301861.000069
2022-08-15,13307829.000069
2022-08-16,13311205.000069
2022-08-17,13322533.000069
2022-08-18,13327653.000069
2022-08-19,13334422.000069
2022-08-20,13337048.000069
2022-08-21,13340568.000069
2022-08-22,13343688.000069
2022-08-23,13347690.000069
2022-08-24,13360902.000069
2022-08-25,13373170.000069
2022-08-26,13375924.000069
2022-08-27,13386064.000069
2022-08-28,13388470.000069
2022-08-29,13391158.000069
2022-08-30,13397685.000069
2022-08-31,13409672.000069
2022-09-01,13413530.000069
2022-09-02,13509343.000069
2022-09-03,13513877.000069
2022-09-04,13519518.000069
2022-09-05,13522095.000069
2022-09-06,13525682.000069
2022-09-07,13539682.000069
2022-09-08,13598486.000069
2022-09-09,13614906.000069
2022-09-10,13632827.000069
2022-09-11,13637726.000069
2022-09-12,13646113.000069
2022-09-13,13700980.000069
2022-09-14,13708087.000069
2022-09-15,13712865.000069
2022-09-16,13743317.000069
2022-09-17,13763909.000069
2022-09-18,13781703.000069
2022-09-19,13801319.000069
2022-09-20,13819783.000069
2022-09-21,13840919.000069
2022-09-22,13856759.000069
2022-09-23,13912471.000069
2022-09-24,13932647.000069
2022-09-25,13947831.000069
2022-09-26,13959895.000069
2022-09-27,13984695.000069
2022-09-28,14017063.007718565
2022-09-29,14034247.007718565
2022-09-30,14054455.007718565
2022-10-01,14080071.007718565
2022-10-02,14092151.007718565
2022-10-03,14101463.007718565
2022-10-04,14113783.007718565
2022-10-05,14122567.007718565
2022-10-06,14135511.007718565
2022-10-07,14148775.007718565
2022-10-08,14167527.007718565
2022-10-09,14172327.007718565
2022-10-10,14183639.007718565
2022-10-11,14192807.007718565
2022-10-12,14199511.007718565
2022-10-13,14224231.007718565
2022-10-14,14234695.007718565
2022-10-15,14242919.007718565
2022-10-16,14251351.007718565
2022-10-17,14260247.007718565
2022-10-18,14274103.007718565
2022-10-19,14321751.007718565
2022-10-20,14352807.007718565
2022-10-21,14367927.007718565
2022-10-22,14396423.007718565
2022-10-23,14409644.007718565
2022-10-24,14419820.007718565
2022-10-25,14431207.007718565
2022-10-26,14477991.007718565
2022-10-27,14508375.007718565
2022-10-28,14551879.007718565
2022-10-29,14573271.007718565
2022-10-30,14617063.007718565
2022-10-31,14655511.007718565
2022-11-01,14678743.007718565
2022-11-02,14708999.007718565
2022-11-03,14730023.007718565
2022-11-04,14753687.007718565
2022-11-05,14769463.007718565
2022-11-06,14785351.007718565
2022-11-07,14795911.007718565
2022-11-08,14805527.013129443
2022-11-09,14827255.013129443
2022-11-10,14848759.013129443
2022-11-11,14874839.013129443
2022-11-12,14925479.013129443
2022-11-13,14937239.013129443
2022-11-14,14971495.013129443
2022-11-15,15003591.013129443
2022-11-16,15030311.013129443
2022-11-17,15046135.013129443
2022-11-18,15074391.013129443
2022-11-19,15110583.013129443
2022-11-20,15131671.013129443
2022-11-21,15158087.013129443
2022-11-22,15190935.013129443
2022-11-23,15294423.013129443
2022-11-24,15323191.013129443
2022-11-25,15340007.013129443
2022-11-26,15371047.013129443
2022-11-27,15380887.013129443
2022-11-28,15386759.013129443
2022-11-29,15398967.013129443
2022-11-30,15435031.013129443
2022-12-01,15448535.013129443
2022-12-02,15491367.013129443
2022-12-03,15512311.013129443
2022-12-04,15519047.013129443
2022-12-05,15527719.013129443
2022-12-06,15539559.013129443
2022-12-07,15555815.013129443
2022-12-08,15565479.013129443
2022-12-09,15578167.013129443
2022-12-10,15604935.013129443
2022-12-11,15618791.013129443
2022-12-12,15628023.013129443
2022-12-13,15637655.013129443
2022-12-14,15649495.013129443
2022-12-15,15659191.013129443
2022-12-16,15668631.013129443
2022-12-17,15686807.013129443
2022-12-18,15700391.031923836
2022-12-19,15709479.031923836
2022-12-20,15724055.031923836
2022-12-21,15730999.031923836
2022-12-22,15744039.031923836
2022-12-23,15752999.031923836
2022-12-24,15764871.041215394
2022-12-25,15768951.041215394
2022-12-26,15772615.041215394
2022-12-27,15784039.041215394
2022-12-28,15813639.055718731
2022-12-29,15819655.055718731
2022-12-30,15834119.055718731
2022-12-31,15846119.055718731
2023-01-01,15854791.055718731
2023-01-02,15860647.055718731
2023-01-03,15869639.068344861
2023-01-04,15876183.068344861
2023-01-05,15890519.068344861
2023-01-06,15901335.068344861
2023-01-07,15928487.068344861
2023-01-08,15940583.068344861
2023-01-09,15948711.090338126
2023-01-10,15961047.090338126
2023-01-11,15975495.106802428
2023-01-12,16002839.106802428
2023-01-13,16013271.106802428
2023-01-14,16027575.106802428
2023-01-15,16042551.106802428
2023-01-16,16059463.106802428
2023-01-17,16074823.106802428
2023-01-18,16085639.106802428
2023-01-19,16097575.106802428
2023-01-20,16132295.106802428
2023-01-21,16142487.106802428
2023-01-22,16155287.106802428
2023-01-23,16163911.106802428
2023-01-24,16233879.106802428
2023-01-25,16244807.106802428
2023-01-26,16272375.106802428
2023-01-27,16287463.106802428
2023-01-28,16296967.106802428
2023-01-29,16311191.106802428
2023-01-30,16325847.106802428
2023-01-31,16341255.106802428
2023-02-01,16374199.106802428
2023-02-02,16390647.106802428
2023-02-03,16413975.106802428
2023-02-04,16427831.106802428
2023-02-05,16450199.106802428
2023-02-06,16464439.106802428
2023-02-07,16475191.106802428
2023-02-08,16487079.106802428
2023-02-09,16510343.12340659
2023-02-10,16543687.125421597
2023-02-11,16561783.125421597
2023-02-12,16583511.125421597
2023-02-13,16594631.125421597
2023-02-14,16602919.125421597
2023-02-15,16637703.125421597
2023-02-16,16653831.125421597
2023-02-17,16683847.125421597
2023-02-18,16702663.125421597
2023-02-19,16716007.125421597
2023-02-20,16734407.125421597
2023-02-21,16773127.125421597
2023-02-22,16810823.125421595
2023-02-23,16841783.125421595
2023-02-24,16865639.125421595
2023-02-25,16881239.125421595
2023-02-26,17081463.125421595
2023-02-27,17154279.139280632
2023-02-28,17334135.139280632
2023-03-01,17406359.139280632
2023-03-02,17423319.139280632
2023-03-03,17458711.139280632
2023-03-04,17475655.139280632
2023-03-05,17486743.139280632
2023-03-06,17490823.139280632
2023-03-07,17506519.139280632
2023-03-08,17520935.139280632
2023-03-09,17534295.139280632
2023-03-10,17572215.139280632
2023-03-11,17583655.139280632
2023-03-12,17599591.139280632
2023-03-13,17616263.139280632
2023-03-14,17631319.139280632
2023-03-15,17650455.139280632
2023-03-16,17673527.139280632
2023-03-17,17692183.139280632
2023-03-18,17714663.139280632
2023-03-19,17731479.143692277
2023-03-20,17741591.163245127
2023-03-21,17772807.163245127
2023-03-22,17782583.163245127
2023-03-23,17815495.163245127
2023-03-24,17830903.163245127
2023-03-25,17843815.163245127
2023-03-26,17857751.163245127
2023-03-27,17866615.163245127
2023-03-28,17876327.168232415
2023-03-29,17901511.168232415
2023-03-30,17927447.168232415
2023-03-31,17955991.168232415
2023-04-01,18011415.168232415
2023-04-02,18020839.168232415
2023-04-03,18027863.168232415
2023-04-04,18034055.168232415
2023-04-05,18050519.168232415
2023-04-06,18072871.168232415
2023-04-07,18091671.168232415
2023-04-08,18103847.168232415
2023-04-09,18117911.168232415
2023-04-10,18127127.168232415
2023-04-11,18137079.168232415
2023-04-12,18148743.168232415
2023-04-13,18166311.168232415
2023-04-14,18262567.168232415
2023-04-15,18373831.168232415
2023-04-16,18414167.168232415
2023-04-17,18534551.168232415
2023-04-18,18625257.168232415
2023-04-19,18716292.168232415
2023-04-20,18810052.168232415
2023-04-21,18913975.168232415
2023-04-22,19018059.168232415
2023-04-23,19063385.168232415
2023-04-24,19106502.168232415
2023-04-25,19232585.168232415
2023-04-26,19319096.168232415
2023-04-27,19432028.168232415
2023-04-28,19525416.168232415
2023-04-29,19605704.168232415
2023-04-30,19643893.168232415
2023-05-01,19684774.168232415
2023-05-02,19745798.168232415
2023-05-03,19841256.168232415
2023-05-04,20037994.168232415
2023-05-05,20158746.168232415
2023-05-06,20228642.19432501
2023-05-07,20410772.19432501
2023-05-08,20591121.19432501
2023-05-09,20659848.19432501
2023-05-10,20769909.19432501
2023-05-11,20979434.19432501
2023-05-12,21199936.19432501
2023-05-13,21422402.19432501
2023-05-14,21519750.19432501
2023-05-15,21570315.19432501
2023-05-16,21657514.19432501
2023-05-17,21815815.19432501
2023-05-18,21938107.19432501
2023-05-19,22128240.19432501
2023-05-20,22268878.19432501
2023-05-21,22414641.19432501
2023-05-22,22517241.19432501
2023-05-23,22592728.19432501
2023-05-24,22812071.19432501
2023-05-25,22896429.19432501
2023-05-26,22961231.19432501
2023-05-27,23128941.19432501
2023-05-28,23209519.19432501
2023-05-29,23254018.19432501
2023-05-30,23316607.19432501
2023-05-31,23394565.19432501
2023-06-01,23505885.19432501
2023-06-02,23914825.19432501
2023-06-03,24146091.19432501
2023-06-04,24211559.19432501
2023-06-05,24234860.19432501
2023-06-06,24322459.19432501
2023-06-07,24424289.19432501
2023-06-08,24511452.19432501
2023-06-09,24627073.19432501
2023-06-10,24672540.19432501
2023-06-11,24694410.19432501
2023-06-12,24737850.19432501
2023-06-13,24789181.19432501
2023-06-14,24864499.19432501
2023-06-15,24904525.19432501
2023-06-16,24979934.19432501
2023-06-17,25019869.19432501
2023-06-18,25052979.19432501
2023-06-19,25078923.19432501
2023-06-20,25149247.19432501
2023-06-21,25207082.19432501
2023-06-22,25291487.19432501
2023-06-23,25447084.19432501
2023-06-24,25504432.19432501
2023-06-25,25540533.19432501
2023-06-26,25586123.19432501
2023-06-27,25651733.19432501
2023-06-28,25758409.19432501
2023-06-29,25787641.19432501
2023-06-30,25826440.19432501
2023-07-01,25887342.19432501
2023-07-02,25938397.19432501
2023-07-03,25966318.19432501
2023-07-04,25988126.19432501
2023-07-05,26031983.19432501
2023-07-06,26065532.19432501
2023-07-07,26113652.19432501
2023-07-08,26179327.19432501
2023-07-09,26211161.19432501
2023-07-10,26222347.19432501
2023-07-11,26251084.19432501
2023-07-12,26322530.19432501
2023-07-13,26401848.19432501
2023-07-14,26532131.19432501
2023-07-15,26629445.19432501
2023-07-16,26660749.19432501
2023-07-17,26686148.19432501
2023-07-18,26728123.19432501
2023-07-19,26765318.19432501
2023-07-20,26891772.19432501
2023-07-21,26977912.19432501
2023-07-22,27059938.19432501
2023-07-23,27109467.19432501
2023-07-24,27157575.19432501
2023-07-25,27182064.19432501
2023-07-26,27291581.19432501
2023-07-27,27354365.19432501
2023-07-28,27418151.19432501
2023-07-29,27561776.19432501
2023-07-30,27591170.19432501
2023-07-31,27625609.19432501
2023-08-01,27654893.19432501
2023-08-02,27693096.19432501
2023-08-03,27721713.19432501
2023-08-04,27746017.19432501
2023-08-05,27791382.19432501
2023-08-06,27822774.19432501
2023-08-07,27839569.19432501
2023-08-08,27866262.19432501
2023-08-09,27909688.19432501
2023-08-10,27963610.19432501
2023-08-11,28031504.19432501
2023-08-12,28136684.19432501
2023-08-13,28166647.19432501
2023-08-14,28192316.19432501
2023-08-15,28220656.19432501
2023-08-16,28275905.19432501
2023-08-17,28315469.19432501
2023-08-18,28352403.19432501
2023-08-19,28450408.19432501
2023-08-20,28515543.19432501
2023-08-21,28541580.19432501
2023-08-22,28630122.212407526
2023-08-23,28745464.212407526
2023-08-24,28778818.212407526
2023-08-25,28839559.212407526
2023-08-26,28900678.212407526
2023-08-27,28928256.212407526
2023-08-28,28948325.221214656
2023-08-29,29010297.221214656
2023-08-30,29125133.221214656
2023-08-31,29179315.221214656
2023-09-01,29239279.221214656
2023-09-02,29290936.221214656
2023-09-03,29315130.221214656
2023-09-04,29329247.221214656
2023-09-05,29370423.221214656
2023-09-06,29413302.221214656
2023-09-07,29436197.221214656
2023-09-08,29470084.221214656
2023-09-09,29514086.229561474
2023-09-10,29534859.229561474
2023-09-11,29549572.229561474
2023-09-12,29613235.229561474
2023-09-13,29643558.26499984
2023-09-14,29778269.26499984
2023-09-15,29803805.26499984
2023-09-16,29859457.26499984
2023-09-17,29871526.26499984
2023-09-18,29892503.26499984
2023-09-19,29953894.26499984
2023-09-20,30011667.26499984
2023-09-21,30095988.26499984
2023-09-22,30120194.26499984
2023-09-23,30161157.26499984
2023-09-24,30194429.26499984
2023-09-25,30219565.26499984
2023-09-26,30250533.26499984
2023-09-27,30314595.26499984
2023-09-28,30350310.26499984
2023-09-29,30381385.26499984
2023-09-30,30456806.26499984
2023-10-01,30483606.26499984
2023-10-02,30508395.26499984
2023-10-03,30551493.26499984
2023-10-04,30597231.26499984
2023-10-05,30642907.26499984
2023-10-06,30687916.26499984
2023-10-07,30749339.26499984
2023-10-08,30765542.26499984
2023-10-09,30796649.26499984
2023-10-10,30906836.26499984
2023-10-11,31000749.26499984
2023-10-12,31033746.26499984
2023-10-13,31081600.26499984
2023-10-14,31154936.26499984
2023-10-15,31206869.26499984
2023-10-16,31223721.26499984
2023-10-17,31262366.26499984
2023-10-18,31329311.26499984
2023-10-19,31383200.26499984
2023-10-20,31415538.26499984
2023-10-21,31440511.26499984
2023-10-22,31463462.26499984
2023-10-23,31477948.26499984
2023-10-24,31542644.26499984
2023-10-25,31581905.26499984
2023-10-26,31622212.26499984
2023-10-27,31664538.26499984
2023-10-28,31710898.26499984
2023-10-29,31730058.26499984
2023-10-30,31766400.26499984
2023-10-31,31892905.26499984
2023-11-01,31965943.26499984
2023-11-02,32021886.26499984
2023-11-03,32054287.26499984
2023-11-04,32164560.26499984
2023-11-05,32216528.26499984
2023-11-06,32266666.26499984
2023-11-07,32362462.26499984
2023-11-08,32433221.26499984
2023-11-09,32548695.26499984
2023-11-10,32628078.26499984
2023-11-11,32683135.26499984
2023-11-12,32707235.26499984
2023-11-13,32794365.286194883
2023-11-14,32824805.286194883
2023-11-15,32873356.286194883
2023-11-16,32900776.286194883
2023-11-17,32938020.286194883
2023-11-18,32996961.286194883
2023-11-19,33021735.286194883
2023-11-20,33059987.286194883
2023-11-21,33102305.286194883
2023-11-22,33146416.286194883
2023-11-23,33272244.286194883
2023-11-24,33350020.286194883
2023-11-25,33393014.286194883
2023-11-26,33433472.286194883
2023-11-27,33456147.286194883
2023-11-28,33517768.286194883
2023-11-29,33557564.28619488
2023-11-30,33609685.28619488
2023-12-01,33686768.28619488
2023-12-02,33780593.28619488
2023-12-03,33872357.28619488
2023-12-04,34043914.28619488
2023-12-05,34096911.28619488
2023-12-06,34142996.28619488
2023-12-07,34194743.28619488
2023-12-08,34235056.28619488
2023-12-09,34278245.28619488
2023-12-10,34293421.28619488
2023-12-11,34309062.28619488
2023-12-12,34378001.28619488
2023-12-13,34428974.28619488
2023-12-14,34510677.28619488
2023-12-15,34556656.28619488
2023-12-16,34589072.28619488
2023-12-17,34601836.32606823
2023-12-18,34643879.32606823
2023-12-19,34695534.32606823
2023-12-20,34761872.32606823
2023-12-21,34841631.32606823
2023-12-22,34886326.32606823
2023-12-23,34988944.32606823
2023-12-24,35026200.32606823
2023-12-25,35056783.32606823
2023-12-26,35109506.32606823
2023-12-27,35132765.32606823
2023-12-28,35236330.32606823
2023-12-29,35283817.32606823
2023-12-30,35346431.32606823
2023-12-31,35433390.32606823
2024-01-01,35472301.32606823
2024-01-02,35519600.32606823
2024-01-03,35575738.32606823
2024-01-04,35635594.32606823
2024-01-05,35679004.32606823
2024-01-06,35738610.32606823
2024-01-07,35763537.32606823
2024-01-08,35786092.32606823
2024-01-09,35841056.32606823
2024-01-10,35896792.32606823
2024-01-11,35994498.32606823
2024-01-12,36058271.32606823
2024-01-13,36107533.34703319
2024-01-14,36133714.34703319
2024-01-15,36149432.34703319
2024-01-16,36218803.34703319
2024-01-17,36265164.34703319
2024-01-18,36327954.34703319
2024-01-19,36431669.34703319
2024-01-20,36519176.34703319
2024-01-21,36560399.34703319
2024-01-22,36609667.34703319
2024-01-23,36651639.34703319
2024-01-24,36746492.34703319
2024-01-25,36815740.34703319
2024-01-26,36917392.34703319
2024-01-27,37058931.34703319
2024-01-28,37123083.34703319
2024-01-29,37181091.34703319
2024-01-30,37251479.34703319
2024-01-31,37336237.34703319
2024-02-01,37500662.34703319
2024-02-02,37639148.34703319
2024-02-03,37809627.34703319
2024-02-04,37848775.34703319
2024-02-05,37883079.34703319
2024-02-06,37976720.34703319
2024-02-07,38041508.34703319
2024-02-08,38228123.37119001
2024-02-09,38351558.37119001
2024-02-10,38521608.37119001
2024-02-11,38616666.37119001
2024-02-12,38678221.37119001
2024-02-13,38791778.37119001
2024-02-14,38972064.37119001
2024-02-15,39081348.37119001
2024-02-16,39178082.37119001
2024-02-17,39271494.37119001
2024-02-18,39345612.37119001
2024-02-19,39393273.37119001
2024-02-20,39437767.376960635
2024-02-21,39540223.376960635
2024-02-22,39604557.376960635
2024-02-23,39671729.376960635
2024-02-24,39736265.376960635
2024-02-25,39783819.376960635
2024-02-26,39819463.376960635
2024-02-27,39934715.376960635
2024-02-28,40097874.376960635
2024-02-29,40199684.376960635
2024-03-01,40302042.376960635
2024-03-02,40397356.376960635
2024-03-03,40462750.376960635
2024-03-04,40533768.376960635
2024-03-05,40574880.376960635
2024-03-06,40632584.376960635
2024-03-07,40728587.376960635
2024-03-08,40804465.376960635
2024-03-09,40908597.376960635
2024-03-10,40949626.376960635
2024-03-11,40990763.376960635
2024-03-12,41057176.376960635
2024-03-13,41085750.376960635
2024-03-14,41137492.376960635
2024-03-15,41213528.376960635
2024-03-16,41297726.376960635
2024-03-17,41365221.376960635
2024-03-18,41442213.376960635
2024-03-19,41517753.376960635
2024-03-20,41604096.376960635
2024-03-21,41750023.376960635
2024-03-22,41876966.376960635
2024-03-23,41936806.376960635
2024-03-24,41977516.376960635
2024-03-25,42002030.376960635
2024-03-26,42059135.376960635
2024-03-27,42139598.376960635
2024-03-28,42331606.376960635
2024-03-29,42406926.376960635
2024-03-30,42495628.376960635
2024-03-31,42561093.376960635
2024-04-01,42608509.376960635
2024-04-02,42669024.376960635
2024-04-03,42738290.376960635
2024-04-04,42825334.376960635
2024-04-05,42891324.376960635
2024-04-06,42931744.376960635
2024-04-07,42981796.376960635
2024-04-08,43037842.376960635
2024-04-09,43101043.376960635
2024-04-10,43191377.376960635
2024-04-11,43291840.376960635
2024-04-12,43437430.376960635
2024-04-13,43509986.376960635
2024-04-14,43552045.376960635
2024-04-15,43611953.376960635
2024-04-16,43727510.376960635
2024-04-17,43763591.376960635
2024-04-18,43817485.376960635
2024-04-19,43843100.376960635
2024-04-20,43889439.376960635
2024-04-21,43920880.39336879
2024-04-22,43948099.39336879
2024-04-23,44009771.39336879
2024-04-24,44051275.39336879
2024-04-25,44079589.39336879
2024-04-26,44126775.39336879
2024-04-27,44160190.39336879
2024-04-28,44189627.39336879
2024-04-29,44211527.39336879
2024-04-30,44232028.39336879
2024-05-01,44246365.39336879
2024-05-02,44258879.39336879
2024-05-03,44274284.39336879
2024-05-04,44305050.39336879
2024-05-05,44321213.39336879
2024-05-06,44351040.39336879
2024-05-07,44362325.39336879
2024-05-08,44414212.39336879
2024-05-09,44446677.39336879
2024-05-10,44481423.39336879
2024-05-11,44507948.39336879
2024-05-12,44521054.39336879
2024-05-13,44549397.39336879
2024-05-14,44566456.39336879
2024-05-15,44584300.39336879
2024-05-16,44628762.39336879
2024-05-17,44656251.39336879
2024-05-18,44676849.39336879
2024-05-19,44696065.39336879
2024-05-20,44726283.39336879
2024-05-21,44853007.39336879
2024-05-22,44982484.39336879
2024-05-23,44998781.39336879
2024-05-24,45030146.39336879
2024-05-25,45051417.39336879
2024-05-26,45062069.39336879
2024-05-27,45075192.39336879
2024-05-28,45097849.39336879
2024-05-29,45263114.39336879
2024-05-30,45386620.39336879
2024-05-31,45442756.39336879
2024-06-01,45507870.39336879
2024-06-02,45553014.39336879
2024-06-03,45587636.40203764
2024-06-04,45647692.40203764
2024-06-05,45716665.40203764
2024-06-06,45767249.40203764
2024-06-07,45822965.40203764
2024-06-08,45877067.40203764
2024-06-09,45905674.40203764
2024-06-10,45944305.40203764
2024-06-11,45984412.40203764
2024-06-12,46066789.40203764
2024-06-13,46126742.406973645
2024-06-14,46223519.406973645
2024-06-15,46280312.406973645
2024-06-16,46300569.406973645
2024-06-17,46317599.406973645
2024-06-18,46397913.406973645
2024-06-19,46423289.41071811
2024-06-20,46510810.41071811
2024-06-21,46584331.41071811
2024-06-22,46627260.41071811
2024-06-23,46692236.41071811
2024-06-24,46741855.41071811
2024-06-25,46783992.41071811
2024-06-26,46850194.41071811
2024-06-27,46885144.427169755
2024-06-28,46977816.427169755
2024-06-29,47019796.427169755
2024-06-30,47031505.427169755
2024-07-01,47043778.427169755
2024-07-02,47083380.427169755
2024-07-03,47126607.427169755
2024-07-04,47208877.427169755
2024-07-05,47254046.427169755
2024-07-06,47296149.427169755
2024-07-07,47309032.427169755
2024-07-08,47327727.427169755
2024-07-09,47366216.427169755
2024-07-10,47415900.427169755
2024-07-11,47471520.427169755
2024-07-12,47564098.427169755
2024-07-13,47623519.427169755
2024-07-14,47658141.427169755
2024-07-15,47664460.427169755
2024-07-16,47719276.43688482
2024-07-17,47774732.43688482
2024-07-18,47841831.43688482
2024-07-19,47885705.43688482
2024-07-20,48001429.43688482
2024-07-21,48154761.43688482
2024-07-22,48216683.43688482
2024-07-23,48251842.43688482
2024-07-24,48322111.43688482
2024-07-25,48382946.43688482
2024-07-26,48418272.43688482
2024-07-27,48473466.43688482
2024-07-28,48527179.43688482
2024-07-29,48555636.43688482
2024-07-30,48665324.43688482
2024-07-31,48792783.43688482
2024-08-01,48849344.43688482
2024-08-02,48902601.43688482
2024-08-03,48926396.43688482
2024-08-04,48935447.43688482
2024-08-05,48942129.43688482
2024-08-06,48969783.43688482
2024-08-07,49000374.43688482
2024-08-08,49046332.43688482
2024-08-09,49080082.43688482
2024-08-10,49122457.43688482
2024-08-11,49136174.43688482
2024-08-12,49150193.43688482
2024-08-13,49208691.43688482
2024-08-14,49295796.43688482
2024-08-15,49330413.43688482
2024-08-16,49435432.43688482
2024-08-17,49483983.43688482
2024-08-18,49496278.43688482
2024-08-19,49508264.43688482
2024-08-20,49590599.43688482
2024-08-21,49616419.440967225
2024-08-22,49639899.440967225
2024-08-23,49658755.440967225
2024-08-24,49681599.440967225
2024-08-25,49693347.440967225
2024-08-26,49717576.440967225
2024-08-27,49760151.440967225
2024-08-28,49805735.440967225
2024-08-29,49899694.440967225
2024-08-30,49980723.440967225
2024-08-31,50043237.440967225
2024-09-01,50082764.440967225
2024-09-02,50100840.440967225
2024-09-03,50130261.440967225
2024-09-04,50224929.440967225
2024-09-05,50262082.440967225
2024-09-06,50295996.440967225
2024-09-07,50321333.440967225
2024-09-08,50339408.440967225
2024-09-09,50354544.440967225
2024-09-10,50379659.44384077
2024-09-11,50391738.44384077
2024-09-12,50498640.44384077
2024-09-13,50531621.44384077
2024-09-14,50642496.44384077
2024-09-15,50649760.44384077
2024-09-16,50671904.45543332
2024-09-17,50697855.45543332
2024-09-18,50711912.45543332
2024-09-19,50733934.45543332
2024-09-20,50745992.45543332
2024-09-21,50778151.45543332
2024-09-22,50794055.45543332
2024-09-23,50806184.45543332
2024-09-24,50832872.45543332
2024-09-25,50892861.45543332
2024-09-26,50955853.45543332
2024-09-27,50985632.45543332
2024-09-28,51056712.45543332
2024-09-29,51067686.45543332
2024-09-30,51082786.45543332
2024-10-01,51120096.45543332
2024-10-02,51175271.45543332
2024-10-03,51262996.45543332
2024-10-04,51321242.45543332
2024-10-05,51368824.45543332
2024-10-06,51414791.45543332
2024-10-07,51434953.45543332
2024-10-08,51491217.45543332
2024-10-09,51518064.45543332
2024-10-10,51528369.45543332
2024-10-11,51546632.45543332
2024-10-12,51583240.45543332
2024-10-13,51625834.45543332
2024-10-14,51638795.45543332
2024-10-15,51675947.45543332
2024-10-16,51738310.45543332
2024-10-17,51777349.45543332
2024-10-18,51831123.45543332
